Date,AAPL,MSFT,NVDA,TSLA,JPM,BAC,PFE,XOM,WMT,VZ,^GSPC
2020-01-03,-0.009721921179797977,-0.012451781619112534,-0.01600615143322892,0.02963325829792085,-0.013196183676281503,-0.020763084896101458,-0.005365368197308262,-0.00803941340704828,-0.008827741519355392,-0.010647010944707547,-0.007059870562045378
2020-01-06,0.007968134703878249,0.002584770583419882,0.004193692681656369,0.01925463704513497,-0.000795466578196069,-0.001432353051311508,-0.0012842921604085955,0.007678223355787717,-0.0020356950294467824,-0.002152501641357163,0.0035333728907271933
2020-01-07,-0.004703081274819443,-0.009117721903290188,0.012106719739228833,0.03880052465815398,-0.017000341502988126,-0.006600121229463629,-0.003343879514991599,-0.008183943432094054,-0.009265020456392214,-0.011116545011426338,-0.0028032386528962228
2020-01-08,0.016086292974628602,0.015928228472572803,0.001875432821401457,0.04920482578812169,0.007801317376222139,0.01010988755714326,0.008000170372481907,-0.015080451189727895,-0.0034315749300670717,0.0018455518727877873,0.004902451368978156
2020-01-09,0.02124100356163927,0.01249300728774716,0.010982720031051274,-0.021945011900097344,0.0036508510166826103,0.0017159962897377312,-0.004352060503611255,0.007655602867565836,0.010330819352091014,-0.004145701621905862,0.006655262605488987
2020-01-10,0.002260411983692867,-0.0046271588320594415,0.005349300117908573,-0.006627297633174156,-0.00996767202434845,-0.008279008735683546,0.015427851108217538,-0.00888766099023064,-0.008350642171478073,0.0023787276661906276,-0.002855178689662563
2020-01-13,0.021364591069291228,0.01202432759734351,0.03135235757823418,0.0976889588509331,0.008304071241583832,0.00921141583832874,-0.0020256580558086767,0.009545925405307853,-0.004296102557282189,0.002712626436510268,0.006976215252569862
2020-01-14,-0.01350319461899152,-0.007043143281233566,-0.01865229745778796,0.024882822120200876,0.011661867263970338,0.0074159399476252386,0.016746807890770876,-0.008595983506050953,0.0025888911054894326,-0.0018598390880882887,-0.001514532772802224
2020-01-15,-0.004285442615463486,0.0064762057236253945,-0.006915173867228619,-0.03610201351305786,-0.014985243658885539,-0.01840340319510625,0.014973666985188983,-0.0015895095470226384,-0.007746618165601626,0.0010162802932296433,0.0018701968845122874
2020-01-16,0.012526428690841307,0.01832337675056306,0.013682551830871637,-0.009662477636014799,0.003876362255674115,0.0014423065151352166,-0.001475147460455295,-0.003907976784147005,0.005378258366152577,0.00964467509678446,0.00836655302646827
2020-01-17,0.011070881639767993,0.005596982121539584,0.0014058463605037819,-0.005822894156913949,0.006921793856182967,-0.0002880587209986851,-0.0024624604255927274,-0.00377805072771642,-0.008110530615432654,0.007708912324533523,0.003862162248501333
2020-01-21,-0.006776770215288885,-0.00359060582597992,-0.005375561349022839,0.07189030619278935,-0.009841036992909724,-0.012964446709646138,-0.004196625489601202,-0.014293914253203921,0.0054799082357082085,0.0031600355715160067,-0.0026519776473655776
2020-01-22,0.0035694153670091655,-0.004805243381059365,0.008752460810009799,0.04086264444061727,-0.0011691555964272737,0.002919003044980606,-0.0037182766096481856,-0.005771058809016738,0.004412212153507067,0.002652450840910703,0.0002890760711180551
2020-01-23,0.0048157164563586985,0.006155965678330988,0.010994839767269227,0.004635122144013071,-0.0010243655349596592,-0.006985126414553622,0.012938513133718743,-0.006250903754738912,-0.0024979428800713244,0.0004957692121236867,0.0011409766124783616
2020-01-24,-0.002881933035669526,-0.010076883729806418,-0.009412148827137812,-0.012897603180825445,-0.024827791569709157,-0.016998718097040344,-0.021861739379808953,-0.006739453962926412,-0.012433976818137404,-0.003800858877234914,-0.009042160974207403
2020-01-27,-0.029405319094304105,-0.016723400172357183,-0.04104130482063162,-0.012039272835579373,-0.008411572978729853,-0.020572329687721602,0.00853820236478775,-0.023823890422843608,0.013028015546252103,-0.006138205350522119,-0.015730711659182384
2020-01-28,0.028289403188851203,0.01959597677739322,0.032348034330605735,0.015913383222044608,0.01817753618950424,0.011871900308543681,-0.0502985596220662,-0.0013901080454337134,0.00638706994946614,0.013186588801847421,0.010053584595046017
2020-01-29,0.020932350980549463,0.015592963839699214,-0.009799657110243665,0.024854513769903663,-0.0014876614592020942,-0.00691933433632641,-0.01468280639962194,-0.008352811902640589,-0.006089511780729917,-0.019275145896442414,-0.0008668741908683941
2020-01-30,-0.001449177547544589,0.028207392800322362,0.00109964411560326,0.10296225866535558,0.012366780432676805,0.0142380711006862,-0.0034946599630418795,0.0106067470448592,0.005954099385020006,-0.0028556062659348402,0.003134358792605374
2020-01-31,-0.04433864559914802,-0.014758486954487449,-0.038159499713646516,0.015230690473505115,-0.025976870783563477,-0.01941448994885464,0.004585898312939429,-0.04121023158842152,-0.01792741521898278,0.0013476739905393664,-0.01770582037552626
2020-02-03,-0.0027463402856042762,0.024378806966104838,0.016495609173213133,0.19894859376394924,0.007630714233760605,0.004264376219384802,0.007250107240665216,-0.02237600801320494,-0.0019217515786089656,-0.023384990841315068,0.007254613892351713
2020-02-04,0.03301399808544603,0.03291650949181801,0.028294261404092858,0.13725640223576474,0.014396179996975844,0.019715074697100432,0.004798832867908054,-0.012514368548452226,0.008750969536875042,0.004134449435424292,0.014980414164082134
2020-02-05,0.008153960412024874,-0.0012213315758394794,0.014688439702665423,-0.1717583947927872,0.017000152733556817,0.032420922003629116,0.01273531171746245,0.04602286893060681,0.013360371224343082,0.014410708925042925,0.01125059589785371
2020-02-06,0.011697158784168105,0.02073400908145895,0.013917853127380475,0.01940931694254444,0.00014552014558044668,-0.0011525025304919279,0.002357963866743029,-0.013549947261245032,-0.004280286748172268,0.005242665978292038,0.003325672876785646
2020-02-07,-0.013592858148287257,0.0014153780859809117,-0.010462272768116287,-0.001188323805631386,-0.003197499071517007,-0.0017303940968527165,-0.005488687254510238,-0.006625752387021566,0.0012031807054231347,0.008411764868891725,-0.005400853672730133
2020-02-10,0.0047497838516039614,0.026157361484428376,0.045232490265253444,0.031026496329857656,0.004155578233531854,0.002311664741355024,-0.006307804850308352,-0.010560941411028035,-0.01030477124039153,0.005005196552047009,0.007326397804890528
2020-02-11,-0.006033471584418804,-0.02257567061861665,0.018709157353009598,0.004019260937028868,0.0018876031308681096,0.002306140079447294,0.00740563948030748,0.009506329013990067,0.0013016844332471855,-0.025730586396840005,0.0016884725532351208
2020-02-12,0.023747693035478745,0.0014640377352050926,0.017357867041834618,-0.009155657933695438,0.0,0.004314023657644439,-0.00918878375483112,0.012225346516267832,0.0038993267104041607,-0.007837636371393009,0.006462646466197652
2020-02-13,-0.007120825599272407,-0.0054140369247962505,-0.006457668071736644,0.0478436525517798,-0.0008695449584258386,-0.00028653678236023605,-0.02146260009364709,-0.005549150108393963,0.013724948052276087,0.00721282544934132,-0.0016304457368023773
2020-02-14,0.0002461259244437297,0.008927209475118936,0.07020442085504008,-0.00493775566834842,-0.003046088787281742,-0.0017184336209419282,-0.011372862899696856,-0.004595505509325304,0.0038314861503325748,-0.0023873073623824625,0.0018435333204338544
2020-02-18,-0.01831056969383149,0.010142732603456883,0.023396364695932315,0.0729597130158357,-0.013240136041818173,-0.016642961793744804,-0.005204080021485646,-0.012695694007387015,0.014759557850645422,-0.010254581093366522,-0.002919942636890105
2020-02-19,0.014482707034340292,0.0029991105955009534,0.061132267118838124,0.06875580895325561,0.013638841391932388,0.013130897977156497,-0.0024777684242230924,0.007681711830640259,-0.016300037320830518,0.0053533989480172295,0.004705785881164548
2020-02-20,-0.010258954893079819,-0.01527099447993474,-0.01906551266314349,-0.019631105097986157,0.0,0.0037445703472596126,-0.010488596607253431,-0.007954648828872979,8.499410034690236e-05,-0.0022331107735735767,-0.00381551976362815
2020-02-21,-0.022635033263974202,-0.03161278788872324,-0.047392403112624826,0.0017678087791648256,-0.012218983608310419,-0.014060361401236232,-0.003626182098631192,-0.012195272764931375,0.007562132312244341,0.0018935879919639298,-0.01051810302712286
2020-02-24,-0.04750038085713604,-0.04311545177378717,-0.0706976091283793,-0.07459490327646512,-0.02687560434749159,-0.04743907088462884,-0.029395279622291492,-0.046845728179938706,-0.01905918791717176,-0.0036083192475737658,-0.03351362667122315
2020-02-25,-0.03387210560411347,-0.016501628712977112,-0.04109324523214164,-0.040633739641448896,-0.04464307191043182,-0.05041255402639466,-0.02134416001149897,-0.038325198005704775,-0.01659200590048815,-0.015002412963593614,-0.030279995565056117
2020-02-26,0.015863598504828325,0.012494606219286553,0.021370073669185974,-0.026390470576789893,0.003009628292737654,-0.014478850024032042,0.023283213757464116,-0.021955721922867988,-0.0053325560036422415,0.00035008290678395504,-0.0037785406053220116
2020-02-27,-0.06536831001247545,-0.0704590192221678,-0.05566578954082624,-0.12814583958462689,-0.041613930143896805,-0.04897130659753757,-0.017857305856665007,-0.06017759191023997,-0.029706228747004793,-0.036401838320220814,-0.04416324258407911
2020-02-28,-0.000584897354096281,0.02421282100080302,0.06916066447411606,-0.016215047800994253,-0.04333861869407474,-0.02162729619341075,-0.01994126551707076,0.03251742589785889,-0.02463799841927783,-0.016345730610760056,-0.008238340444361891
2020-03-02,0.09310073891420578,0.06653932605929169,0.023549506854406488,0.11322034293215233,0.04659381006409258,0.030526508532203067,0.043686575004892925,0.04743395077500834,0.0761517101023339,0.05834554760239752,0.046039229006110016
2020-03-03,-0.031758958860539255,-0.047919576375304085,-0.03812882360222991,0.0025416095259802596,-0.03752470343981262,-0.05515834541012932,-0.016628426713388045,-0.04788436204203006,-0.02562986010493451,-0.02826227827973571,-0.028107896121075893
2020-03-04,0.046384347015646865,0.036715196611841305,0.07002890548287066,0.0053520173720666975,0.02470932454760333,0.023062903218016073,0.061224372754831835,0.02183229330765868,0.034186301295840105,0.0434466485013838,0.04220259077449118
2020-03-05,-0.03243676394856332,-0.025095246819592076,-0.03943638170183805,-0.033302230445070524,-0.04906123647876637,-0.050691250041507874,-0.02582417005051374,-0.044066804671039406,-0.007279302576300939,-0.016517221495013445,-0.033922077046888544
2020-03-06,-0.013280026498769248,-0.028267068146720975,-0.026528561363418857,-0.029066704869448956,-0.05168038287036114,-0.03995509034152234,-0.0124083888471892,-0.048293946531605125,0.011300907228436907,-0.005073514473559748,-0.01705385200037013
2020-03-09,-0.07909257145031567,-0.06777286293671247,-0.07743190798867439,-0.13572525720249962,-0.13545523573677476,-0.14702474738592253,-0.035979345596459655,-0.12224776350673616,-0.0005972426798577235,-0.018287234532474828,-0.07596969747745097
2020-03-10,0.07202193601765283,0.06838381397418836,0.06372220395819816,0.061398023823663106,0.07769689606563057,0.07660767072726848,0.02458522871194102,0.03702804107995106,0.022448401810598817,0.01235899441627586,0.04939630628156144
2020-03-11,-0.03473052539216592,-0.04530161326723825,-0.05595986248106388,-0.017200452670558586,-0.047070352665097626,-0.03981372593632515,-0.0699622174453749,-0.032941705189702186,-0.04474541400576526,-0.029901185868663194,-0.048868445131273974
2020-03-12,-0.09875480611014542,-0.0948383321778945,-0.1223675734486227,-0.11617242301113506,-0.08243052980493948,-0.09527988264797205,-0.06683257973504697,-0.1143401720975159,-0.09071033182412314,-0.06620455427811123,-0.09511268097833658
2020-03-13,0.11980805430907004,0.14216890455469677,0.11340155842627331,-0.0248505535904755,0.18012523845945472,0.1779617294074749,0.08960703858008157,0.025282265126253423,0.09658793410985056,0.05800778784779603,0.09287124972971839
2020-03-16,-0.1286467430270255,-0.147390487688987,-0.18452059951000532,-0.18577806455584012,-0.1496487437577695,-0.15397356119716699,-0.07734647701969455,-0.09522529357500364,-0.06432952439351247,-0.058703932286002236,-0.11984055240393443
2020-03-17,0.04397001210426832,0.08233684110169515,0.10626253433184352,-0.03341046380880208,0.06111383724815367,0.0753425520384794,0.065606441737313,0.06726565563916043,0.11708516619865694,0.06511072980506194,0.05995484974402432
2020-03-18,-0.024479977262285124,-0.04209620596622676,-0.0665072161688346,-0.1603440409986845,-0.10526901834167801,-0.054140180457169285,0.006218917729573503,-0.10024450145343744,0.027838337533028223,0.00018389591430589824,-0.051830762729157875
2020-03-19,-0.007661937890782067,0.016453242479856023,0.05004467498135834,0.1838768421567878,0.016807845376477948,0.019721084123098143,-0.05995069055511881,0.039553133853057254,-0.02122255753885116,-0.012886620863203802,0.0047078080405855705
2020-03-20,-0.06348546027584889,-0.037558751115913,-0.03390133967257969,-0.0002571736151377735,-0.021101923830471048,-0.07216967213955838,-0.04635089482459842,-0.04908498779720449,-0.04587683596284764,-0.03394255847937799,-0.04335951230846191
2020-03-23,-0.021244335187465158,-0.009974587381923694,0.03372988253534337,0.015811747064244486,-0.05353322184431908,-0.0808339762100263,-0.01792503828325276,-0.039401411949427256,0.002719961188346831,-0.028764350402896155,-0.02929386782180443
2020-03-24,0.10032531170129078,0.09089558403760734,0.17156438010963715,0.16281749323562988,0.11894251027820424,0.16316393336955204,0.04247101618275906,0.12686825392225054,0.006562852054974533,-0.0063605096396409655,0.09382773976227554
2020-03-25,-0.005508610348035514,-0.009572569284411192,-0.014286849621985231,0.06782176450892674,0.03731764675604432,0.0033284134921236497,0.0016836892249869617,0.0522005547123765,-0.04894369435904766,-0.0010003664056136286,0.011535011448221999
2020-03-26,0.05262289346362614,0.06255101241391103,0.047308937261714146,-0.020565621439638027,0.06966083235650689,0.07677749190566718,0.06722683673561214,0.0410299500322997,0.003838831213057725,0.07208652225328493,0.062414163303876835
2020-03-27,-0.04140210498202235,-0.041060812240572786,-0.01753239600866696,-0.026128393930185068,-0.07123913557713635,-0.04929606775351536,-0.026771792578885845,-0.04817105803302513,-0.0021852938789556076,-0.014381785751387266,-0.033687352562252526
2020-03-30,0.028537906685230707,0.07034077545202,0.05088439725177829,-0.02377714859552571,0.026006862224132066,0.02037065926244286,0.057281551166163513,0.014885240199859151,0.05119538829161496,0.03790038958553987,0.03351600948370015
2020-03-31,-0.0020407429204695182,-0.015727320505165454,-0.007492762397903419,0.04355446239344318,-0.037112223463833915,-0.0367514690979307,-0.0009182254198246698,0.012533190538619232,-0.013629425129959682,-0.018988509853845148,-0.016012721914555605
2020-04-01,-0.052617237162849384,-0.035508535259012874,-0.07788312792708718,-0.08099239055277141,-0.06297905055238806,-0.06877063013822382,-0.027267062798383646,-0.011588191222794753,0.004576411100259081,-0.015075270074233926,-0.04414243033166543
2020-04-02,0.016686824684801316,0.020708873716668963,0.051014092238385045,-0.05625466454987249,0.037339868264371745,0.04046513351283254,0.035275539896698405,0.07647215185474288,0.03951309905658551,0.044028700485064576,0.02282934723487151
2020-04-03,-0.014371496159493291,-0.009210097793327932,-0.04524992375889081,0.05619734693587186,-0.0295579710234668,-0.026251549507680938,0.023425796561614254,-0.02945550956658527,0.006995496218522801,-0.009954717765649823,-0.015137125124949469
2020-04-06,0.08723761167342614,0.07436799998660493,0.10040597692220077,0.0754775752334993,0.06436665949901754,0.06789810347309633,0.027645581175499867,0.03213501102181504,0.05515565644452236,0.03656302964267488,0.07033131865275055
2020-04-07,-0.011582411154313466,-0.010770446393035704,-0.034910749641301475,0.05658223700690801,0.013190123518465269,0.03506287839635691,-0.027769859325881052,0.01902609484458595,-0.03236285768336222,0.0049384346717273875,-0.0016030527844311804
2020-04-08,0.025594655125396715,0.01003095681357613,0.030575693443470886,0.006214994497730331,0.040379798513703324,0.05916926611060358,0.029455351922266892,0.06328802926956256,-0.001229653976534184,0.01439088157049806,0.03405645287963033
2020-04-09,0.007216005635017453,6.0540282538879e-05,-0.014984152937261408,0.04402015748241661,0.0897136022282976,0.06012772719020054,0.022832515178142332,-0.016419447972676582,-0.00032845446492213437,0.0044592540564603045,0.014487410153376512
2020-04-13,0.01962784515896221,0.0022406347123009596,0.0262404854245204,0.13603839302984921,-0.044472603479670414,-0.037811654186093335,-0.007064311427845804,-0.008579067686667607,0.02873546303075325,-0.013405283127357226,-0.010104660822607414
2020-04-14,0.05050295108588165,0.04948343288197066,0.05225149857060618,0.09054457315006381,-0.027395919755470066,-0.007943162318485908,0.03699511596796534,-0.00771726507229753,0.0295293272655206,0.025939553839175566,0.030572589146256046
2020-04-15,-0.009126995005954819,-0.010477766893203788,-0.010952586837802869,0.028088878270565276,-0.04931971181452077,-0.06489663678419944,-0.012897985281166813,-0.04595793776629531,-0.0018601861401947861,-0.020811740667320056,-0.022030438529415775
2020-04-16,0.007945469414603945,0.03002088146083115,0.04935190731440109,0.02107340162500071,-0.03810958275916354,-0.03470039782098777,-0.0025020295142412774,-0.03285590690567197,0.027725872689442044,0.012822711114482521,0.005816689462164515
2020-04-17,-0.013568726700368128,0.008811393461002792,-0.008075846054257818,0.011647723586206249,0.08988862600667091,0.08683470515540836,0.028706736757992735,0.10395923868774481,-0.0015868681440499577,0.01387446030392847,0.026793594848223412
2020-04-20,-0.02075671128151524,-0.01982068561087158,-0.01802842941611893,-0.009988248360572882,-0.036457118870007355,-0.03350533821572055,-0.022487281426700645,-0.04720063226789395,-0.01718162001550194,-0.0056448682888844415,-0.01788104803401469
2020-04-21,-0.030910110554085102,-0.0413573221170942,-0.06110432614191896,-0.0799077799617377,-0.02900437402275502,-0.038222469259891145,-0.01274930766171578,-0.005342200762925353,-0.004928887872761689,-0.022535615860894587,-0.030674795694063395
2020-04-22,0.028803420242756284,0.03396518970463691,0.06174158947382358,0.06609682849410836,0.0032566296427674057,0.0073940274369481696,0.017686453915424005,0.028564213401438776,0.018419902685343548,0.020591198429507962,0.022930247703843776
2020-04-23,-0.0038752781975852635,-0.01210235638256918,-0.007478640852995211,-0.036169462779073736,0.0005594686008751903,0.0032109527968351426,0.012138200571984337,0.03133186421018075,-0.023254199264762687,-0.006897612504693229,-0.0005394221197431159
2020-04-24,0.02886940589904352,0.018258960228715093,0.019647477377304323,0.02766324531628772,0.014766931935683791,0.01417497141528945,0.018806193586743625,0.0064442850172286015,0.007080087393421586,0.005903890091112363,0.013918057304545428
2020-04-27,0.0007068726697716521,-0.0028642077236770147,0.025864106298748135,0.10149622245552825,0.043104222980562934,0.058160213155569185,0.025414567192516113,0.004801978692982933,-0.008807435684813125,-0.002071689088163242,0.014714069804799612
2020-04-28,-0.016209421339707597,-0.024361126934969612,-0.01925415392843466,-0.037095477323576875,0.007081296900768308,0.01789543922138148,-0.010957184838022882,0.02344095882703967,-0.002338065282267765,0.00034607662059338296,-0.005242380698498916
2020-04-29,0.032844875733114565,0.04487376078924976,0.02436861116069644,0.040812876924676944,0.02697011014854689,0.03725404293415102,0.005539431551006224,0.05537056619510339,-0.0343750999816107,0.005014449312806368,0.026583916282167053
2020-04-30,0.02109624508959218,0.010032126649168527,-0.0207061733451126,-0.023272674923369818,-0.02145911535392242,-0.029459384260869248,0.0062956472230089044,-0.02085979169600094,-0.01658556785999754,-0.011527571454287622,-0.009212446303987654
2020-05-01,-0.016099167455071672,-0.025891323793852505,-0.03250315240935897,-0.1030337133662409,-0.026211704941579095,-0.04033256380711314,-0.018769563499069886,-0.07165894652337801,0.011271209490906653,-0.010792007702052686,-0.028059034078492195
2020-05-04,0.014148638161734173,0.024460180082447103,0.030094050305195186,0.08536758793631605,-0.011903219127660902,-0.006499320887522253,-0.000531176573530634,0.0403334923626808,0.00634549906729398,-0.01038201363500757,0.004249827591976452
2020-05-05,0.015009036815117005,0.010735619230049176,0.008410865100253906,0.009222447764407393,-0.0015197229304324544,-0.011774650821534505,0.02365769052143296,-0.0011136579686519266,0.008326580424651953,0.004800962182172075,0.009040556385797371
2020-05-06,0.01031718180705865,0.009847135136386687,0.013787563227560806,0.018705825945557253,-0.01880413011357851,-0.013680586603616818,0.0,-0.018737614645096268,-0.011464865814275638,-0.01539560646815763,-0.006979410390386298
2020-05-07,0.010344810185879183,0.0058074202270124164,0.023775225089774032,-0.003245695176505081,0.01041335268131438,0.021923747786917414,-0.030684472093490234,0.005683120363232597,-0.00708703205685457,-0.0010782334310943664,0.011504630788313985
2020-05-08,0.023801781949698064,0.005882262681209394,0.025027026333634517,0.05048456274844226,0.016335777112880256,0.03196182743311149,0.0070341617986759974,0.04385163505098366,0.008614533119085888,0.0255487978657567,0.016871538638701944
2020-05-11,0.015735414775260637,0.011154499648362792,0.03238357027259586,-0.0099216488475673,-0.029449888146002468,-0.04200265620959154,0.023643578748455463,-0.00952812265613634,0.005937349516127899,-0.010526404068524675,0.00013307822091168653
2020-05-12,-0.011428026545960424,-0.022651949561798057,-0.03260754209812189,-0.002317270311292141,-0.03267757044953046,-0.03144399786554419,-0.019422531963222633,-0.016715023384187844,0.0008896699082132642,-0.016666846454853057,-0.020500317528877154
2020-05-13,-0.012074605918943493,-0.01512253319895629,-0.0028836959661733275,-0.02279437261341355,-0.034470710428387896,-0.045724574832564424,-0.00829766126539444,-0.04963718058404709,-0.0005654865006117227,-0.010998925221236688,-0.01746272460422804
2020-05-14,0.006143671363834091,0.004339409085201806,0.03219783749379812,0.01563919280204029,0.04153257811883382,0.040248982030361535,0.023481541763305414,0.008824164239237042,-0.0023440696310597087,0.0010940603722855435,0.01152482269503552
2020-05-15,-0.005912078139097998,0.014568238525612731,0.05731278985354149,-0.005178425650618879,-0.018509987000053796,-0.012436228402317728,-0.004219073662863226,-0.0070921107844066356,0.02041799559847135,-0.0036421568976608976,0.0039263632504382695
2020-05-18,0.023561250893965324,0.009554713103281376,0.030562758315806127,0.018093785504579962,0.052968485912616714,0.0694957761419972,0.008209546683925373,0.07952364922324295,0.013657245040223698,0.018460742611810632,0.03150119163168075
2020-05-19,-0.005778516583550997,-0.00692222179369395,0.0063139533011298266,-0.006907343337870575,-0.01967936381885771,-0.03139968196922749,-0.010244349889765636,-0.03087779488029352,-0.021228258899504193,-0.02404847540903854,-0.010484399194493177
2020-05-20,0.01944809037983042,0.013870461819804447,0.018681608644366854,0.00934395713390801,0.029998874019063537,0.031517375754150256,-0.0013267954383107128,0.0325442732555099,0.004001579803274424,-0.0022069315210915263,0.01665110025908012
2020-05-21,-0.00745534042852336,-0.012011104493470315,-0.021711277284692576,0.01476284478490908,-0.012701027174543356,-0.0004365935971503143,-0.009832595632860208,-0.017852781651337413,-0.00366683977743687,-0.005344772195691516,-0.007773596407737116
2020-05-22,0.006438191974328822,0.000436017800938604,0.02860301193567172,-0.012953077701596039,-0.00776294109332043,-0.01048020584889664,0.0064410004158621526,0.000897551223944637,-0.005280454752097152,0.0024089977788182004,0.002353711326488428
2020-05-26,-0.0067734873862700384,-0.010571579112844676,-0.03417786229840214,0.0024360442933193394,0.07097333648359672,0.07149153209168957,-0.00026669053920902464,0.029372319646653544,-0.003780113292755294,0.003696486841394453,0.012289184036080147
2020-05-27,0.004357012508287017,0.001321718408993755,-0.02208166028453462,0.0016608447192640874,0.05792090983631781,0.07001635675741813,-0.002133804831178865,0.00718802527349327,-0.011141632904142718,0.015469887955182005,0.014827297215913804
2020-05-28,0.0004401226596686403,-0.002255142833806789,-0.004486573784035497,-0.017580381620416863,-0.014895831900490708,-0.043110094349496975,0.02058254828175654,-0.02595165431753721,0.009879324651928867,0.010518551692864309,-0.0021079145460738413
2020-05-29,-0.0009739446531240592,0.010198514383365609,0.04577607794187344,0.03622440280883765,-0.02553571347055006,-0.029766756267728844,0.0002623658226961201,0.009546945124534023,0.0029914033224454073,0.02979203223582716,0.004812335824971425
2020-06-01,0.012298001169595452,-0.0022918240811919954,-0.007802582818204562,0.07556883131087,0.013256797088014638,0.020315103038808013,-0.07148489429919458,0.01781362284426935,-0.0008061570821549235,-0.027884513068072714,0.003751234813537785
2020-06-02,0.004629282338334484,0.011376563778123794,0.0021576641541265484,-0.018416628784101774,0.0033466008617561993,0.009345836541396313,0.019740410530965313,0.02225619981328464,-0.00016146147529194632,0.011115209965435913,0.008210832780053412
2020-06-03,0.005505054162991296,0.0024335995264590515,-0.006317099907864332,0.0015880436011630472,0.05397777940407167,0.04629623506580982,0.0,0.04079486941732324,-0.003792107628501684,0.007624206989625293,0.013648979133831007
2020-06-04,-0.0086121759794211,-0.013163715664503806,0.00011443984972636656,-0.021042854169221026,0.02081137764537644,0.037582476542980636,-0.004148302312646179,-0.0028433548356545657,-0.011015024119109929,0.006862524968344275,-0.0033687022311144066
2020-06-05,0.028481025036445562,0.023398403790223732,0.01750947927848423,0.024618805538279664,0.045001569491174065,0.049663917515759604,-0.0005553008089723699,0.08105896805649593,-0.004503858986191767,0.009087732226038758,0.026211650818398713
2020-06-08,0.005912261177004163,0.006196564833289786,-0.012892354585614885,0.0725560681818036,0.019958758333493476,0.01529710723878841,0.01667143704988283,0.03127365105459745,-0.002632655056531763,0.006061565675224756,0.012041579421169235
2020-06-09,0.031578180254974386,0.007644865205546303,0.027370641510427562,-0.00973763414433615,-0.02565017897855626,-0.011212538492267998,-0.010385392286358042,-0.022287396063386034,0.0009073990898000872,-0.003959341657052695,-0.007799170822611612
2020-06-10,0.025727493974793125,0.03709172359416035,0.03545767654248788,0.08970205725269786,-0.040528130676642626,-0.0574059159838739,-0.008008881159212389,-0.053624803047491065,-0.00156580267352735,0.003283806936524636,-0.0053130910724373814
2020-06-11,-0.04801029361162201,-0.053698305431152726,-0.06090661250663454,-0.0509341048991272,-0.08344332027086576,-0.10037588560852106,-0.07293999082422054,-0.08825247725807062,-0.008831323350365072,-0.02756249243192288,-0.05894405927443824
2020-06-12,0.008633334659527314,0.007891806350521557,0.01548936674491519,-0.03860863311078977,0.027363435908059452,0.035520160891758135,0.01351374953523199,0.021437999697690113,-0.019568504471362158,0.0014172724011414228,0.013060843963234703
2020-06-15,0.012367209442305294,0.00639157369510901,0.0270079551948601,0.059468762792361796,0.013817700930532695,0.014931653400748202,-0.011555466141295545,-0.0006363349786300265,0.0028878507437142265,-0.006722035800632908,0.008312217041285264
2020-06-16,0.026502190864441832,0.02450540441313609,-0.011472773364266775,-0.008850490655781473,0.008000235882661189,0.02584474588072827,0.001199147816862478,0.02248627539913106,0.013296176597490827,0.013713160278456371,0.01896239819380252
2020-06-17,-0.0013918924858843384,0.003461003090453829,0.018470993374124944,0.009835722116904755,-0.025279354439237345,-0.03100772014547437,0.00479011740537838,-0.03257255410156845,-0.005182186503196573,-0.004743511217549123,-0.0036002995561740248
2020-06-18,0.00039866049356973576,0.010708534594960462,-0.001949274667748635,0.012270733625858066,-0.0054282963074376855,0.0015999630364011974,-0.009534966164013059,0.006219119201603451,-0.00873718580094085,0.004236422687204033,0.0005942198825281686
2020-06-19,-0.005714783953333247,-0.005959976043979243,0.00469172000804452,-0.0030478518902198326,-0.011420850668176663,0.008386630128341732,0.005414913461240234,-0.020034068866953803,0.015764343302562045,-0.012831633213308158,-0.005649494809462974
2020-06-22,0.02616378182599499,0.027773666932347618,0.028668126370412272,-0.0065740925163715325,-0.010837620471820353,-0.024950725911046856,-0.009275822735915873,0.009569337379228271,0.01526882609932012,-0.00890311244275832,0.006495095537691675
2020-06-23,0.021344864625591597,0.0066811469004699475,-0.008056651501926915,0.0075025599927995845,0.012196451400535935,0.006905043585518911,-0.01026890263072422,0.0060318574532427505,-0.005012929281530409,-0.012935711920415094,0.004307419569164139
2020-06-24,-0.01765203275746996,-0.020157687437496574,-0.02269786634358506,-0.040857298187609414,-0.0333912273299094,-0.039532273092586445,-0.017699049297076885,-0.047109433998988925,-0.006360198468819078,-0.018383659031271926,-0.025855145939064572
2020-06-25,0.01327551611201594,0.012636406251762322,0.0275563819723339,0.02615401198303724,0.0348618922307764,0.038219685351165156,0.004038630613623528,0.01505625920575926,-0.004904163547801987,0.006489898659231885,0.010959447267809841
2020-06-26,-0.03072584240153986,-0.02001589007879745,-0.03530029271783386,-0.026613159231048233,-0.05481838280446627,-0.06351125882500863,-0.008663303769883668,-0.03431459077161736,-0.011611527070942818,-0.02063364457566985,-0.024226905044785974
2020-06-29,0.023046760837147184,0.010747527105536836,0.004915205973052839,0.05169110801188981,0.004428021268480631,0.010366929504403322,0.018726491519427402,0.016047559767949915,0.006254129443197254,0.028781001871728495,0.014685678433118632
2020-06-30,0.008347420962043106,0.02554910810786315,0.03236435497066581,0.0698073149894527,0.011397956610261328,0.015391121256584928,0.0018382339229745526,0.009025456464255344,0.006047568221594801,0.008045354108216829,0.015409875731554612
2020-07-01,-0.001891485971666218,0.005847383503542414,0.0033954754432274914,0.03687680726581788,-0.008505345869874614,-0.020631453536394284,0.031804312816835045,-0.022584848248850986,-0.0007513630742195243,-0.008344043141270796,0.005022132820864389
2020-07-02,0.0,0.0076207668386336636,0.008630770820758249,0.0795173412803385,0.003248493352348447,0.0012897617707940956,0.022821612526631396,0.008464929392240306,-0.00401031742194069,0.0021950265870371855,0.004541250844364075
2020-07-06,0.02674982169873008,0.021526352378518077,0.023615475035087652,0.1347939370342961,0.025253318460850993,0.01588691899893724,0.0,0.007032328155738954,-0.0026842405761532406,0.008213098165950505,0.01588172586745884
2020-07-07,-0.003102074994269066,-0.011627809522532284,0.0033029433977549427,0.013327688522591696,-0.02821022033457521,-0.027472981038511257,-0.013909000614319322,-0.025906433601096346,0.06779364905963425,-0.0036203006280332017,-0.010818532028197159
2020-07-08,0.02328992188035861,0.021992851644842437,0.03487255069807027,-0.01725350030984485,0.0106150541098613,0.003911325282736966,-0.0082280538264341,-0.0023128345178555776,-0.019771757181911265,0.006177021248037207,0.007827461915415501
2020-07-09,0.004300194236445343,0.007000786195840325,0.02868020668753113,0.02079245649145589,-0.02165057298173656,-0.014285650211848133,-0.00859263914025521,-0.04126111976064073,0.02659903275701292,-0.015064419498653447,-0.005643606159361103
2020-07-10,0.0017493824123782087,-0.003033035003495055,-0.002830789360827257,0.10784776505418647,0.05466702276508473,0.05489677013243344,0.0110581599759918,0.031189872643622607,0.022935427821013654,0.010196750639712038,0.01046620127324438
2020-07-13,-0.004613416194479858,-0.030888519103772327,-0.040747156923140904,-0.03080958510547016,0.014334462265489512,0.007077525792648087,0.040792078257869235,0.00023432075070672909,-0.008876371504569547,-0.000734254200618234,-0.009362541127788226
2020-07-14,0.01654857183603342,0.0061815479081592795,0.032306307362457654,0.013185863099901995,0.005734830772951671,-0.002066899525864696,0.0005678407163383081,0.03305209850329249,0.01922481103769136,0.018181803831779586,0.013406370782667931
2020-07-15,0.0068772198394913,-0.001488082740266794,-0.014431209370300735,0.019257581163604653,0.015477042669126417,0.019055572398628096,0.013908770889858424,0.012706776854242152,-7.576081175786342e-05,-0.00685414388024097,0.009082050740923053
2020-07-16,-0.012304910135355951,-0.01980402699810435,-0.009044181335915225,-0.029346504366899562,0.002807478348332948,-0.02723579235611684,-0.0033596112356814034,-0.007842364597452023,0.0015153310378666074,0.013076729600982606,-0.0034061012455366413
2020-07-17,-0.0020202564444808946,-0.005099787923453447,0.006585993360782805,0.0001333049437524103,-0.018498105145987265,-0.029670129336317075,0.01825823763907719,-0.017163436034145496,-0.0034798005639301577,0.009322146770049722,0.002848612194617406
2020-07-20,0.021074075673751302,0.04298104980894868,0.030314465385178346,0.09472028755869455,-0.008761042610152425,0.015504091598801173,0.006896797213043149,-0.023437460979943148,-0.0020494521342016014,-0.0076373737830569555,0.0084069387471426
2020-07-21,-0.013801689943337303,-0.013468892201597082,-0.017339589382509568,-0.045429074387502655,0.021685295964473994,0.03562333664026496,0.0052055004271522876,0.05058840431667755,0.00654153153754411,-0.0005368961288674257,0.0016790373419135474
2020-07-22,0.0028091715417541963,0.014371286680618489,0.01067477109588455,0.015283476518254124,-0.007242533005015872,-0.004504333315249243,0.05096747936309476,-0.023292173375236258,0.0024935925273514847,-0.001611938426184012,0.005747082068739751
2020-07-23,-0.045516280133784504,-0.04349483110003938,-0.029601605454801616,-0.049776153385742705,0.002938598521175173,0.009461021471127706,-0.003889968792697318,0.0020637094684932134,-0.007689086153693903,0.001793377684068398,-0.012319859824193036
2020-07-24,-0.002477438387606945,-0.006122049277111019,0.006392041491236622,-0.0634933937061315,-0.007072145398687502,-0.007742485007923738,-0.019526150850907142,-0.0061787171641545235,-0.00303819795848026,0.017905231170301183,-0.006190400054688405
2020-07-27,0.023700170774023643,0.012667704896801135,0.022266796498671138,0.08652080631985237,-0.014041566719531495,-0.008624189900745427,-0.0031861868166987994,0.01473663783758461,-0.0002287103437321747,0.0003519812196051131,0.007395138795039502
2020-07-28,-0.016427383238427407,-0.008977304693320143,-0.01976668019631611,-0.040991122577997974,0.004334389761094792,0.009113248760816761,0.03942445576589115,-0.0117993581147392,0.004191683844330996,0.010726124044978746,-0.006473392152297919
2020-07-29,0.01916827728946191,0.010098110025343665,0.024472592122401826,0.01532007204904584,0.02424967387011523,0.03735657849645024,0.006150756305026039,0.011021651499696805,-0.008120754293898913,-0.0005218579413713842,0.01242838167815008
2020-07-30,0.0121001932213749,-0.0007843468597371617,0.014189522534046706,-0.007751257440881343,-0.026685223257653212,-0.017016290500313502,-0.0036008093638820737,-0.049057586882522264,-0.0043613192554540214,-0.0026109326105792086,-0.003750251937389204
2020-07-31,0.10468878343415744,0.005444191564557999,7.022759065122841e-05,-0.03813804798718812,-0.003916627395771699,0.0016101802010308752,-0.0067115616235181585,0.005015827844027099,-0.005533437446812672,0.0031412646601960414,0.007670504990141325
2020-08-03,0.025197475751193688,0.056240877824335955,0.037259980440552454,0.03790989277703116,-0.005587844871079439,0.004421497356830173,-0.003378211856295499,0.004039759185225034,-0.000772889081414152,-0.004175050442840944,0.00718102343932614
2020-08-04,0.006678050397566304,-0.01500866397713796,0.019754347646375514,0.0013467807962437295,-0.005723239596973739,0.0008001692960988294,0.0010430108007606353,0.02887555710364209,0.018097197303281742,0.011704973442962618,0.0036119303819721615
2020-08-05,0.003624692891596837,-0.0016408800644699406,0.005254860880713252,-0.001331501252462508,0.017373144720959965,0.015193969867317358,0.0015625720723457803,0.008741909012278226,-0.01390113015466099,-0.006389445022712326,0.006429743053199433
2020-08-06,0.03488948087106003,0.016013887437631658,0.0043190219045206035,0.003070674289896047,0.00030833228385618305,0.0031506874053424117,-0.004681308508953541,-0.004789342496232973,-0.003543869273230915,0.005040051257543476,0.00642769555966427
2020-08-07,-0.022735934350050058,-0.017887809369243945,-0.011997557331913322,-0.024751944680412197,0.022007465604374055,0.025127632259840604,0.00470332623005465,-0.004582932744146007,0.004793286237532612,0.012104629792617727,0.0006330295486443038
2020-08-10,0.014534729589710471,-0.019907589364707712,-0.0030805745181651245,-0.023500914685975927,0.01267868184677412,0.01723495114155016,-0.001560134250137457,0.024631603463424412,0.014695724443271496,0.007859158331877003,0.002742218294476073
2020-08-11,-0.029739742453214757,-0.02338544342658533,-0.028213302797955087,-0.031144060652225525,0.03159808319697732,0.013554153119402335,-0.01562907028845828,0.010334881136713658,-0.012738765516557615,-0.008136903672934959,-0.007969132154236114
2020-08-12,0.03323437518652628,0.028566987984864456,0.05440091948598935,0.1312363947417745,-0.008476275755683993,-0.007057971320681089,0.014289267928097926,-0.0002268460489789348,0.012980044729169027,0.001537737928656302,0.013996549490237653
2020-08-13,0.017697633104959865,-0.002342226262234015,0.00024043905125470388,0.042604650478076156,-0.005537550233386979,-0.014216198273498182,-0.004174360886169959,-0.024495043140745132,0.0038065212257956116,-0.0013650544949261878,-0.002047174350497949
2020-08-14,-0.0008916042571044391,0.0009585204708464357,0.010574347091943492,0.01832819678811437,0.0003909353159861073,0.004554058487978185,-0.0028815084236185617,0.004417727001118976,0.005688129851677992,0.004613987494390237,-0.00017188262276812694
2020-08-17,-0.002610596634754714,0.006606005438531071,0.0668453105605038,0.11203058154519474,-0.026364640135173922,-0.021533712033831587,0.00761953389718073,-0.012963317661951246,0.02262439058716037,-0.00017013741200178067,0.0027098425110787527
2020-08-18,0.008332839765714528,0.005754325993629683,-0.006180730630437337,0.028028374195693928,-0.013940331917061344,-0.01428578845515649,0.0002604208870964353,-0.004924833992636435,-0.006563538651252032,0.006804918155188355,0.002303389154016955
2020-08-19,0.0012545433124067085,-0.006067158892248736,-0.009970816702542185,-0.004536059116861502,0.0023392341479568923,-0.0011751689985413094,-0.002606743368398945,-0.011077059877915407,-0.017073536993426952,-0.0021964847167398327,-0.0044043954214108005
2020-08-20,0.022189666779079742,0.023271375714519538,0.00020608631046226122,0.06563643667445929,-0.011973822773949538,-0.01568634671896385,0.012023086903580671,-0.01525246514574996,-0.013896066272041097,-0.0015240396721545313,0.0031586327691348615
2020-08-21,0.05153229804639259,-0.007269963123645917,0.0446835005516073,0.024052926729070556,-0.0005131943681168094,-0.004780591464370043,0.004132314887846489,-0.0075027725190746075,0.008117825157516245,0.000508758268119136,0.0034411070444764214
2020-08-24,0.011960385149231145,0.003145303046945047,0.0028972015423136543,-0.017453806448256226,0.02815431860365658,0.028422719573166333,-0.0010290684446618847,0.029505316674490745,-0.0022787742720448145,0.0098322361222829,0.010043718303008653
2020-08-25,-0.008203515940750528,0.01300949138508778,0.0023387683907518664,0.004537751185374361,0.004397441986932149,0.012066865879016175,-0.011071036379641908,-0.03173840944098372,-0.005330130017543344,-0.002518193667444102,0.0035963511532906
2020-08-26,0.01359903630801651,0.0216194649536241,0.0018039935835629795,0.06416619165356252,-0.014029988045791697,-0.0169231953613721,-0.009372505916403373,-0.021282234844117287,0.0005360015306230537,0.0006730629190427884,0.010195626139483993
2020-08-27,-0.011954469878832752,0.02455327562152254,-0.011332534835756913,0.039746079206424145,0.03289939098825556,0.019170721387407497,-0.004993346265068643,-0.006748107133034198,0.04537074967340593,-0.0005042995557429375,0.0016730440109038458
2020-08-28,-0.0016198629361264816,0.010283760428585031,0.04113781580262299,-0.011323299439907841,0.004103590336674845,0.009596855567526763,0.0013208674915949903,0.02390558792203379,0.02686093006214252,-0.0028606458363538145,0.00673256535528588
2020-08-31,0.03391205020300836,-0.014765740370464298,0.017246352140999344,0.1256890549105465,-0.025104392760539995,-0.021292872486340153,-0.0031654903814178903,-0.018432165528086464,-0.010334721864474261,0.00016887867821013813,-0.0021949627140287475
2020-09-01,0.03983261403964011,0.007715280987024231,0.03369365392617918,-0.04669690804684601,-0.0004991913541824156,-0.001165324592185657,-0.02408060086269559,-0.012769171754724029,0.06294537503303355,-0.0018559922910792448,0.007525003016613407
2020-09-02,-0.020718490326427697,0.01927212333989825,0.03802199051134236,-0.05826756524083643,0.015078953614337198,0.01205747970842408,0.008676747516664252,-0.006086965122184429,0.0006099651615731894,0.023157597862085044,0.015365910154807594
2020-09-03,-0.08006061158221378,-0.06194693875124302,-0.09277537047738782,-0.09023849203316048,-0.0031481538569522183,-0.0069659291907192555,-0.021505308975297677,-0.0020411465577099275,-0.021262388058055137,0.0013215291754788971,-0.03512584371534122
2020-09-04,0.0006616238884222803,-0.01403600779530878,-0.030194773298010236,0.027813247275265907,0.021612572700810295,0.034294537729417485,-0.001098886541123778,-0.0007673051813444909,-0.011830559830285248,-0.0021449276595427724,-0.008133027264274895
2020-09-08,-0.06729503220617783,-0.05409574948780593,-0.056208939943523606,-0.21062824320390794,-0.034775870478468196,-0.03993970313485973,-0.011826007357988888,-0.023029455868510018,-0.030665562314456052,-0.008597797773578941,-0.027756342102360998
2020-09-09,0.039886569026790886,0.04258384238735946,0.06732110132902025,0.10923349433825735,0.009507608301421389,0.0011774917869840085,0.006957824406009339,-0.0060241674722871785,0.01040069370050678,0.0013342714056581162,0.02014498633677464
2020-09-10,-0.03264553399287806,-0.028018411635639673,-0.03171440202194542,0.013814582587770685,-0.010310201154493992,-0.014504088784445202,-0.014649023281209761,-0.025032960529574377,-0.022017451444042324,-0.008494388818256593,-0.01758479659017942
2020-09-11,-0.01312910163140013,-0.006524852581985097,-0.011960286983405899,0.003716263443279244,0.012421042849760422,0.014319864142980698,0.01178123800012476,-0.0027026466139797867,-0.0008039953662006827,0.004367682291314123,0.0005330721905940639
2020-09-14,0.030000125006373057,0.006763858740124418,0.05818162663428095,0.1258317707423402,0.013851631972629175,0.009803932510236368,0.026060352008822285,-0.006503785280886909,0.004535502809792202,0.008864489321535496,0.012741829089357504
2020-09-15,0.0015602271687487068,0.016406136889564493,0.009225471569863641,0.07182685140266343,-0.031131137443665136,-0.018252352139225048,-0.0013506969552858905,-0.010638754060462663,0.00029121074733029495,0.0046417659549684576,0.005219359577689042
2020-09-16,-0.029513585262561648,-0.017865764145525986,-0.036679356059223345,-0.01778729846250804,0.004230484597209205,0.01265809192424805,-0.0048704628661182525,0.04245964561887461,-0.008008030763748342,-0.003795484068044086,-0.004618946596211537
2020-09-17,-0.015963675702005298,-0.010436468798686871,-0.0040752180271494964,-0.04149312452942333,-0.011434218770629001,-0.00976572187155711,0.001087533282080111,-0.000264455541583275,0.003155774233519981,0.003644082101606605,-0.008412365876402483
2020-09-18,-0.03172011687578191,-0.012419209589798808,-0.02200435917365373,0.04421041843491591,-0.0021306494138221277,-0.005522737769094399,-0.005159789251672264,-0.01613804181027978,-0.01024224102747473,-0.0039609283445756205,-0.011182581807410497
2020-09-21,0.030326100160123604,0.010728873374791226,0.026909079479578768,0.016374511668703073,-0.03090993417813026,-0.029353205835593754,-0.01665346692655123,-0.020435260790041987,0.01315706407743189,-0.012261874095308878,-0.011571097930805796
2020-09-22,0.015715556866483293,0.02409404583291308,0.009626682917228901,-0.055986946823462835,-0.010911656319326335,-0.02165929818302126,0.006385164688786915,-0.0247051306175452,0.009046338239188545,0.0035230160347965445,0.010517945160813724
2020-09-23,-0.041946254547710615,-0.032928463759665294,-0.04067184438588123,-0.10341090738483927,-0.01623000898067628,-0.028404170091616554,-0.0068963330755131835,-0.03208529608910515,-0.01677414461223392,-0.015212418717373333,-0.023721455093028143
2020-09-24,0.010269003663158527,0.012962044227098568,0.018496915745498388,0.0195341463945935,-0.0008624861478195855,0.003439132225462549,-0.006666653271892975,-0.002035707644715501,0.005221179029135659,0.004752867226745394,0.0029874591429570607
2020-09-25,0.03751626243758488,0.02278663089950328,0.042577740827992816,0.05041385121376596,0.008741500244467293,0.006426705922794929,0.008109756234600418,0.009324268605449104,0.004169657816654571,0.0033792997357640076,0.0159767237756141
2020-09-28,0.023868790444749877,0.007794957170619954,0.012525145299244533,0.034025594039789775,0.028779286073689514,0.025542575276855883,0.009431331192101933,0.019341669970693864,-0.00014547859625924087,-0.0005053460675356058,0.016110590199083896
2020-09-29,-0.0075678732017755435,-0.010408570933078232,0.014633743816972355,-0.005056919415549199,-0.008423699365242232,-0.013283111292334726,-0.006045794144699301,-0.029170156674781955,-0.0008015076581165959,-0.0020216823166053777,-0.0048126645432444715
2020-09-30,0.015075639486824777,0.014812211698661759,0.023042520903059804,0.02371912031427703,0.009648949755072023,0.013461927574516253,0.014653075717174113,0.001458369414533145,0.020198391198932963,0.004220400634284305,0.008253718228220741
2020-10-01,0.008462296947593595,0.010126965877206517,0.00620787856071181,0.04463774876849502,0.0072710427476736506,0.0004154777644425067,-0.008991652391682425,-0.034954623472402635,0.022657221203033373,-0.0006724514770770629,0.005292907769290922
2020-10-02,-0.032280217652468024,-0.029511432295537765,-0.04056313585349247,-0.0737906918190171,0.00948747757209456,0.004563997198234082,0.0002747456521867697,-0.004527633766295058,-0.01803194265331909,-0.003532587726455594,-0.009577652178616392
2020-10-05,0.030791178730976476,0.020321259749559895,0.04442183226685237,0.025512531789757986,0.021136366349214786,0.016935323805963076,0.010170528949243529,0.023044538408188542,0.009252774954030318,0.007090131605733685,0.01797270867614209
2020-10-06,-0.028669557684997793,-0.021247471277711094,0.0068902320827533,-0.02748539351192436,-0.01029895648434509,-0.010154092415970095,-0.015782431860882573,-0.010373691828764131,-0.00825089029085535,-0.003352586499685062,-0.013973515692226712
2020-10-07,0.016966926660454407,0.019037591884428773,0.01656156709575307,0.027344297266189477,0.017445374042785122,0.020927215306141056,0.008294242713457578,0.0032940914628347695,0.0018489315743486223,0.002522762593079042,0.01739675486921799
2020-10-08,-0.000955720080025313,0.003574276777748908,-0.00896944802985189,0.0014577830589765917,0.02055539754963598,0.014469421264504456,0.011516346361289731,0.05253762285983865,0.0033355482135026815,0.0035263503467957147,0.008010123642494982
2020-10-09,0.017395926761337943,0.024836144205571342,-0.005491891796117754,0.01897077543397918,-0.0056983363946153665,0.0047542321157076906,-0.002710762157127067,-0.014747721820532078,0.010045496966766931,0.002365508299169594,0.00879353312061526
2020-10-12,0.06352053345727815,0.025902306340465975,0.03365979443862721,0.01912439516394837,0.012252731900401548,0.012618596619865308,0.0008153371641630436,-0.003166013469101503,0.010295508994588198,0.00370795581342942,0.01641581296364758
2020-10-13,-0.02652757846015308,0.006594364109877793,0.0015641599463962486,0.009834932884270176,-0.016204637964168378,-0.02842689946361232,0.002172849192886739,-0.011839664860270327,0.013726094330096306,-0.0031905804596449316,-0.006306918994084421
2020-10-14,0.0007434295693362625,-0.008974227874993579,-0.010738217226442304,0.032799718116372834,-0.005556368780806675,-0.05330670304334095,-0.0010838512766415676,-0.0020456084540205755,-0.015660114434071226,-0.015667283735161908,-0.006623141753502759
2020-10-15,-0.003960822341667947,-0.005433122337704432,-0.008886130325018726,-0.02692390743031925,0.014966982743652713,0.022438650585364872,-0.008410433210716328,0.008784873898796342,0.004098751784698873,-0.004620714774861923,-0.0015277553060997207
2020-10-16,-0.014000335708838185,0.0,-0.011345575054324875,-0.02051768046956881,-0.00206461997541596,0.0037267452348297425,0.03830362869731507,-0.010159755555557148,0.0012455026126092505,-0.0018913200609793623,0.00013491955745537076
2020-10-19,-0.0255419490140415,-0.024765462502033375,-0.022716665573273453,-0.020106014344170586,-0.016845416180692463,-0.02145244863909701,-0.003952429102641264,-0.01994133172550594,-0.012162169884356255,-0.012919957683072858,-0.016329861778318078
2020-10-20,0.013191883313974362,0.0020071988231769033,0.010946420718901173,-0.020634587544658856,0.005711114421341756,0.017706942705639106,-0.008201215281493646,0.008378158080855957,0.0066454160935489615,-0.0008724251861778054,0.004727334073110212
2020-10-21,-0.0054462587409987995,0.000698713635741921,-0.008849320856932352,0.0016590325709362475,-0.009962904969664454,-0.0037283794032543227,-0.010935909951099276,-0.01602382290661908,0.0034746288452947027,-0.00873354093612888,-0.0021956999281005363
2020-10-22,-0.009583447942787648,0.00041893546552285166,-0.012107383582672937,0.007453064711647084,0.03532213217189262,0.03409561138656447,0.009439050292015416,0.051266621406447666,-0.005886356095311962,0.010220176960913818,0.005218925396392127
2020-10-23,-0.006133852893537184,0.006236014316689298,0.017158348837966075,-0.012118551755604834,0.009039959058931846,0.0012064607708357489,0.02003704443019827,-0.02008025263710267,0.002090066573637195,0.010988842882493577,0.003445761353703114
2020-10-26,8.676466264678773e-05,-0.028442151164039586,-0.03303853577284743,-0.0008320996760948773,-0.02475686608815275,-0.014457885771035683,-0.006809794057266894,-0.023711925900577246,-0.011748309036117344,-0.0025875639015762175,-0.018589516294535646
2020-10-27,0.013472378107421301,0.015089374470187211,0.019442770509157326,0.010469159823756513,-0.018865904198943628,-0.028117459417734247,-0.012921647495042876,-0.01589202106569443,0.004994134455369004,-0.007438502005608694,-0.0030256189119989285
2020-10-28,-0.04631195148440703,-0.04956622894040008,-0.05745803115224368,-0.043938975190562446,-0.02808823378785652,-0.01593288987698549,-0.052898928139259116,-0.03808651373500005,-0.019807898227613308,-0.01864785065712582,-0.035287878760604796
2020-10-29,0.03705036375778081,0.010065292763370426,0.03144055177243321,0.011846701366300838,0.006525746992710024,0.0029826539323938306,-0.004795441983668991,0.044345970307630767,-0.0008572803967022979,0.007991760647217072,0.011947330894238384
2020-10-30,-0.05601830224721849,-0.010990560934467819,-0.037622768472725165,-0.05547305218949494,0.008953606729272146,0.006796915381300339,0.005668858908932206,-0.010615819661472181,-0.00836184050994393,0.004051990967815389,-0.012129550130175693
2020-11-02,-0.0008266580270150925,-0.0006915476707151091,0.0037297405313168053,0.03213582666134873,0.022541651622497882,0.016033636635623294,0.021138824515787302,0.04199863441895402,0.011892020369648204,0.012458436979544185,0.01231820260127181
2020-11-03,0.015353734063037416,0.020263949873333242,0.03487475764129844,0.05840061701119437,0.031521313198201506,0.025332297420077587,-0.0011043384269695533,-0.017063888369059366,0.01695158864058155,0.0008662849878633416,0.01779929009643455
2020-11-04,0.040836356871731594,0.04824876044682047,0.05950679803181802,-0.006888484603579825,-0.0305580823148196,-0.04090739013395639,0.031500483492522324,-0.00538739579357117,-0.005743172424404697,-0.009177213267538953,0.02204704770168342
2020-11-05,0.03549380487980125,0.03188689927730093,0.02651470834015246,0.040643300543862226,0.04089772585204554,0.039273582162751675,-0.015155434995015038,-0.0018055742750349157,0.010636758811974234,0.016253138340385,0.01946019413896294
2020-11-06,-0.001135858795881295,0.0019257387790214686,0.02838993833382686,-0.01858065570474754,-0.013320457949682285,-0.012189934399800095,0.00027478703276284655,-0.011757753859997333,0.016031229200269337,0.006534790501793619,-0.00028771518741854685
2020-11-09,-0.019968239968446544,-0.023824387770229993,-0.0639507139965424,-0.02021165833954497,0.1353923454639887,0.14191678152796228,0.07692302088579961,0.126601806212558,-0.01529803735627333,0.022381638447452,0.01169988923568721
2020-11-10,-0.003008839533530816,-0.03379269304565913,-0.06314780943038645,-0.02587474253102262,-0.003250766456273646,-0.0036021838328204048,-0.013265658566718685,0.022185038289386005,0.014072666529721056,0.021055918082564906,-0.0013997945931910616
2020-11-11,0.030352665950051927,0.026254423507501956,0.05074397195617131,0.0164977197153513,-0.014932984554791973,-0.011569167238558609,-0.004653131418622003,-0.010309305472593122,0.016625648604728704,-0.0016364198811053,0.007651855318760337
2020-11-12,-0.002343318349063095,-0.005125708122985517,0.0028879787189846073,-0.012873745767280065,-0.012284408305661243,-0.023774606773259932,-0.02467526170398171,-0.03426524745711179,0.0016894556067932331,-0.003442541457886805,-0.009978532303877019
2020-11-13,0.00041937611167264244,0.004966575060602052,-0.011871542775277688,-0.007917146283160204,0.006262770220397229,0.011614788247021224,0.028495325198113708,0.024127225900736127,0.015583538170996558,0.004441414485065298,0.013610335409063534
2020-11-16,0.008720380357617907,0.003325531425602435,0.01641350640729322,-0.0010037182511209997,0.028225830632100157,0.021481452472810636,-0.03340235813097081,0.05764948324392405,0.012621387719710553,-0.0027843710656264564,0.011648051240012336
2020-11-17,-0.007564246259290863,-0.01275119058835461,-0.006881049114785043,0.08213879250177958,-0.010144939239530304,-0.0010875968712895645,0.017577402455261515,0.013364939455516422,-0.020138906768656817,-0.0022990287722965963,-0.004791925698091615
2020-11-18,-0.01139131789600012,-0.013183967162063714,0.00048438856611787706,0.10196775866118779,-0.007406743797397697,-0.020689700109243758,0.007768842537329013,-0.037755338269019445,-0.0018745225074081606,-0.0070779929252443585,-0.011563829610944043
2020-11-19,0.005168311225085764,0.006348492862920718,0.0008562565320320292,0.025953518324515645,0.002689715748854571,0.0,-0.0035794461448688253,0.005106166917604016,0.02032303067089325,-0.0018237695943762455,0.003946442467421596
2020-11-20,-0.010957620329216877,-0.00955673508747168,-0.026227279620442356,-0.019348255020757876,-0.008567092038519797,-0.00630110719095589,0.014092470195863571,-0.012299495575734287,-0.012358368174187784,-0.0028234138810654397,-0.006792562915180156
2020-11-23,-0.02974266258500713,-0.0013308945494212576,0.003992372536153699,0.06584827501609536,0.028803431522952616,0.0216337727311513,-0.004904633273316805,0.06551161200274569,0.004592462587814872,0.0031645409932705704,0.005635930617216234
2020-11-24,0.011594164716190347,0.01784779484846566,-0.013869666566293737,0.06425217853318599,0.04623746869592327,0.05805048376202415,0.002190535080801359,0.06656520864933801,0.002848959515237892,0.006807195386257847,0.016161668273416252
2020-11-25,0.007467228014370164,4.6830071000369955e-05,0.02137696165222902,0.03352658623835669,-0.010460625398633572,0.0017253448857914577,-0.0019125802882976606,-0.027870593115077003,0.0031051458823301292,-0.0037929908600253803,-0.001584418237524976
2020-11-27,0.00482645967228712,0.006359106341853993,0.0020024196356247526,0.020487795852708768,-0.006637676022071881,-0.001378049379172852,0.019162383741887723,-0.015192393556574202,-0.0015146817558763237,0.002814154747891928,0.002396979198154181
2020-11-30,0.021099572647701903,-0.005389694169142589,0.010575819409868181,-0.03100243964538618,-0.027553159476947586,-0.028630472239416394,0.029008870680492294,-0.051256664199665236,0.007849491665731012,-0.002806257505010401,-0.004595548640170977
2020-12-01,0.030827479768099852,0.009996656464443587,-0.0008579262299224233,0.030232565079099327,0.015778682090544782,0.018821132270262275,0.02871335523175289,0.009703547848439298,-0.0009817134563163687,0.002814154747891928,0.011271187194776155
2020-12-02,0.0029333748456485953,-0.0038851337873734293,0.01153837212421438,-0.027258998689319025,0.01920833297930402,0.012896301336320581,0.03527005548356854,0.037403071701415325,-0.013889051729721325,0.012875583927753231,0.0017911667548251575
2020-12-03,-0.0011374204040169866,-0.005246464032314768,-0.010671669549500162,0.0431770706457868,-0.006555347101370845,0.001038986475924597,-0.01740201538885877,0.00675980091187145,-0.008104987317405277,0.0061928421828783,-0.000624157213091503
2020-12-04,-0.0056126563298957155,0.0005599201409240973,0.012111703348112624,0.00953853028069096,0.009073034236199762,0.01314400139611882,0.006235792765192594,0.03655852197509968,-0.002612302124314181,-0.0030771482378260107,0.008836275129611826
2020-12-07,0.012269966233410479,-0.0003267477820831921,0.0035771903899768365,0.07131413268972531,-0.003760108396421047,-0.006828232313208504,0.022558399338525215,-0.018714394472810092,-0.00537231216551004,-0.0032497740477839265,-0.0019356376714373402
2020-12-08,0.005090966081164883,0.00802653477792381,-0.01886918058701914,0.01265269756091203,0.00098457501541227,-0.005500037394360779,0.03175769628821534,0.03276269202428761,0.009047354488382009,0.0016300981177845841,0.002787148065356293
2020-12-09,-0.02090368962353162,-0.019489724281569587,-0.03140466051700497,-0.06985904262531573,-0.007786825523706797,-0.004493790881400894,-0.016682382717199573,0.013257948839527689,-0.007895604200032658,0.00016270127362827402,-0.007949201604598555
2020-12-10,0.011988938307011532,-0.006043575402647106,0.003209477459126475,0.03737095767859411,-0.006443618106093507,0.01076402756580963,-0.002867384115853411,0.028270875732683942,-0.0046707955286027225,-0.015457133502136955,-0.0012851080682624305
2020-12-11,-0.006734873405902397,0.013015517997372994,0.0031606792020590913,-0.027237767375868138,-0.005903323066758781,-0.018550328941418948,-0.014617733817182788,-0.004771440149016093,-0.000272057161944228,-0.002644099514626186,-0.0012649972997506032
2020-12-14,-0.0051466954122983966,0.004407595681908738,0.0227074109853318,0.048918853305726984,-0.010538714013096029,-0.012250773626260814,-0.04644959727154896,-0.03607303707041287,-0.009183695919780632,-0.006130904962650119,-0.004359258971957769
2020-12-15,0.05009046138530371,-0.00032654450367575194,0.003888655900970095,-0.010284031966116491,0.01707518261184693,0.014883228960358874,-0.012751554091043116,0.01942178441992959,-0.0004805803573502132,0.009502943151068033,0.012921249154708825
2020-12-16,-0.0005475170100524007,0.02405059684144173,-0.00883224173157171,-0.016549539644792555,0.0029089946885536566,0.0027930376426545944,-0.02247471643956722,0.015334722846247706,-0.0010302981309596726,-0.01056958814017872,0.0017727951669590514
2020-12-17,0.006963609214899025,0.0006386874739312542,0.007457144844546848,0.05319781856425476,-0.008287014936047776,0.0038302604437714383,0.005020753591737481,-0.005034662216717001,0.004607088510149238,0.0016691901774892326,0.005757654753379748
2020-12-18,-0.015850955335359962,-0.0037829435152940682,-0.005190521269869075,0.0596127789695875,-0.004930456328673727,-0.005549638821829239,-0.009203186549923581,-0.017249032436627787,-0.0010265467895246294,0.007498750237818097,-0.0035111185091528663
2020-12-21,0.012395297068801492,0.01829936464538129,0.004539430349107754,-0.06494968189377415,0.03753797846271034,0.037321125467751015,-0.007961718797572459,-0.01825408976476406,0.00013674954998199595,-0.016043608640496143,-0.0039062790518439305
2020-12-22,0.028464517679237522,0.006064849890731416,-0.004050363086222197,-0.01464926902636221,-0.01521648697074407,-0.01782100471639325,-0.01712136904186612,-0.016924952594706832,-0.012125659275646572,-0.008404694041457161,-0.002073092860288006
2020-12-23,-0.006975666112079448,-0.013039324537168384,-0.02025860272379021,0.008807772074100217,0.027944245300149495,0.02875707043242981,0.019052782832870152,0.012851403411334061,-0.006796205013720247,-0.0005085486908791292,0.000745811250824957
2020-12-24,0.007711899461528837,0.007827513997164637,-0.0011916361421843158,0.02444349518922251,-0.004397456028069624,-0.0029948764343782353,-0.004540722094019123,-0.004069577948470626,0.001955023050021376,-0.0020352297769550276,0.0035365890047962534
2020-12-28,0.03576564570735252,0.009921050657715424,-0.007214941711866318,0.002901307404113096,0.006585311137180083,0.005674143065553583,-0.012074023571978287,0.0033653926516954424,0.011986104592276892,0.002379036224747111,0.008722529021144565
2020-12-29,-0.013314719938567032,-0.003600390265349085,0.0033527401185129424,0.003465523985226593,-0.0026327337165201747,-0.003982662176724605,0.006246731796263116,-0.01126020887790602,-0.0063352275590060625,-0.002882295238125332,-0.00222738052560012
2020-12-30,-0.008526550222845652,-0.011019419592783963,0.01564527821221695,0.04322886588244468,0.002799576937850823,-0.0009996467996803426,-0.00836708369446737,0.007996142338715151,-0.0008314986730281193,-0.01139268329672638,0.0013415471654707467
2020-12-31,-0.007702402993304158,0.003338279145561618,-0.006903239345098955,0.01567398119122254,0.013640750995863149,0.01100726316379963,0.0019050865489016466,-0.009134750908523004,-0.0002081116283481066,0.010492096187635136,0.006438845522919845
2021-01-04,-0.024719747002723058,-0.021266037465121013,0.004480883030198335,0.03415197180829077,-0.009443614299379566,-0.009237882582564416,0.0,0.006792836169764005,0.016510696903618616,0.0017022381513955853,-0.014754827521051062
2021-01-05,0.012363917633425592,0.0009643680567956725,0.02220998601265456,0.007317368906131216,0.005441466985829813,0.00765909656001007,0.010323170981338281,0.04819243599566758,-0.005323284413611407,-0.004588097265964097,0.007082595157549276
2021-01-06,-0.03366156675801102,-0.02592913801352703,-0.058952997080519376,0.028390302267496503,0.046955691548258294,0.06245880750314359,-0.008604219112202438,0.025517639758874555,0.006243426295963639,0.012120193690091874,0.005709842747752214
2021-01-07,0.03412299082659276,0.02845709803057428,0.057830364123545364,0.07944656360858104,0.032839210665847496,0.022083762561065035,0.005153116898784393,0.007845581547847091,-6.791801272887366e-05,-0.002250174791964321,0.014847403800101189
2021-01-08,0.008631468743522719,0.006092779275432836,-0.00503976653784155,0.07840299470467449,0.001104081911380117,-0.010042669909636315,0.0018888407959201103,0.011121025693146658,-0.0001365160925472786,-0.012472248525978835,0.005491862685268911
2021-01-11,-0.02324894257849819,-0.009698575404005316,0.02596632315545766,-0.07821411721500826,0.014924294357652412,0.01659986587899054,0.01723692134567134,0.030356644317887316,0.004500865754321737,-0.005882477109445783,-0.006554750898592476
2021-01-12,-0.0013953809184141797,-0.011770778282050198,-0.010039174678124652,0.047152947996006445,0.0157186897387096,0.017841206923014274,-0.015620986796460401,0.022203195672610976,0.011406340939703608,-0.0034806484458121956,0.0004157884466327033
2021-01-13,0.016226679098222174,0.006560432586048215,0.003485276812623672,0.005850950889994211,0.00092724438506675,-0.005941738541528463,-0.008606734668040072,0.011277925840917025,-0.01020307840743817,-0.003492897517885396,0.0022756417379066196
2021-01-14,-0.015127245773456588,-0.015346243854148733,-0.024497668029362263,-0.011013523157297866,0.005842786112619791,0.015839904684362693,-0.0029841174459515063,0.03903356020993054,-0.003255690327362948,-0.0003502283488833191,-0.0037534511943366766
2021-01-15,-0.01373053242329203,-0.0017371456508186167,-0.02581417435880029,-0.02229585445953408,-0.01792204656736729,-0.028832221208775377,-0.0013607382283854497,-0.04810179712166052,-0.015853517517764093,0.005960669959720555,-0.007190027975370938
2021-01-19,0.005427246012631004,0.01782292569757371,0.012889607249221058,0.022259629183488006,-0.004327651337309613,-0.007270380009697597,0.0008172675008664143,0.019837276469983678,-0.008642238661955792,-0.005751121697859407,0.008136379515524483
2021-01-20,0.03285588521392402,0.03649963144879731,0.026141444205919795,0.006985997867906768,-0.014995515450657138,-0.013121672818263486,-0.0062615598541790884,0.014127410917706529,0.014784866238533478,0.0036808068461346988,0.013935625421946263
2021-01-21,0.03665835770376691,0.0028083425638232296,0.03753994468530619,-0.006420156263489907,-0.008384261443246332,-0.017625282209562942,-0.0005482439135380268,-0.028669286124890725,-0.004535509395249382,0.0001747780488690065,0.0003167233075522802
2021-01-22,0.01607395852121507,0.004356030672840516,-0.01117727747463415,0.0019526425140827808,-0.007713398027251683,-0.006924952901294579,0.0019190097341503787,-0.014134213427399511,0.010217114207516698,0.0034921953153710383,-0.0030106116552376383
2021-01-25,0.027683695055897406,0.015844282099465312,-0.004320845281855057,0.04034780611460387,-0.012482307022967265,-0.012361155253387435,0.019972655586142363,-0.011174489813524424,-0.00088820283597979,0.01653042982686359,0.0036158389430824833
2021-01-26,0.001679295537554859,0.012198724511152337,-0.01596683510145336,0.0025999188207492807,-0.004087101241355251,-0.007060448619828685,0.000804687432515383,-0.021961577199924864,0.008960327166714022,-0.031667418781703316,-0.0014888337468982327
2021-01-27,-0.007683529500424724,0.0024533251858334104,-0.03851792080554983,-0.02143608477064074,-0.02827180246448202,-0.03587573827441548,-0.028678565889643348,-0.011336517789770406,-0.024879979745344505,-0.025455033936388483,-0.025677883699462
2021-01-28,-0.03498532347550798,0.02589109914853327,0.01031502491400449,-0.033246240146660666,0.01759730314164676,0.016426208854889213,0.0002788654943624014,0.015656259896250857,-0.0006253833839524603,0.00435320826250063,0.009760625975629766
2021-01-29,-0.037420848311589094,-0.02917172376240562,-0.004693042476120901,-0.05015373491403896,-0.011067464719005216,-0.02209745027377663,0.0011156368141687079,-0.026487358607218403,-0.022678196092051794,-0.011197290303805785,-0.019311475173124593
2021-02-01,0.01652018998135185,0.033152265453352925,0.019034205961109496,0.058321672867634566,0.007383100014090482,0.010455298460912532,-0.0027854639544462323,0.0017843370149925875,-0.00868403479461044,-0.00858453444807139,0.016051767614439383
2021-02-02,0.00633687624593926,-0.0005841997073867677,0.024155800227658508,0.039270726531715816,0.030782440522416854,0.035714249405812026,-0.022626044633793696,0.015805810090811168,0.010770491266249183,0.004053115441319699,0.013898223484416938
2021-02-03,-0.0077783811678995285,0.014571514964054622,-0.0019363404162026088,-0.020738065332563282,0.011451055063985693,0.0177248260095364,-0.004286719115696114,0.039228260619409205,0.0030545511598008,0.005321000297492828,0.0010087690809532646
2021-02-04,0.02575749084243495,-0.004074235459678777,0.009885118510458257,-0.005499119810906672,0.023013206371266248,0.029132422551297,0.001434962817618901,0.019190468210076084,0.009419318529888088,0.0063881087535346825,0.010853322230420792
2021-02-05,-0.003097945980545691,0.0007851534194136534,-0.005360739207395437,0.0026353496607176563,-0.0019528452496742066,-0.0040000313286919775,0.0008599722506299479,0.03351954049628958,0.012839355940799102,0.0032642904026276565,0.003897495164625342
2021-02-08,0.0010969321329568071,0.0011147475033923548,0.062375932793759414,0.0131302972383458,0.015654466511811238,0.022242775191182007,-0.0028638497886802616,0.04304305840017664,0.004641321708036994,-0.00488069434938021,0.007399348360373592
2021-02-09,-0.006573579421941922,0.0053616019733360165,-0.01215489149050153,-0.016168321643152184,-0.003996180289918327,-0.0042307570673755235,0.00430814820744585,-0.011711914894544484,0.005515958743040006,-0.0009081131108089613,-0.0011135249921484514
2021-02-10,-0.0045585719426007865,-0.0038970296697536932,0.03512501886413477,-0.052550944303998315,0.0005734585991836738,0.0009103860669466002,-0.0065773718339458,0.009677886411271208,-0.011657396781471818,-0.0007272655646639592,-0.00034518493235935477
2021-02-11,-0.0019204957385309251,0.006877498743084187,0.03295142022154951,0.008498789811735685,-0.002792699052913905,-0.0030320579620926047,-0.008923412746883241,-0.025038713821264102,-0.0007631132357998061,-0.00655044084408507,0.0016624551635393559
2021-02-12,0.0017760068380614502,0.0020451517021196075,-0.018982628504682464,0.005494900903412869,0.014217000476069552,0.014902486910648438,0.008423095619740195,0.0136435764962628,0.003124288624498206,-0.007325744127740452,0.0047110331133788375
2021-02-16,-0.01610387732956231,-0.00526570132720916,0.024663683874458053,-0.024383660823671938,0.02407052114511732,0.026970316730635213,-0.0008643261667899971,0.030087086492915915,0.008237107483995754,-0.0009227426667672844,-0.0005692724183511411
2021-02-17,-0.017643780356979666,0.004359708314565891,-0.027674139802025488,0.002423867227268506,0.0031112591497306497,0.0040851455324761865,0.005765461240486269,0.015564456914092695,0.010572548722961317,0.05244688552337351,-0.0003204020092266724
2021-02-18,-0.008636799602304124,-0.0016792508238979709,-0.0051655866860012,-0.013493691045324274,0.003376950425923564,-0.0063934054854938305,-0.009458268127449654,-0.015704365469652704,-0.06480947123388558,-0.0001752369921139696,-0.004415835627354592
2021-02-19,0.0012336198864677517,-0.011566916167116692,0.006574872601512016,-0.007721833533733569,0.016690657998486014,0.010236728482281743,-0.003472302986340381,0.006728062265312751,0.004939485628512319,-0.009301463591479875,-0.0018548966445751658
2021-02-22,-0.029798900690836905,-0.026808466736592318,-0.03823740122950903,-0.08549845855559934,0.009390592746751913,0.017660628283523216,-0.005226386037591624,0.03685291766586718,-0.004698487774251414,0.0,-0.0077328394581538396
2021-02-23,-0.0011111455420830252,-0.0052875704684340885,-0.014889418068680937,-0.021917429429917368,0.008031629955906006,0.010526706704389488,-0.0102161722729881,0.013812490004434741,-0.016123202498302902,0.010274477332651077,0.0012563181187927874
2021-02-24,-0.004052340551842781,0.005487016524857724,0.025243810447342918,0.06178807266392283,0.017595222123764964,0.02421179696522935,-0.004718213579988584,0.029972861402195017,-0.01668271274089761,0.0015780551754041028,0.01135161376597904
2021-02-25,-0.03478256953558534,-0.02370484446148191,-0.08217809594089309,-0.08059082496045278,-0.013571673700741638,-0.012369662640345336,0.002074183778670635,-0.016578715489790175,-0.009458741144863891,-0.010854327874835423,-0.02447880752512621
2021-02-26,0.0022317562191249696,0.014804084466119027,0.03058460663062723,-0.009850152211020369,-0.026524813005200487,-0.033955103117144336,-0.009757581889930367,-0.024928231285537006,-0.015384689942257945,-0.02123891663672628,-0.004750214169902844
2021-03-01,0.05385125130340396,0.019622960024951563,0.009278287966941745,0.06355291148192554,0.02262702391312632,0.031115215641184468,0.005971822746551059,0.037336793915020206,0.011161039656310212,0.0010851705280199297,0.023790763506800205
2021-03-02,-0.020893718791622273,-0.012956810273707209,-0.03146274991624465,-0.044527636486599076,-0.003255899640156934,-0.00726453481409739,-0.005342734607835964,-0.005851184553954836,-0.009591313730653361,-0.0068640933829045014,-0.008080851690870694
2021-03-03,-0.024456529912473268,-0.026980653810455446,-0.04486702139436871,-0.048423758283395735,0.019332069257604,0.02504913937211839,0.026260783490649864,0.008025826125765967,-0.019368301307076563,0.0072751084886277795,-0.01306622187199813
2021-03-04,-0.01581184138069569,-0.0036473664336400535,-0.03393277933284233,-0.04862218183112743,-0.015368471910289005,0.007174355353407158,-0.005524761122216337,0.03874726189752198,-0.0004705358036110052,-0.010472897581431662,-0.013417213930100202
2021-03-05,0.010738341060948287,0.02147932609942793,0.0073765679986772525,-0.03779931353128296,0.002324699314250056,0.011780824517742206,0.005555453676705735,0.037812926015959425,0.01246783672647589,0.021897687634280905,0.01949596819778221
2021-03-08,-0.041673661943455786,-0.018177984861060148,-0.06967474428540743,-0.0584496728285433,0.013252840191084081,0.005415469735811973,-0.0011632523418104723,-0.00098463209013544,-0.009603591375168086,0.014107050708057178,-0.005359231030161227
2021-03-09,0.0406497967995294,0.028101345913243758,0.08033296593157413,0.1964120760817838,-0.00706315989331574,-0.0218150354871266,0.0029115901371388198,-0.015442965989681978,0.007897981591666658,-0.010389097823039095,0.01415464230382213
2021-03-10,-0.00916672931012752,-0.005817455023621743,-0.0041531538556809355,-0.008195069108326458,0.021734799021187357,0.028909824526644368,0.013932906649821497,0.03070275042885462,0.025525905301887253,0.01565839629028498,0.006030313342701321
2021-03-11,0.016502937043671118,0.02026514119116385,0.04212690513391215,0.04721134236531421,-0.0052210574342138605,-0.0034790551679575454,-0.006298053975848927,-0.0074471182091554455,-0.00037837285160369216,-0.027505491359809064,0.010395487004435822
2021-03-12,-0.007625783186762658,-0.005819611988232554,-0.010582120497885983,-0.008390501992574073,0.011858409176961349,0.018797353951278684,0.006626138662561676,0.010765112371932117,0.015061161012193125,0.002161846604861628,0.0010153984958789497
2021-03-15,0.02445686288964599,-0.003987287997245792,0.026077461254221168,0.020483461206222575,-0.004995337365397812,-0.005008029462970853,0.013451528540050939,-0.025496400933730623,-0.0051450448983424435,0.00017980464820555042,0.006491921301497117
2021-03-16,0.012742917355488936,0.012350452461939332,0.007580694035755675,-0.04387377195940423,-0.01197151988869627,-0.002914033098883273,0.011861192538991538,-0.02119544513400151,-0.00029943867000203905,0.0,-0.0015696837343783798
2021-03-17,-0.006450567977405508,-0.0028186703456961615,0.003761865745985471,0.03683074261011732,0.010292507476141521,0.008235983075508546,-0.0011167098256920083,0.004398636484068463,-0.008321799478623326,0.0019770229797613226,0.00287938213053085
2021-03-18,-0.03390492917518029,-0.026662056449522686,-0.046378654343814496,-0.0693207276395118,0.016506617840685633,0.026087057714309525,-0.0005586662104990481,-0.043119409880673865,-0.013056874051412759,0.010044650647874853,-0.014760539319459198
2021-03-19,-0.004480221165182874,-0.0016037843757874537,0.00968756070619059,0.0026180050626212203,-0.015921188569974154,-0.010529048699699506,-0.0067094117534098885,-0.005632758491099343,0.013307039264770726,-0.00124287306901949,-0.0006027039747036333
2021-03-22,0.02833565839554386,0.02448463317050642,0.026506753977574293,0.023103830299388672,-0.02687896947990831,-0.022579965490485132,0.013228297082125584,-0.010267392730262559,0.004781732147146389,0.006223501261111375,0.007025118077311765
2021-03-23,-0.0068887182322731055,0.00673735933924724,-0.008759094733603923,-0.01170146456365928,-0.01000215607465671,-0.020180486306365486,-0.01777793724244847,-0.012341366264053799,0.011860804022703952,0.005654374029337772,-0.007630854183940605
2021-03-24,-0.01999342013163319,-0.008923139934799318,-0.032725676810370086,-0.04816058727810213,0.007761167872528674,0.0,0.0070703597750689795,0.0202825723890534,-0.006196894795877483,0.0017571434604368719,-0.00546733601831495
2021-03-25,0.004163411841936249,-0.013250634548772733,-0.00852259198543237,0.016056627401557888,0.012813999115677932,0.0205961261480605,0.0016846095569302832,-0.0028398742853255055,0.006761136117429789,0.006490349756968161,0.005240265846959469
2021-03-26,0.0051413530760737736,0.01781877261899023,0.024251646685404804,-0.03385438241576766,0.016650049952889878,0.027084557744857074,0.016260428074335476,0.02723381389969126,0.008357881067882378,0.013941818811712858,0.016631202604519668
2021-03-29,0.001485007555698692,-0.005243724135848948,0.008489688222618863,-0.011992667021112458,-0.015539306430756739,-0.009565642847220501,0.010206916116119569,-0.005371626422186138,0.011396425278163536,0.011172433454731623,-0.0008680126852336212
2021-03-30,-0.012274385299001267,-0.014410626193156917,-0.005908337383776718,0.0398010788512122,0.011789135179011145,0.01774997194339223,-0.013926901150148607,-0.012369213081232289,-0.0068047301754505796,-0.0040796901015980325,-0.0031578329337678124
2021-03-31,0.018765534301503184,0.01690739985542189,0.03701919798480002,0.05083220558444035,-0.014564713596333156,-0.007694299695355067,0.003323049787094412,-0.015170306986782456,0.0006631941073791392,-0.007509651740293277,0.0036224990395776757
2021-04-01,0.006958842142943622,0.027908646438589813,0.0347237435527159,-0.009252455923120073,0.009721792250160677,0.02067726662271685,0.0019324777226163992,0.02794191452973216,-0.0015460366492189292,0.0025795555907659473,0.011825201774944727
2021-04-05,0.02357720125822249,0.027728251496276668,0.01272460759573324,0.04427659122771899,0.005300902858703216,0.007850147795349427,-0.0005512968296351728,-0.015507794583784928,0.02809316119760097,0.00977696440887632,0.014438226417743616
2021-04-06,0.0024623168682964547,-0.004858056666002475,-0.009008042946812234,0.0008247761127986308,-0.007030263822267124,-0.0027639380226034405,-0.006339466226465085,-0.0028319964224640115,0.00480529934640872,0.004076828797667353,-0.0009735307519511682
2021-04-07,0.013390391988563177,0.00823041642593303,0.020344141736958532,-0.029857428208930892,0.01566786371757578,0.009070448150914956,-0.0038836314753714074,0.0044373964500168395,-0.00214164600718203,-0.0018610523940788548,0.001475232784985625
2021-04-08,0.019233636197568238,0.013405503963957788,0.012267098284660882,0.01912159613436426,0.0012264898107472444,-0.008739186556627754,0.0013923446272650075,-0.010426050545048526,-0.000643671273891866,-0.013225469493203246,0.0042206328286402695
2021-04-09,0.020251579052524615,0.010266631888913302,0.005797307640261984,-0.00991515573303492,0.007478059611066845,0.007304763697508987,0.017797785021498758,-0.002321376213618387,0.0005011212335594983,-0.0019097458552995716,0.007719934348738189
2021-04-12,-0.013232905095385994,0.00023432629881048328,0.05618040414783332,0.03686741230129442,-0.0021116132747576177,0.001750286725028971,0.010108968704179322,-0.006622341227071282,0.00014289301317127467,0.0008696367535698801,-0.00019607884876882142
2021-04-13,0.024306499782784652,0.01008157900669171,0.030935646891236068,0.08595690364784803,-0.011926551317643863,-0.018472137994526183,0.005139680990935425,0.0037836331091112285,-0.003075746566261639,0.00139044492971796,0.0032944868090414303
2021-04-14,-0.01785324565814539,-0.011218918445534687,-0.025670483348717132,-0.03947166704647509,-0.01869044311050516,0.014242099504748973,0.00026890070578544645,0.028899653537795222,-0.00035859102285251687,0.0013884239789561104,-0.004087726727828533
2021-04-15,0.018708066115824096,0.015298083615024938,0.05631031754639437,0.009040931223980753,0.006348695269039251,-0.028585914679460367,0.011568661020890714,-0.005931577657973031,0.006029408507237433,0.0,0.01109419052516647
2021-04-16,-0.0025280175790722836,0.0047780057102948525,-0.013927562722789721,0.0012587029151958085,0.007425962811703046,0.01058318439035899,0.02579799505651237,-0.005615790433074808,0.0032105257363677087,0.010051936900953073,0.0036088195555097347
2021-04-19,0.0050687324183347204,-0.007670321106874933,-0.034611113717762265,-0.03399658468630862,-0.004240153780821654,0.0005111594106250728,0.009333313201329352,-0.0031769168940574133,-0.006400850868814478,0.001887463366899933,-0.005306560094486046
2021-04-20,-0.012830097841008747,-0.0018548427131567236,-0.012400771149920664,0.006101017267521991,-0.022142393165088148,-0.027827374751169254,0.002568602672857967,-0.021069608769384685,0.007730345060142918,0.0,-0.006802319771775922
2021-04-21,0.0029298512032345236,0.00898310064142005,0.012474145479835386,0.034951793439894185,0.008508250867956813,0.016806817279969133,0.012810938230908508,0.01284133752757688,0.002912163309386484,-0.004281608091802669,0.009306055472153574
2021-04-22,-0.011685521379781183,-0.013086143821476215,-0.03321828913058189,-0.03283069676699324,-0.021057422129149406,-0.009297788776969962,-0.022514512595630864,-0.013035605565388964,-0.010835736899839632,-0.01479179719230661,-0.009210657476561801
2021-04-23,0.018038886830862744,0.015476070597647107,0.027945675710272955,0.013491908213451254,0.019135280309598768,0.021376610799651807,0.0005172024231092642,0.005427912330341567,0.0016468874458566152,0.00034907549041318653,0.010928696540176919
2021-04-26,0.002977821371343392,0.0015316918641166133,0.013936841772602016,0.012064715006025795,0.0024637637553515113,0.00587007290542374,0.000517836319690046,0.0019793309866285025,-0.014224609490916196,-0.006282709867307723,0.001782270924804541
2021-04-27,-0.002449862666621061,0.0016058168407322437,-0.00621865764266516,-0.045326479073682924,0.004582731757074132,0.011926185202763229,-0.005946373386539916,0.013110857397194309,0.0034080032265875193,-0.0108886072868013,-0.00021489588801437698
2021-04-28,-0.006026635228425503,-0.028285744927947776,-0.006826220827543805,-0.014672094304228334,0.006479347637456945,0.003761130282456726,0.00936283212418898,0.030136569950850678,-0.0035408553699831646,0.001953149178212099,-0.0008455399168898481
2021-04-29,-0.0007488141232987466,-0.008053044569954593,0.003142050875071245,-0.02505755171974844,0.01944461315155732,0.026980008951441814,-0.005411134167488285,0.014283231760785942,0.012618606669869248,0.01577185527330993,0.006762806734045723
2021-04-30,-0.015133233494948106,-0.001306851709850676,-0.020571133043786882,0.04791723957558203,-0.008892685100457154,-0.014108656454847268,0.0012954422701934032,-0.028842956175134105,0.002005458045354569,0.008199500234596924,-0.007194706699326425
2021-05-03,0.008215023527770704,-0.001269002251798268,-0.011509455632855548,-0.034590632711300584,-0.002925611130785266,0.0007403118496902561,0.030530552993643933,0.027603122672121172,0.01579588174795954,0.002249461853277346,0.002748090747253684
2021-05-04,-0.035385493598029116,-0.016159793856833415,-0.032722824010556706,-0.01649874089928194,0.013823684545652526,0.010847953372438601,0.0030125616190164184,0.00629020986845874,-0.00985091701023355,0.011740297371040986,-0.006678337608227225
2021-05-05,0.0019555080224400445,-0.00532710947554027,0.007473186443682556,-0.003948959080373626,0.013120611879485544,0.00951225158065827,0.0005006167067058698,0.030072783770379807,-0.0008528493697442796,0.0015357664803894444,0.0007034637617677753
2021-05-06,0.01280252809167548,0.01322667746027717,0.004461071630371682,-0.011029338520784915,0.02012476954829001,0.01497947392491783,-0.009853154719945967,0.009512958206151945,0.007140522870124233,0.010223245816495696,0.008165456466051824
2021-05-07,0.0053271052435655,0.010931876277360031,0.019916691382435348,0.013307460953421169,0.0034225889361323425,0.004046483752793595,0.009951331257660678,0.014297336012070172,-0.006026425674213076,-0.009613443885583273,0.007373341616968343
2021-05-10,-0.025804317101683738,-0.020914086148357658,-0.036895288214571886,-0.06444373139784076,-0.00012413088248575121,-0.0030819111503411767,0.0070743031906312925,0.0024025845721391548,0.004422455378478851,0.013623700551673279,-0.010435647322188157
2021-05-11,-0.007410270421559062,-0.0038434623681231628,0.0028390183593478557,-0.018822278764288547,-0.016623253051705977,-0.011414867591922118,-0.012794909611524852,-0.031799288882903065,-0.009018713957064883,-0.01646490848195592,-0.00867391280271812
2021-05-12,-0.024938520259097485,-0.029362793575511414,-0.03828736077847983,-0.0442482129268541,-0.006874886286768578,-0.009381820166434518,0.008640556711313696,0.005358272173326739,-0.02586890818475074,-0.00222090878791259,-0.021449400664502738
2021-05-13,0.01791969410581462,0.016862015367002492,-0.006777534975069277,-0.030853203980896415,0.02572220754808696,0.01602736439293828,0.010329916272552087,-0.012325202512031952,0.016919263818963026,0.0068484059965820965,0.012173141406923493
2021-05-14,0.019844797564300354,0.0210672309827582,0.04227868233645338,0.03157303299711356,0.015541660127052825,0.012428231104664844,-0.001995115798209768,0.0247893228403413,0.00925938998538034,-0.002040759632895073,0.014917956876899785
2021-05-17,-0.00925853482028327,-0.011968447969120888,-0.005441137076950153,-0.02189098294684022,0.004024180128721078,0.008970537685426772,0.0022494310376777182,0.02336668190340707,-0.004515614489205233,-0.012778990781711852,-0.0025300521932207776
2021-05-18,-0.011245866597771048,-0.008565164211308485,-0.010571582674359203,0.0018029458511532592,-0.014088635755957646,-0.013570387101172754,-0.0014961320838245973,-0.02830016899408272,0.021743636350542106,-0.013116911934334397,-0.008517292959364653
2021-05-19,-0.0012814734769596159,0.00247396959291013,0.003567339465455621,-0.02493638386588848,-0.007637949668023225,-0.004506444181289204,-0.005493093911857816,-0.02399492120562796,7.065758226776353e-05,-0.0045470096980306796,-0.002943411456817757
2021-05-20,0.021012285188724666,0.013820523309368227,0.03887102920761065,0.04138712802336375,-0.0017380525944408198,-0.0023828318911998103,0.007280677389848611,-0.0023736082374216094,0.003523088828097931,-0.002283935422013883,0.010554741756143349
2021-05-21,-0.014767234808907181,-0.0053148942439708025,0.025953946553917806,-0.010054917128925145,0.011378427698190308,0.012658615301729848,-0.004237146800262437,0.001359719363771772,-0.0047044285146301545,0.0021129825890344733,-0.0007838806801412357
2021-05-24,0.013314094555518574,0.022882133213522726,0.04137250063289266,0.0440022264046771,0.005410141223345155,0.005424175906765694,-0.0035041759989112853,0.011710730947467995,7.06512722048469e-05,0.0012300275937957572,0.009911292190138532
2021-05-25,-0.0015736544358562199,0.0037482411891764933,0.002290161984524808,-0.002885668382965889,-0.01033381606296524,-0.014543758230547987,-0.012057459252503233,-0.022647209476535535,0.004091374811907578,-0.00877493512256855,-0.0021252837802967495
2021-05-26,-0.0003938178067451892,-0.0009137276494074476,0.0033390318416464115,0.023879957500782645,-0.00012355607873437702,0.000714127806100473,-0.010424657295618367,0.011671848279113828,-0.0011944648406730929,-0.0021245799986403524,0.0018768165702687245
2021-05-27,-0.01237673613424961,-0.008668563103193083,-0.013503300606298896,0.018929840154243704,0.015571915474631215,0.012131406265544875,-0.006937246464810087,-0.00644722236072115,-0.003375923196503039,-0.0012418462298584565,0.0011653145418315525
2021-05-28,-0.005348145177060504,0.0014842217969317506,0.0488445616076727,-0.008924522802159496,-0.0006689579794308953,-0.003760379328709762,0.0020695820033531653,-0.003244685960667737,0.002399371875952294,0.003552794684293703,0.0007688818911402162
2021-06-01,-0.0026482196829534788,-0.009131569281430996,0.001230806071913726,-0.002111268599623961,0.011019789637914723,0.012503024612300573,-0.005938149326002451,0.035806238075086094,-0.0026051646381944904,-0.0019470871245041987,-0.0004923335226864056
2021-06-02,0.0062760945000188695,-0.0004040450520194083,0.031587205182710854,-0.030100952337768105,6.047614117177247e-05,0.0004660583428373055,0.007532255444144598,0.00793911018391169,-0.0021881367014099373,0.004788806013674263,0.0014469348384307246
2021-06-03,-0.012154149455501306,-0.006429786974409324,0.011413685720359057,-0.05334476431283097,0.0006624864888309379,0.011459291021908902,0.004640563599660696,0.003938363816344603,0.0017686046525675625,0.005825130721943683,-0.0036287033416374515
2021-06-04,0.01902228747055279,0.020674911386165062,0.035857959355331204,0.045754470575515516,0.001624903503446129,0.00046225821662226885,0.004618938520649651,0.004413296932288757,0.0017654822125126035,0.005615984045904465,0.008834095710505974
2021-06-07,7.939545058488484e-05,0.012042077533522155,0.0023182915018231665,0.010149431698305733,-0.004686319317996457,-0.0034666799258297187,-0.0040870560694540314,-0.0065093871287685845,-0.006697163747412249,-0.0017450408034270781,-0.0007967387044511831
2021-06-08,0.006671921146496063,-0.004885643333691458,-0.00919456553390674,-0.002544921741878703,-0.003984202403878423,-0.005565723391056654,-0.003590644641029095,0.017690101549850512,-0.0075940358980242095,-0.0008742275693226498,0.00017502486450582388
2021-06-09,0.0030771383693901644,0.004038447846567372,-0.005429078948263055,-0.007968981371759054,-0.012484788692283422,-0.01305943980180535,0.024710687857780522,0.008369684982545644,-0.005363664739374219,-0.0017497119015915663,-0.0018238673194856947
2021-06-10,-0.008023164458556109,0.014393274557268798,0.0038456996537017396,0.018938501740255687,-0.015588775529070564,-0.014886976628374793,0.0218532511298275,0.0015961585647277232,0.005751925128934188,0.005083231682987632,0.004652243012262192
2021-06-11,0.009832453800556529,0.002526913236073236,0.022969764930121928,-0.0003770180312155924,-0.0006858635787765355,0.004077928973441836,-0.013028140237676067,-0.009242995659934805,0.0062197641873682485,-0.000174309738878331,0.0019484346695590737
2021-06-14,0.024577865256759646,0.007755159692306668,0.01085527647352702,0.012789221849023313,-0.0169688975196155,-0.01194473055372447,-0.012951579063153473,-0.001608334609701556,-0.0013500914072028802,-0.0026165539990186115,0.0018152018730952513
2021-06-15,-0.006437550564708072,-0.005887175580560955,-0.012778122991783936,-0.029675082579620482,-0.015167815780246618,0.0007253333244376936,-0.001009170968661266,0.03641046204903975,-0.003983806159907677,0.001923864362239458,-0.0020116937805257917
2021-06-16,0.00393409371186193,-0.0037930470220289836,0.0012225968784023156,0.009193155632698069,0.007023853409179104,0.0055568929692100255,-0.007325001067584713,-0.0035754615156834424,-0.020357332211088153,-0.011345832890972796,-0.005390124612855707
2021-06-17,0.01260085582934889,0.013676134805929108,0.047556749686261446,0.019392614586788648,-0.028860264198986463,-0.04372880351603947,0.004580090824222616,-0.032917369525701234,0.004156144154137564,-0.0019421143012623432,-0.00043571559205179966
2021-06-18,-0.01009173026050958,-0.005634210179751964,-0.0009914799405092989,0.010882243306208572,-0.025303207121150417,-0.025628170426347574,-0.016970892772782187,-0.02564899594330383,-0.018515807191142875,-0.01255939751854862,-0.013124468779900589
2021-06-21,0.014103796855793105,0.01233497957438634,-0.011347359404106805,-0.003978800587379094,0.016968370413505074,0.02501256331689361,0.015717755043308745,0.03625819468901348,0.009099508547845359,0.010211143708681814,0.014002289962720793
2021-06-22,0.012698334568222336,0.010965529495487791,0.024936008784484764,0.004638983624973836,-0.0014620655396228033,0.005534842019243591,0.004819785992349557,0.01917233411933461,0.004618726563624831,-0.00035458489900130896,0.005124491902218642
2021-06-23,-0.0020898904078154867,-0.0009038177000955105,0.009027291847913732,0.052684766182075515,0.006057961960374225,0.005754526051724218,-0.01413782998318247,0.007367919247196708,-0.007808151962395371,-0.005322229218597374,-0.0010832833431588806
2021-06-24,-0.002168849195082312,0.005353129940528278,0.007779516133600506,0.035411302984154513,0.00919806691996694,0.015671418561702843,0.003585443422829959,0.004045949890721712,0.00698720406237241,0.0053507069072391555,0.005811249724885448
2021-06-25,-0.0022487767839406425,-0.006261825655564102,-0.009086246090615147,-0.011694312026312326,0.01009771210406285,0.019348449710060445,-0.005358636492922564,0.00217001170167741,0.011832570793841812,0.00017740148725553517,0.0033305973193167304
2021-06-28,0.012546150023179381,0.013961129088294388,0.050128875323571354,0.025079265670402195,0.0018177065046312002,-0.0014415007602712748,0.0035915021894468158,-0.025518275832607462,-0.003104217272842824,-0.003547492715093692,0.0023149642620619026
2021-06-29,0.011499746397444222,0.00997322061456507,0.0020889160745498625,-0.011557681931349095,-0.0012311456284626043,-0.016121223099091142,-0.0005111006422869879,-0.006189467391627068,-0.0057929202587740924,-0.006051865111923016,0.00027733619326086867
2021-06-30,0.004621916717543417,-0.0018424548223633375,-0.0012107698016864399,-0.0015570796861551495,0.00908266335679997,0.008315001239478814,0.001534527208864267,0.007346125363457023,0.02709403721686443,0.0034024339758134126,0.0013281596467464851
2021-07-01,0.0022629515659329247,0.0025838458688751675,0.010473621370439723,-0.0026188230779432553,0.009900779592888487,0.007518707358323384,0.010214653798133133,0.0028534561552844284,-0.012054985675065133,0.004640614261545384,0.0052216268542757405
2021-07-02,0.019596551120128813,0.022275829706164263,0.013605664416842522,0.0014456370513082906,-0.0009602667584019953,-0.009388577395174513,0.004297124966857968,-0.0014227772638280012,0.005670483645920266,0.002664434257862336,0.007500081663913916
2021-07-06,0.014718649289316765,3.573328129102826e-05,0.010323650965399889,-0.028457809785947363,-0.01679158345531173,-0.026245569918667222,-0.011074736435577104,-0.028494782502861526,-0.001213388946485483,-0.0005314523454104103,-0.0020218560598241897
2021-07-07,0.017954724593661764,0.008175757484137014,-0.01578593021801078,-0.022635628571399224,0.0011733058993408374,-0.007986111783614414,0.0015268555525775884,-0.01564248197254614,-0.0016435562006001936,0.0021273086888717874,0.003358975310182588
2021-07-08,-0.009199352399547611,-0.008966772448113502,-0.023022216869104106,0.012658037290573354,-0.017253476451766336,-0.024402201701756776,-0.0025412554751510497,-0.004469549665587991,-0.0008589724112522124,-0.003971124715736796,-0.008561024934316985
2021-07-09,0.013054889067266817,0.0018745728079654356,0.007410852248008304,0.006341837079579582,0.03199932208740508,0.03249084990282891,0.009171915572540712,0.018124269838940554,0.005086258590336401,0.00700411189058836,0.011277947808795874
2021-07-12,-0.0042038563415780494,-0.002230771210946725,0.023054700574692166,0.043762819403298625,0.014315923951212728,0.014735087696061688,0.003787048737557086,-0.0009798903469233622,-0.0017818412173764564,0.001426921914703394,0.0034511743312370946
2021-07-13,0.007889520069272127,0.013197603892316279,-0.012796683818237176,-0.025025526817094024,-0.014873714413657146,-0.01895120473598122,-0.0027665179244117377,-0.004740719666323168,0.003784570317875602,-0.0010686207159756878,-0.0035168126585656267
2021-07-14,0.024100355988168065,0.005445292269540936,-0.020173173781801945,-0.02267626253562338,-0.003405004661185651,-0.02508812938551186,0.007566144169763422,-0.022174844998612886,0.006899796373704525,0.004100547531612708,0.0011649345752446916
2021-07-15,-0.004492069712723756,-0.005238632951036104,-0.044111964326125075,-0.004254796226577984,0.002192010923654175,-0.0007717747891043958,0.003504361065596706,-0.009742874941729984,0.0007770556167410181,0.0040838017085971234,-0.0032622408541723713
2021-07-16,-0.014075968819312612,-0.0009965322217554418,-0.042457128521695475,-0.009806316575730611,-0.022835107438485047,-0.023435726883614505,0.006485266653470267,-0.027650704270919202,-0.0007058422156333011,-0.0015915020414661862,-0.007538854211077806
2021-07-19,-0.02691456746927523,-0.013321455593260256,0.034070369266921974,0.003104482057777691,-0.03251945732533734,-0.026107300158852098,-0.00495642832262555,-0.034368435929392205,-0.002330915959493085,-0.010981025632660457,-0.015869512427409305
2021-07-20,0.025973923218463257,0.008339238548140226,-0.008932681713389234,0.02209778342837665,0.01864333642480198,0.02057940355104737,0.022415946645148788,0.011020769197573888,0.004531332728153981,-0.004656365994513578,0.015162609437855634
2021-07-21,-0.005131607359524004,0.0074466021362789014,0.04287581016474906,-0.007888019850240235,0.021040537375292434,0.020429942699473624,-0.0007306962110239512,0.03216578102858114,-0.004933925568341269,0.006657163178119596,0.008241819990835397
2021-07-22,0.009628517283916782,0.016844417434092485,0.009479504361991742,-0.009202007847976312,-0.01262609910353174,-0.013000798971236294,0.010970200088365134,-0.011253467124968108,0.0007082920371799251,0.0,0.0020166699583279435
2021-07-23,0.011989299385280816,0.012336715770892459,-0.001837169430625618,-0.009056424875986235,-0.0019212985035200747,-0.0068493049550722995,0.005063724435643957,-0.0012255842457314925,0.008211304843310785,-0.0012512113465721342,0.010145452020822843
2021-07-26,0.002894561259537687,-0.002140547193637321,-0.013498220905244107,0.022133069927244398,0.006704749114438524,0.011405831782165254,0.003119022858328213,0.02524528701942974,0.001403966683347413,-0.0017894867492350697,0.0023821998626283314
2021-07-27,-0.014900266682580932,-0.008683637823005519,-0.004457309012646515,-0.01952494819687267,-0.0013188284154057595,-0.003933769652452401,0.006935886842504457,-0.011114759141412578,7.021537389984012e-05,0.0075295946831082095,-0.0047124448070912095
2021-07-28,-0.012196313385878121,-0.001116755989759577,0.015357998400328698,0.0034120354402995545,0.0016505420270442883,0.00394930530982851,0.032066821028866155,0.006743795467959446,-0.004066219480584721,-0.00854108510680962,-0.0001862618826539153
2021-07-29,0.004552710868578114,0.000978240074446246,0.008152646192427282,0.04694118807423009,0.008569674192829835,0.014424538201291748,-0.00627025035398765,0.012195339943654071,0.0012670587312979542,0.004666303093810553,0.004206152980007483
2021-07-30,0.0015101551214142805,-0.005549486146152138,-0.008290163611121892,0.014541928508582602,-0.007973892169619856,-0.008272986829254259,0.0004673513847710531,-0.02307820972623098,0.002179557270729271,-0.003572671995788257,-0.0054060480514769305
2021-08-02,-0.002330717889443057,-0.00031619489302281423,0.01287238832362414,0.032697928666004294,-0.004018879683697851,-0.010427753001086781,0.026862775838426334,0.00017344555000287087,-0.0023150699467054947,-0.0003585389505479375,-0.001842805614891363
2021-08-03,0.012644130338457904,0.008075289128487428,0.003291211983337483,9.862621233192037e-05,0.011377846326307672,0.015542832661177064,0.03912650510704685,0.010767683541128115,0.01124994918082911,-0.0005379551834429064,0.0082034265474622
2021-08-04,-0.0027823713320570542,-0.0021243393626870777,0.023164106641223592,0.001662548831768751,-0.010791809592331836,-0.0072632051514054385,-0.010726774730352329,-0.023367761695874067,-0.006813569531648689,-0.006459860052675959,-0.004632387901412294
2021-08-05,0.0007487727381529918,0.010505573875366325,0.01790484720999408,0.005218642492307302,0.012628735991578877,0.01959745398710444,-0.0028766665301097616,0.0063335097861974,0.01855195675149779,-0.001264132046602251,0.006005446813494242
2021-08-06,-0.004766887472204107,-0.00020714726149340112,-0.013131726448457504,-0.021731523084098203,0.028403178834209397,0.028959559907771215,0.00022190375426034414,0.011538610124949722,-0.0017871971088254668,-0.0014466971779681925,0.001675266241764728
2021-08-09,-0.00034236729497105767,-0.003903876060284195,-0.003486189629318903,0.020969779282746792,-0.0010791158136208567,0.012951303613865317,0.0201908209018391,-0.011406989322458316,0.0024101819794486445,-0.0018108749586881467,-0.0009399082741974318
2021-08-10,-0.0033539091546088695,-0.0065550469096785635,-0.017689028445413868,-0.005281893495678203,0.012267153531939634,0.018686932134112988,0.04806437606972347,0.017133187342073697,0.021294179406063263,0.006531069978323423,0.0009926793341701323
2021-08-11,0.0017856030986380667,0.0017806837114955343,-0.011888045691999638,-0.0030563570472872392,0.011930306309414718,0.012551689472388938,-0.03901233146311145,0.002921835867038425,0.00894534871156738,0.0016222888935484292,0.0012757437876824707
2021-08-12,0.020773400925212515,0.009966515274690835,0.010457087059806858,0.020386528392057013,0.003908876623638147,0.004767476817057137,0.020082125430615383,-0.0022615795165512598,-0.0026764571948998395,0.0012596748677782266,0.004146380281677686
2021-08-13,0.0014103131537683833,0.010490081362758197,0.014217722383643272,-0.007033557040174165,-0.011187054596635604,-0.012336870647595144,0.026248858573317824,-0.010113395141702175,0.003153199356265679,0.004133711349100677,0.001607306655808216
2021-08-16,0.013547887415192639,0.0059756621418478595,-0.011789330936128772,-0.04322549735370618,-0.006563384952669282,-0.008167300246337383,0.008869642949263623,-0.014620477132463838,0.008158747542033051,0.0019688336914329696,0.002620850702215849
2021-08-17,-0.006153775502003467,-0.00515965004919916,-0.024661509724670072,-0.02981764971635037,-0.01208083249243841,-0.004843892339198574,0.0308728924924202,-0.006792774912089072,-0.00033167418308299723,0.0035727639067757444,-0.00706069881494753
2021-08-18,-0.02550112059729115,-0.006119293400040582,-0.021482170094893727,0.03497015710402862,-0.009107639275296453,-0.007300680111074209,-0.022014777919944217,-0.02105865443563293,-0.0106169339798583,-0.012638103761492436,-0.010748470745585936
2021-08-19,0.0023229110087250593,0.02077533779874363,0.03981088122537568,-0.022525688289902868,-0.008355733202974669,-0.014709589666904832,-0.01034266805510653,-0.030520155417306793,0.006773894868910446,-0.0018027136521773235,0.0012566922329095842
2021-08-20,0.010156697085792477,0.025575440185299447,0.05141919905058656,0.010082056516856452,0.0028518950501728035,0.004478585939619695,-0.0016394776693612334,0.00018954010957350498,0.008926587073633252,0.002709000408306128,0.008141567655737925
2021-08-23,0.010257302211489794,0.0009527993603928309,0.05486201767237464,0.03827951753459824,0.012797310092604652,0.013376280115720895,0.024835677729231564,0.04114535887709381,-0.0066025836399215,-0.0018010901437508497,0.00852379036424833
2021-08-24,-0.0006012734384666096,-0.006663455145417552,-0.007514751406281328,0.0031006472789956163,0.00619003968937526,0.013932923368710659,-0.031043243355881045,0.008195203766043324,-0.010302481037125832,-0.007398025781961137,0.0014957363013194946
2021-08-25,-0.008421325569777482,-0.002015666169855712,0.01927225420525036,0.0038250458739308435,0.02061265412924551,0.016152525039074828,-0.017982826612107705,0.0018064979922043367,0.0004028070961306085,-0.0014544174352008055,0.002220118224179668
2021-08-26,-0.005527077263295488,-0.009668760562924428,-0.006527390509434627,-0.014116975997208181,0.005157883768910576,-0.002609742308277374,-0.002736193726587288,-0.013523326125203239,-0.010808180537001832,-0.006007671775688617,-0.005824918819612557
2021-08-27,0.007184315068246461,0.002106734270060473,0.02573852957305589,0.015346011908018209,0.00803710839490801,0.010703911205811156,-0.01646261852978137,0.01937469781981216,-0.005632718015946447,0.003113680726446466,0.008807632480425154
2021-08-30,0.030417309877744714,0.012912133847792662,0.0022972255984781143,0.026674352644943333,-0.016007398149280205,-0.019534005207755722,0.0034334417541319606,-0.010937622608534037,0.00805328866952193,0.0,0.004306570844779589
2021-08-31,-0.008424827470750018,-0.005632814510832751,-0.013181071371086484,0.006580834075438302,-0.0030539886349090217,0.0021603303771697835,-0.014756268969872255,-0.01160247515758328,0.0027083506133245283,0.004199467915211974,-0.0013491160395050494
2021-09-01,0.00447885930229619,-0.0001659044663626652,0.0025015825632095368,-0.0022155233598405433,-0.0014380916710793334,-0.013413113421736567,-0.000650904783095152,-0.01375665197534337,-0.002160729734152267,-0.0010910581224427007,0.0003116886257619189
2021-09-02,0.007474936303055957,-0.002252805491528842,-0.0020051064810969743,-0.002315788147756681,0.004633159440308843,0.0009759874021839643,0.017376016248949133,0.02436311451423956,0.0052781526145109225,0.006370786180131871,0.002842638410522902
2021-09-03,0.004230283515668454,-3.298731432255231e-05,0.019958997035427695,0.0016111325842673718,-0.006045098730247056,0.0007315905527358613,0.0,-0.0038124879417165136,0.0046447238268891855,0.0025321080325149126,-0.0003350311257153127
2021-09-07,0.015489393980220978,-0.0031876493107267923,-0.007923593056457734,0.02637783858939624,-0.0017554694898668233,0.006577307052388681,-0.0019215521586281037,-0.005832185684386704,-0.013266508809785305,-0.01100490411527777,-0.003395574405981705
2021-09-08,-0.010083530814906316,9.949314533463927e-05,-0.014253011386905712,0.0012617502122473923,-0.004459644997336865,-0.013068761344861235,-0.005133690890015585,-0.009165783701413521,0.001290210238908518,0.0016417262002024202,-0.001318566739775151
2021-09-09,-0.0067048044935038575,-0.00985962501476123,-0.007251906369825423,0.001313231087076927,0.004353309006848827,0.003678428169880288,-0.010320363335267202,0.0007400625071649625,-0.0070528908709516225,-0.008559490133694725,-0.004605608657393345
2021-09-10,-0.03310193644157122,-0.005180971506631993,0.013572666249090481,-0.024627038366134335,-0.011495533143563219,-0.016125347263415413,-0.009558967571650645,-0.002033771222863634,-0.003619599341471602,-0.0038575595019767484,-0.007722578759925436
2021-09-13,0.003893538560070686,0.004328602423824268,-0.01450317186650274,0.00914066245943812,0.015886834609849076,0.01663782807712577,-0.022153873780552336,0.025750378145590336,-0.0056895036837737445,0.007191578493557227,0.0022764876184568905
2021-09-14,-0.009562311803063883,0.009428234797500323,0.00406278971489038,0.0020053498586631857,-0.01745257773589981,-0.026868703294335994,0.0029162476466764176,-0.01426780964008223,-0.005238965267076234,-0.003844564772810699,-0.00574663850657553
2021-09-15,0.006143550000633269,0.01677830713379258,0.004451148737248056,0.015231899000174076,0.0069398009530936555,0.0075303298221798265,0.00134173576097818,0.033712059153050866,0.001732413276371858,0.002940438600530948,0.008473996979569742
2021-09-16,-0.0016103627060386483,0.001312143701496682,-0.00443142381074868,0.0015347617076681974,-0.00044277546201088036,0.007722616317466624,-0.0067008897641661624,-0.010634548442331582,0.0033207770026273398,-0.0025654230491884977,-0.0015511404489350067
2021-09-17,-0.01834786825370016,-0.0175284059565759,-0.01537632020877111,0.0033025333532406,-0.0025936923588378846,0.0012361815066950221,-0.013042713183113785,-0.01182363018893895,-0.0020687838145636572,-0.0027556899202265672,-0.009110872450405094
2021-09-20,-0.021360934916926477,-0.018574608175321194,-0.03593617005845784,-0.03860484330594227,-0.02993390332824064,-0.03432081039648138,0.007063509146268743,-0.026649774142730176,-0.013749441466204049,-0.0003685417396743773,-0.01697731100841482
2021-09-21,0.003427600643463924,0.0016990789385280536,0.006299600265782468,0.012613531089680885,0.00013088841723041256,0.0005113265073108941,-0.006334970444798249,-0.0009312599599855531,0.0019613991938645103,-0.0042389391263762954,-0.0008123585165593639
2021-09-22,0.016872513819951696,0.012821871003763086,0.03271184143152239,0.0169871810945057,0.01915278226956252,0.025811532489582456,0.0006832131102176842,0.029269122727016983,-0.002307330234855187,0.000555370601316385,0.009519611195260236
2021-09-23,0.006719285242435591,0.0032823737518099527,0.024657303900453176,0.00226081461648886,0.033801353834032044,0.03861468456588124,0.005460639483428675,0.03387077550907547,0.0005605353951994019,0.006659320402690572,0.012134715784494876
2021-09-24,0.0006129607451763608,-0.0007009662654686721,-0.017836766371428836,0.027533059916662994,0.011540085372857112,0.010794203471167663,-0.005657365911418966,0.008934616438450504,0.0028017878731694257,-0.0009188895382078455,0.001461009046688222
2021-09-27,-0.010549913889109974,-0.01730393740993219,-0.019065977602257922,0.02191406322043732,0.02416582532448075,0.026578030478546566,-0.008420495155708418,0.02969288431337458,-0.006425776450109999,0.0018390908149743534,-0.0027763826213396126
2021-09-28,-0.023801270146566633,-0.036203831505095097,-0.04436762132109662,-0.01743835612317879,-0.005389772957360539,-0.002311965402621463,-0.012164440299306412,0.010455068391785893,-0.01230251054329412,-0.005690961376500825,-0.020364110556098214
2021-09-29,0.006482883987899868,0.0016930446470559968,-0.008792670912926015,0.004822778775393388,-0.0007827876278093671,-0.0020851533700873004,0.011384622089380958,-0.0006673371191311395,-0.0004268895984781418,0.004062181395209308,0.0015691842194003325
2021-09-30,-0.009311717142843956,-0.007323754213583777,0.009699646359675906,-0.0074618094773734045,-0.01361864394472212,-0.014395212252617418,-0.0119458057322811,-0.017701975057627717,-0.007547619816171247,-0.0068041589823337745,-0.011909714125195148
2021-10-01,0.008127140992358894,0.025468192959973823,0.001254800647057408,-0.00033528879108346565,0.021015411512108395,0.014841109516654738,-0.001859957267660639,0.035872125021191525,-0.01671698690685519,0.005369331469980976,0.01149147763018199
2021-10-04,-0.024605739483774758,-0.020719558696487228,-0.0486935023296905,0.008139621398127517,-0.0010769870648250635,0.006035171695362385,-0.011879848859849496,0.01296576504351199,-0.00963153375324488,0.0036832075733972403,-0.012985898136748442
2021-10-05,0.014158763553209663,0.019956834574313076,0.03643808523161085,-0.001202850103416031,0.016330192171464253,0.02030479712473987,-0.0023573694741380047,-0.0016204916310821327,0.006557281047961494,0.0001834326431180422,0.010524514660609219
2021-10-06,0.006306849373336032,0.015064322636360261,0.012175758577811724,0.0027671424905384434,0.0021346358670364385,0.0004521413125426754,-0.007088703965842158,-0.018338140425328886,0.0073196430036075455,0.00036689239311349375,0.004102792854185466
2021-10-07,0.009084683867156995,0.005936216050457244,0.01811595375206365,0.013874260399496352,0.006330332648208703,-0.002712397530005961,0.01713458234586307,0.0028103154652090456,0.011771372969768823,0.0001856906133961278,0.008298280656405366
2021-10-08,-0.002722183576293613,0.0,-0.01157771573923938,-0.010231834522373306,0.0007641812666938641,0.004986188689980686,-0.006785094963100202,0.025057865790379052,0.003016314914554341,-0.01224500346312829,-0.0019137230947889883
2021-10-11,-0.0006294902452529394,-0.0021025838756906223,-0.0065290135202842325,0.008211528565575943,-0.021031608885157316,-0.01262937402821962,-0.009187035025664536,-0.009971255242925747,-0.0009305339400791368,-0.019909761211608812,-0.006865763848056816
2021-10-12,-0.009103094894655661,-0.0045883351050891585,-0.0011594462878808942,0.01740026730336086,-0.007681011448353425,-0.005481988800869919,-0.004993171175858513,-0.005197937522481322,-0.0010752089684830102,-0.01628984197783334,-0.0024167805585421087
2021-10-13,-0.004239847341195424,0.011711295134585464,0.012964879255952466,0.006652379022320076,-0.026366696572613035,-0.009187208133830005,-0.010274446674819915,-0.0027760449364852002,-0.007246550574784516,0.0003897051277428343,0.00302251448379387
2021-10-14,0.020225386402916934,0.021734040274207445,0.03854049211882771,0.008926471099504285,0.015341542924775409,0.044738324191394785,0.00603511582410321,0.015228331046739374,0.010840562805278342,0.011100190063201953,0.01706310194558336
2021-10-15,0.007512607722733655,0.004822564089876469,0.005334186329128965,0.030195999501915205,0.019208477011524394,0.028844150579824923,-0.0043192164219783,0.009516238742712124,0.004861697813561161,0.00674106861293744,0.007460210377712606
2021-10-18,0.011806374296048139,0.010124559320373372,0.016467172661669416,0.03212224493643445,-0.0003599789661362651,-0.0019411761821827023,-0.004097779715907968,-0.00047926023347233393,0.008039875888950387,-0.006887279326702522,0.00337476955709759
2021-10-19,0.015079932055140022,0.003058886666885696,0.0030600340181747843,-0.006711860640270406,0.012128416472528158,0.004321548412881793,0.018635281311332186,0.015025537067460126,0.021245195887028112,0.008476152665959136,0.007393339551406308
2021-10-20,0.0033612739007431447,-0.002660331954565498,-0.00838957187282341,0.0017703140411262641,0.01346614526947576,0.013123983557136176,0.016868524709984678,0.0055117388936296585,0.009053748621181912,0.02406888351885783,0.0036640298040166996
2021-10-21,0.0014740478667618628,0.010897470444676705,0.026648016852708567,0.03257101073349511,-0.007843342684072496,-0.005521239798035871,0.0014021832790271915,-0.018167471138293756,0.005547864755500509,-0.00410377941893969,0.002995871849622578
2021-10-22,-0.005284896172248699,-0.005148660788513504,0.0014983694016912352,0.01753910755951127,0.013451113484185706,0.015801704048583165,0.006999276070576821,0.006859014932783625,0.010421740666627377,-0.008615762698095164,-0.0010725536274130976
2021-10-25,-0.00033649575569627554,-0.003331734571607181,0.019361077373578617,0.12661598362581983,-0.004890218616440234,-0.0012614422751516807,-0.0002316724669665371,0.019486682085245954,0.01159506993845194,-0.006612532657743753,0.004748196569493546
2021-10-26,0.004574770054815325,0.006426175716785165,0.06695151894229645,-0.006274050392506725,0.002691065608125376,0.009471637814610023,0.0095020174438738,0.023154547104472734,-0.008730077802900471,0.009509273262793938,0.0018197952535197182
2021-10-27,-0.0031475801505550516,0.042113823567881736,-0.010761793851151058,0.019078438805710585,-0.02082841233847077,-0.019182417978708344,-0.013544837698669432,-0.025971910242226115,-0.008201693920809605,-0.008477748054765755,-0.005051568068462853
2021-10-28,0.024991746284567906,0.0036515354303334746,0.02004018022403553,0.03775074872979922,0.015074873755808627,0.015731344470411246,0.004887088598615863,0.002806719789293366,0.0062361204326919495,0.0032301896067388203,0.009829281576461124
2021-10-29,-0.01815575895043331,0.022413973792973385,0.025098876034143514,0.03431629436179362,-0.002758885999459615,0.0,0.012969007145374967,0.0024879026637139035,0.006534203294184193,0.003598451835580274,0.001949334719149265
2021-11-01,-0.0056072970092537755,-0.006784972281273616,0.01016966430744426,0.0849102277797451,-0.0005298960160904365,0.0014648102587710987,-0.002286116191121179,0.017992758315649837,0.0024761865409583805,-0.0007549939182112109,0.0018000771431341267
2021-11-02,0.007115827527383711,0.011415987779108239,0.022224739749020728,-0.03027499529203259,0.003945943516452832,0.0006271649562168413,0.04147585570969925,-0.012341813549026748,-0.00046718996594707907,-0.007176517044179986,0.0036803630854131963
2021-11-03,0.009798978665713998,0.0026115389415699575,0.007461848691913131,0.03571673801973452,0.0003520286264420136,0.010233869404251417,-0.013861693450836987,-0.013730236200612755,0.003072329045076927,0.007038328698955265,0.006461279195357994
2021-11-04,-0.0034986998402580793,0.00730525458161746,0.12042251626221967,0.013222297879683653,-0.01313577030965507,-0.02150097559582642,-0.013054207110041793,0.007508354488146685,0.007324363888796537,-0.020589557086371224,0.004181942361150437
2021-11-05,0.00358211662752983,-0.001129202884646241,-0.0016440429625419473,-0.006358169933862068,-0.0014260502211673742,-0.007606217186434616,0.1085517953896098,0.009470510487769701,-0.006940434776985027,0.007521960216830825,0.003732799652949259
2021-11-08,-0.005552395633233842,0.0027670774169687995,0.03535885398580407,-0.048400709533862996,0.006009979602542792,0.00787748684634959,-0.005759934175596171,0.010765985523150778,-0.006390443717262384,0.001722929967924225,0.0008877879113036169
2021-11-09,0.002459342263669617,-0.0030859712252914173,-0.004772093966355806,-0.11990303254359858,-0.007571163746836418,-0.009716956282168954,-0.021311977839510554,0.009738031711842066,0.0034836445145380868,-0.0017199665859494173,-0.003498775895770745
2021-11-10,-0.019163233880064356,-0.015329768338305683,-0.03907757539425383,0.043429451929624774,-0.0009534879617683067,0.007465848134549091,0.03636367545114316,-0.019700385629927486,-0.009012595873133522,0.006891135860634723,-0.008225823395229703
2021-11-11,-0.0003378600459603698,0.004927323986039678,0.031603286243928386,-0.004157528824601409,-5.951588573926969e-05,0.005504873790067144,0.023663943202269166,0.0018692528285770837,0.0004042191075526169,-0.002851639351869051,0.0005509400447352153
2021-11-12,0.014336883892340113,0.012905034269449889,0.0,-0.02829310201599211,-0.004474880912650248,-0.012213129828138936,-0.008967906695557692,-0.007619390265840242,-0.0049832182220399535,-0.002097221377988734,0.007222656026415475
2021-11-15,6.649376207334967e-05,-0.0019303963910636268,-0.012010585485502712,-0.01938224449936754,-0.001797813601873588,0.0029846859276447812,-0.0016086456549235795,0.008618180700950662,-0.005752475669372981,0.0011463607321320346,-1.0739820344718431e-05
2021-11-16,0.006666727016929164,0.010236062081040886,0.005928458378390511,0.04079376842602822,-0.0072046171684153615,0.000637646255665425,-0.001007060050758679,0.010097862569820482,-0.025457931291795854,-0.006488444135820504,0.003865229864862485
2021-11-17,0.016489822767455697,0.0006785934204576183,-0.031189037506169526,0.032501208284666294,-0.005382242490658218,-0.01210728518117421,0.025604876873947635,-0.010919850660718655,-0.008591131365685456,-0.006338894076884594,-0.002601625374463401
2021-11-18,0.028536123090038945,0.00634001800757189,0.08249902475344162,0.006767610267700563,-0.008633926150623084,-0.004084730795037128,0.010615235112146904,-0.010884704647110222,0.008595280477505796,-0.009472570789206158,0.0033847802152713324
2021-11-19,0.016976318652397904,0.0053916302737810895,0.041357503864371425,0.03710391800920432,-0.013063575128098082,-0.01986204106836953,-0.011865315133728127,-0.046219216227997184,-0.0053787028935837755,-0.007415518933503562,-0.001398665559303236
2021-11-22,0.00292732966328324,-0.009559633074960439,-0.03119602475316563,0.017422122080461122,0.021315261319625245,0.019383095501525505,0.007874003739358315,0.013845404066984202,0.016784915034529613,0.013369614020978915,-0.0031971365563219223
2021-11-23,0.0024218203248738135,-0.006326771511871332,-0.006571517197685672,-0.041352932727292124,0.023912172972009538,0.026361120912800073,-0.0023437369960520593,0.026337341227406608,0.007114191640447132,0.00407454101479332,0.001657132912945114
2021-11-24,0.0032839196623735134,0.000681306532399395,0.029231928437093213,0.006284772484400847,-0.00784409788095164,0.0027371081205116443,-0.003719808549303094,0.005543865831331374,0.005006636923801544,-0.0017392439000448734,0.0022938506357221833
2021-11-26,-0.031678657337826155,-0.024355923021838866,-0.03583872742502203,-0.030537595031082,-0.030126885646314938,-0.03926096540109447,0.061112268772913314,-0.03512904055536248,-0.011191439306560191,0.0027102151537790053,-0.022724822637582465
2021-11-29,0.02187365194495161,0.02108123945541629,0.05945458486063204,0.050900227900227524,-0.00432285975750224,-0.0037150345143590613,-0.029629407778596017,0.005551053929752081,-0.015666306168840793,-0.0027028897410438235,0.013200199537034996
2021-11-30,0.03157779698994134,-0.017942667598613293,-0.02097332357723236,0.006833823403773698,-0.014885687868064101,-0.024567037033796146,0.025381704166737906,-0.02841380180602837,-0.014021924019025134,-0.02690657508924954,-0.01896131033450521
2021-12-01,-0.0032061662330530316,-0.0015424813902724654,-0.03786100509557799,-0.04346763456194869,-0.005918003795512106,-0.014166680010286536,0.017680821297085147,-0.0008355665997963335,-0.024817073897945074,-0.009946140874885323,-0.011815187417889228
2021-12-02,-0.006130027358446366,-0.0017874970798648082,0.021981800453841238,-0.00949773919092467,0.021027553233502694,0.028879165600144585,-0.029992577304688406,0.02492070758483722,-0.012177166311027388,0.01928848502086633,0.01419443613158311
2021-12-03,-0.011724264527878447,-0.019666813263394922,-0.04460545869765231,-0.06419876077133224,-0.01811326418434689,-0.022722161120692363,0.023189777048973292,-0.006364267715791017,0.015058628268963536,0.013601539249211037,-0.008448563730297565
2021-12-06,0.021502611735435773,0.009844867593950424,-0.021372899047558347,-0.005872086315763081,0.011813358470821989,0.006382515979644676,-0.05140947489766001,0.011331758447276963,0.010835442527812544,-0.006806617386461489,0.011730872577451423
2021-12-07,0.03544634064389163,0.026763341364737903,0.07956831653475027,0.04235837141187604,0.015047855501098883,0.01268368886932647,0.004662260969415799,0.011205005591430561,-0.0032373149932407586,-0.0054826517770376615,0.020707080374404274
2021-12-08,0.022783067359922304,0.0001495486581768457,-0.0185339517591514,0.016363195584229162,-0.011441613635710612,-0.012301303203114844,-0.006187281764132302,0.0028905835649595257,-0.010104542820556173,-0.005906725397537782,0.0030852853123166657
2021-12-09,-0.002970104613793656,-0.005582409654575571,-0.04197814511140541,-0.06095644581905246,-0.001555066551631179,0.0074730152929853855,0.013229559594676088,0.0025621367214097024,0.013909148565437679,-0.006535903611157523,-0.007181080169894716
2021-12-10,0.028013257710722828,0.028339892295931257,-0.00957709975400367,0.013179927022311633,-0.003988791627760557,0.0006742734408613504,0.013440629024413564,0.006388723265340346,0.018267140908879487,0.0005979899064492145,0.009549073338481762
2021-12-13,-0.02067425983721416,-0.009167024128537538,-0.06745472082618653,-0.04977243020772959,-0.011888385622415343,-0.02111421315294504,0.0458508795726682,-0.021901065097863714,0.018010164025351605,0.001793100206329834,-0.009136167611567658
2021-12-14,-0.008023189886512405,-0.032586919438357675,0.00624983990666661,-0.008174578197676308,0.007661963003785077,0.012620460574566783,0.006159327229358302,-0.0014606255483220476,0.00954240662095196,0.007358990355584405,-0.0074706775774360246
2021-12-15,0.028509059173024376,0.0192178511351766,0.07488445952798495,0.018236618133556703,-0.007477998659504603,-0.004305493777944203,0.05869634339113694,-0.0043872724925198,0.005726630380497033,-0.0019744844962108488,0.016348464630746795
2021-12-16,-0.03926382589708444,-0.029134957006765938,-0.06802576393313187,-0.050277132790258694,0.01563888643613942,0.02412387125657678,0.04166678332959739,0.0016320572438313086,-0.016670186211461546,0.04352107693342999,-0.008743415379980468
2021-12-17,-0.0065018116713494445,-0.0033855883982191193,-0.020643436116886793,0.006095449446181567,-0.022754319445226767,-0.02488878719125931,-0.028897838411487298,-0.02183483325955693,-0.03202196000010138,0.007962349217867537,-0.010287680637092622
2021-12-20,-0.008121925276682318,-0.012013629450822294,-0.0029493810938436837,-0.03498927121736173,-0.01798921411258214,-0.01640869300761638,0.025890773295073277,-0.014492620214512253,0.0032435782533428714,-0.0015046846626978194,-0.01138805785140995
2021-12-21,0.019086969290234235,0.023069079192661546,0.04891946378864209,0.04288056302579579,0.013966382640757447,0.02386499437489742,-0.03392323981299372,0.0226503500001205,0.0030170824521371653,-0.005839128308537722,0.017777934551572505
2021-12-22,0.015318657580883688,0.018057450746885362,0.011178053430882073,0.07494705523716627,0.003907962056108882,0.0020365530405126453,0.010178061451801668,0.008099223069453432,0.0012892078047790356,-0.00018949947475799256,0.010180197220578835
2021-12-23,0.0036438998312322557,0.0044717757661927315,0.008163143379332105,0.05761886305530961,0.0035738863436876045,0.0031616613135152516,-0.014105717176280397,0.0004918868984551406,-0.002217318514843414,-0.001705625809343636,0.006223699921661829
2021-12-27,0.02297479426409743,0.02318564512993171,0.04402832930022793,0.02524839149906688,0.005723011716962212,0.004952817291449474,0.00834621341959263,0.014257487782817435,0.009104543706730084,0.0,0.01383893524747526
2021-12-28,-0.005767270544916769,-0.003504324899394007,-0.0201325060367592,-0.00500027534279357,0.003034774293936282,0.0013440155827006972,-0.020101334426099293,-0.0032314158307549246,0.014350650171524038,0.0007594368816061792,-0.0010101548486260992
2021-12-29,0.0005021247590248912,0.002051409165937823,-0.010586408013026238,-0.0020947102761840197,-0.000504157519777948,-0.0015658817329524677,-0.007412376141465948,-0.008753425520430569,-0.0004903661366575385,-0.006828394888358402,0.0014018951394270118
2021-12-30,-0.006578204922616515,-0.007691418998663768,-0.013832916582401267,-0.014592268383646134,-0.0005047355787752839,-0.002240495899231698,0.014241002117683088,-0.005887125448468367,0.0032233811081130437,-0.002100923167043134,-0.0029897555945093135
2021-12-31,-0.0035353212435460524,-0.008841160492061295,-0.005914866025632959,-0.012668840823859995,-0.0008198401975649805,-0.0008983833605326064,0.011130004522147408,0.006579922549301731,0.010616964585711708,-0.005550157730671357,-0.0026261799136575448
2022-01-03,0.025004249807462298,-0.004668046909933943,0.02414061449948779,0.1353166841897706,0.02115514123238804,0.03798576570096612,-0.040643378362897775,0.0384049845924741,-0.00027649828186226966,0.009237759122675993,0.006374052530970564
2022-01-04,-0.012691808117663461,-0.017147201892935393,-0.02758851825515707,-0.041832696836128,0.037909943948704505,0.03919459836227701,-0.037422871031920324,0.03761405032539322,-0.018320378672262105,0.01964150484189564,-0.000629621957060511
2022-01-05,-0.026599750170539616,-0.03838786156767138,-0.057562438765830226,-0.05347121367683638,-0.018281957459928555,-0.01687870048034734,0.020172505822313447,0.012437645327508351,0.013521295042319581,0.010286072933977097,-0.019392757790687165
2022-01-06,-0.016693377176580926,-0.007901793143888725,0.02079404610979374,-0.02152337383085412,0.010623796627300619,0.020135988066999566,-0.014201048901744895,0.023520405196449712,-0.0027791877585539027,-0.004812854862272009,-0.0009637690162076495
2022-01-07,0.00098837462011514,0.000510008294573927,-0.03303996241426299,-0.035446567451716815,0.009908374918815799,0.02181583471420967,0.016046796600714286,0.00819670634118741,0.0095455602804293,0.021084378658298375,-0.004050216740091761
2022-01-10,0.00011594591789232389,0.0007319876905818035,0.005615195423013919,0.03034195341380186,0.0009571220319397611,-0.005083505935965182,0.009332177532713315,-0.005952029352941479,-0.001932315408279206,-0.006821743024120641,-0.0014410312534549607
2022-01-11,0.01678401317442524,0.0022592762432949165,0.015219077879226939,0.005935024657598653,0.0010162874370323038,0.005722481502640653,0.008001507073620129,0.04206207016801433,-0.0028354869300494245,-0.005197732546302181,0.009159984668711818
2022-01-12,0.002570191977677716,0.010445261573082343,0.006542698469156116,0.039289748931841784,0.0056717012392171196,-0.007112032601081397,-0.000705530883802985,-0.002943317482618779,-0.005270397038423802,-0.0026122575566135398,0.002817754443029452
2022-01-13,-0.01902824587079055,-0.04232283993615915,-0.050858896585940006,-0.06749107331435766,-0.0012467396284360222,-0.002047051338272099,-0.019594185466469627,-0.007169131004552853,0.014152485896164801,0.0013096906580791767,-0.0142436152864307
2022-01-14,0.005110818394450378,0.017716848067179214,0.013809917952785522,0.017497758575059086,-0.06146335751969889,-0.0174322572579102,-0.010622843123177406,0.01755645085068247,-0.0028188070808433663,-0.004484561724236058,0.0008199802697488323
2022-01-18,-0.018893883377155807,-0.02433952307521514,-0.03856441389364573,-0.01819724123253097,-0.04192808901756262,-0.034439554952254814,-0.01528662588764429,0.016835931054790754,-0.01750956722593011,0.00281567764484536,-0.018387945694007368
2022-01-19,-0.02102506075836741,0.002247099977578104,-0.03227415082233809,-0.0338278969185718,-0.015469010030135344,0.00389112383574286,-0.01053417189575001,0.0004105115094146239,0.009963315132456962,0.0013098045580521855,-0.009689541868338813
2022-01-20,-0.010347098824694756,-0.005703382539908208,-0.03658203431067042,0.0006227038828787723,-0.008527654945714391,-0.014858021875712057,0.009525580439621484,0.0021883744057356047,-0.018896825171233034,-0.001868929805021291,-0.01103737849414832
2022-01-21,-0.012764908981061529,-0.018468158975031734,-0.032132568723022614,-0.05256606712507206,-0.01747236425070664,-0.018141906093600113,-0.023311618549888724,-0.015012753861571526,-0.007293599033257436,-0.00449454524789572,-0.018914821867908604
2022-01-24,-0.004864555210669086,0.0011481935989892111,-8.554275815886303e-05,-0.014726129872195681,-0.0008958542734335273,-0.008236972232245843,-0.023678699022213645,0.008590816390294798,7.132184769509387e-05,-0.003762238474712687,0.002771738943381896
2022-01-25,-0.011384385991003443,-0.026588000477179463,-0.044839783126872534,-0.012473124842489969,0.010900121666607143,0.01975326671356359,0.01940241997081893,0.02939938884456761,-0.021754461398723723,-0.0011329244230690039,-0.012171906253646725
2022-01-26,-0.0005636321117526988,0.028493202794303008,0.020067972607654694,0.02069905258271132,0.009486060478017588,0.01034554466880011,0.00894534492953647,-0.01014244636731787,-0.01020788131366468,-0.03553868772865598,-0.0014966358477518371
2022-01-27,-0.002942997852494189,0.010548908849176142,-0.036360330436020494,-0.11554175561970448,-0.017644725837668296,-0.009368227343438007,0.014446117377021617,0.012808307504164729,0.0006629803709659043,0.003331844372911341,-0.00538408875771057
2022-01-28,0.06977791932846156,0.02808186713601324,0.04083132025343672,0.020805692766870276,0.008946470774838788,0.00879698601502854,0.017987587948413264,0.0021299380879962193,0.012367463928935729,0.03340508039891765,0.024347646888076113
2022-01-31,0.026125439127479444,0.008823583518142941,0.07206642456845813,0.10677611383930952,0.013573705703450845,0.005886170913943278,-0.030185958560414616,0.00903299714930661,0.016652184031803685,0.006238151681273951,0.018885951732779516
2022-02-01,-0.0009725645878972955,-0.007138649060022817,0.006207565227883016,-0.0058395266373975074,0.01715968427124137,0.017338490456965117,0.007212045577238646,0.06411259768368138,0.007867764891389406,-0.0005635889449728815,0.00686300355780145
2022-02-02,0.0070442143648663524,0.015222034648020744,0.024514923356305784,-0.027479191598914543,-0.008005272028002275,-0.0010650732373133076,0.014885951403171838,-0.0025980607497657626,-0.0004256585788674494,0.011278229572664111,0.00942251544733641
2022-02-03,-0.016719652857237866,-0.03895244432621847,-0.05126375792122728,-0.016032495024878912,-0.008269873379581738,-0.009810286570821725,-0.00891197239021313,-0.011659375756590817,0.0009938268262770222,-0.00018602825107949528,-0.024391082077444004
2022-02-04,-0.001679308041676597,0.015568494392477428,0.015492196136370762,0.03611110968421327,0.025958381438620837,0.03984489551005921,-0.007118821131719022,0.021711523823426004,-0.011773792489547463,-0.008923358259094183,0.0051569298644233985
2022-02-07,-0.004234674307502573,-0.016310462415397353,0.0168179253989571,-0.01730718642133755,0.00334272118309209,0.004764011315565808,0.003962220627992563,0.012037686715574036,-0.00983279265629089,-0.005815169371920836,-0.0037017126347429485
2022-02-08,0.01846655325452118,0.011995630947260416,0.015367269880931067,0.0161571905234128,0.018815046658964274,0.017934297875036753,-0.02837822679569202,-0.025852378722387437,0.00021724859047256295,-0.0033961134810965854,0.008401207191663262
2022-02-09,0.008294086272977008,0.021834514918871895,0.06360513105522347,0.010845920427172029,0.004167930981602064,-0.0020249766426988502,-0.004448628146777489,-0.004787055007268615,-0.0021737684917259026,0.012873777774903283,0.014517207887505545
2022-02-10,-0.023599033171375794,-0.02837296370167519,-0.032990067578184235,-0.029452771017468238,-0.004150631436245833,-0.004667251809310491,-0.01690299860255884,-0.009620608588853496,-0.011693063372313683,-0.008598053781152748,-0.01811572566845976
2022-02-11,-0.020218439824989498,-0.024274145539893266,-0.07260700788111019,-0.04925102969626416,-0.013017081176544765,-0.023037844088298898,0.0035573273811542183,0.025179164313355207,-0.005511586607520602,0.005279164063680453,-0.01896945434456343
2022-02-14,0.0014231968233973102,-0.0001356169815653896,0.013278414397485783,0.01832566437213501,-0.00929042601756902,-0.010434075649387031,-0.019298818582020205,-0.015334846420748227,-0.010197577562127136,-0.0009377606592065879,-0.0038405967262932217
2022-02-15,0.023152577363169335,0.018542419077872685,0.0918119148634875,0.053290764282768466,0.014624217673234075,0.007802807455037586,-0.00020110425924158015,-0.012534627120876274,0.0031358766940139393,0.0016895913101773186,0.01576672117072042
2022-02-16,-0.0013892855770325507,-0.0011673916472453305,0.0006036570684782028,0.0010407532409399955,0.0018094709240703555,-0.0023020031625966553,-0.002209213663169507,0.004615689093096176,-0.006251426736763377,0.0007495896135747415,0.0008812077558950637
2022-02-17,-0.0212689284745724,-0.02928213129082513,-0.07559110469574615,-0.05094269900666093,-0.023032677793375367,-0.03376674795242618,-0.015700422458874708,-0.0015314566276677377,0.04006586099388709,0.0033706737179373114,-0.021173138152195015
2022-02-18,-0.009355917422551041,-0.009630791739076439,-0.03529612094942147,-0.022103035296720752,0.004689078014598724,-0.002387206530059749,-0.007566407282273757,-0.0111207665692582,-0.006408478000202611,0.004665957256872133,-0.0071661613961429005
2022-02-22,-0.017812211481670337,-0.0007293004984870732,-0.010658875909959509,-0.04136624223452856,-0.0017749756606071365,-0.008703381063839277,-0.02060581010408369,-0.011634276116643583,-0.011159994098016934,0.0013003518846281814,-0.010142945264832837
2022-02-23,-0.02586405210281495,-0.025893240256397387,-0.042881831027877015,-0.06997917599526948,-0.020938633172619014,-0.017120319078550494,-0.013886059271681295,0.004054364243474939,-0.010260425986124089,-0.009090921801965024,-0.018412122845487655
2022-02-24,0.01668020278863591,0.051093460309610705,0.060794409017911555,0.04807345500262783,-0.027843206251725983,-0.026351255953681152,-0.01941539722204788,-0.012634931789188952,-0.0038503389897353024,-0.01535272145204336,0.014956856067329216
2022-02-25,0.012965481384959121,0.009233297005853736,0.01722246343958922,0.011364031324829549,0.02365944037099932,0.03256893323451915,0.03829418331185641,0.026912573008557317,0.013751737379094298,0.029092723933819453,0.022372677655603468
2022-02-28,0.001637563617757909,0.00497785475642365,0.009438162412906514,0.07477746853358713,-0.041697383124476795,-0.018214089731234395,-0.01634548541439096,0.007451520104438947,-0.008945679584781763,-0.008314811104833342,-0.002442603440647617
2022-03-01,-0.011627537045262426,-0.012851736396983005,-0.03723598707175557,-0.006962143345558558,-0.037729275294692055,-0.039140280496087754,-0.02535144332070083,0.009563844750569706,0.0061407324475366565,-0.001117843301042476,-0.015473503680411893
2022-03-02,0.020587859135630326,0.01776576700567012,0.03182377753119514,0.01795529711451649,0.020739961672560314,0.016246514141806445,0.0426232073970394,0.017178369043662434,0.0012501852579613892,0.009886191833057945,0.018642691757321028
2022-03-03,-0.0019812517617885383,-0.014224319012649311,-0.020891485362137807,-0.04614210448825773,-0.007107760478101577,-0.010709752030605757,0.0027253221629814917,0.006333150859950898,0.022987843582809253,0.009604830264769326,-0.005254666430088317
2022-03-04,-0.018408112382658826,-0.02047866018310729,-0.032807795077188784,-0.0011915196265851469,-0.02812928692293315,-0.03624401380476738,0.01714403412088017,0.03763554779736333,0.025342670989616956,0.008232665145295748,-0.007934042550334475
2022-03-07,-0.023717649261680518,-0.037776698951824006,-0.06906165802127806,-0.04021280504200253,-0.03861602405343145,-0.06373623363956038,-0.013771743753779764,0.03603263337580964,-0.008052160206153625,-0.007802685219187366,-0.029518158313449172
2022-03-08,-0.011676101806550543,-0.010971484975545898,0.007587056140506254,0.02463394210323222,-0.0070429794131028345,0.006520524132820338,-0.011254835706181354,0.007575911648563638,-0.02068181082198106,-0.02615222983089005,-0.00723375351819977
2022-03-09,0.034997680220528515,0.04585857613412103,0.06972186463597008,0.04193357517885765,0.040062510046849464,0.06348820171438296,0.02761390014582088,-0.05684672316573114,0.005189801211322953,-0.0031922194874746124,0.02569824789143582
2022-03-10,-0.027186481030705423,-0.010086694395898599,-0.015468477426543337,-0.024063755330148706,-0.011840324957244852,-0.009015940777055254,0.009230610596639988,0.031042405530092188,0.02273005618175028,0.0028256232116825597,-0.004291813651667864
2022-03-11,-0.023908630829287403,-0.01932839260061303,-0.0246273026989019,-0.0512345859010529,-0.02252407368935061,-0.008359667731672071,0.021748148478075935,-0.005154433703157935,-0.003926291667041615,-0.0035693651889296962,-0.012961545123475138
2022-03-14,-0.02656230764379608,-0.012961206798752345,-0.03484171560088256,-0.036436802368687404,0.009930946654393313,0.02157191211459608,0.03938728092166932,-0.03579868159290478,0.013937072635362924,-0.010180940504140201,-0.007421002465963666
2022-03-15,0.02967736780914243,0.0387424500421607,0.0770278671869058,0.046348355546253384,0.01774589749156741,0.007281524866814104,-0.0007657782651597778,-0.056912439543640225,0.012009645228204358,0.004952290137518078,0.021408574170870942
2022-03-16,0.02901548665228315,0.025213582240668053,0.06629498812724433,0.047812040425278646,0.04468602615820605,0.031325281717989206,0.013599069169193179,-0.0037554447270521374,-0.0029495722945799274,-0.005117390585993364,0.02238376135718223
2022-03-17,0.006453977900234165,0.0028191442349192464,0.011022364142399432,0.037335010469022656,0.012644395159409516,0.005373741492452622,0.024943296037410745,0.026647430218891932,0.0015193735956786636,-0.0024769038787662012,0.01234781757145198
2022-03-18,0.020918948500417756,0.01764789286547286,0.06811736781382627,0.03876779427650434,-0.0003565771338055468,-0.0030210675030875045,0.004977631623363843,-0.0039252255087759425,0.002965202218159879,-0.029793387478122213,0.011662294827948783
2022-03-21,0.008537448094775746,-0.004227308405988728,0.010622832425539741,0.017417963888751054,-0.003212099391326162,-0.00139855638639097,-0.005870293542888705,0.04487106439065802,-0.008319374988962847,0.005905182005647491,-0.00043466036210393355
2022-03-22,0.02080086036383544,0.016379383773915013,-0.007855132724422065,0.07905243778179138,0.021267391931627078,0.03127919495818543,-0.021221345180257867,-0.004379397977013699,-0.0029814050317450436,-0.0019569040623432787,0.0113041136006502
2022-03-23,0.008233680213692418,-0.015030012299381279,-0.03355457729780853,0.005161136057840299,-0.01991296371046969,-0.024671786941980578,-0.016026017963230887,0.015762390852059438,-0.012865144692732478,-0.0005882321648226219,-0.012272698789159042
2022-03-24,0.02267768798486869,0.015393003592840904,0.09815084945339225,0.014823128420135223,0.006510337442350078,-0.0004641627053940667,0.00766456254452641,0.003007360456661612,0.006199512319641665,0.0005885783855605897,0.01434391292056647
2022-03-25,0.003733965627850999,-0.0013812500760228552,-0.016270084628089876,-0.003234937980317265,0.008742443659928378,0.015323791879239268,0.0036127880048419936,0.021827508301714094,0.004340721294557426,0.005490134033393046,0.005066170567449069
2022-03-28,0.005036826485270929,0.023116771087342558,0.019031004897575476,0.0803450783611821,-0.007398564429205168,-0.004116229393594684,0.009473193974078864,-0.02805142988037479,0.017776308432127408,-0.002144911229460922,0.007144955276586762
2022-03-29,0.019134315795304557,0.015159063477032886,0.015485933446619748,0.007079858095940583,0.002200855238797983,-0.0025257350965094405,-0.01013499862180034,-0.005313369583255789,0.008424563511160832,0.0015636366742661778,0.012256547427530462
2022-03-30,-0.0066494487115756895,-0.0049143176863615246,-0.033710263994772616,-0.00507475414515135,-0.004533309156648402,-0.01012891353388179,-0.005688518594181735,0.017118007189828477,0.01793122336235964,0.007024154464342791,-0.0062937001746978805
2022-03-31,-0.01777582179230297,-0.01768293942051069,-0.014590222851813883,-0.014981813142339484,-0.03002705878608103,-0.041395268375445715,-0.012776420522000564,-0.014204144916789008,-0.00633887070988759,-0.012981974785064798,-0.015652540713177343
2022-04-01,-0.0017181489413556905,0.0036003944632001517,-0.021036241843374937,0.006486599368272561,-0.007409206509475741,-0.007763108722892098,-0.0038631858356967808,0.006417363661707531,0.014034235391902294,0.023164447356904594,0.0034102225843584133
2022-04-04,0.02369351184331303,0.01793636888074479,0.024258727870265062,0.05611341298759176,0.004434495867424726,-0.0017115572179249305,-0.012216457253489077,0.0004814731466307176,0.00019874780101791778,0.006523533178653285,0.008090938687879357
2022-04-05,-0.018941858131874545,-0.01298510846971035,-0.05222978141956136,-0.047308971544201106,-0.011637343702725178,-0.01689957311467305,0.005889432851050369,-0.0051709074920388565,0.002847061344424251,0.00609978828400104,-0.012551720801807331
2022-04-06,-0.018451069680137766,-0.03660600631915489,-0.0587711928553154,-0.041694894294368345,-0.013874351383870609,-0.010961423873826703,0.03181113498517685,0.011120437900206559,0.02323899260919804,0.00795751675672518,-0.009716916613271898
2022-04-07,0.001804096542887601,0.00624395671211353,-0.008153205647329576,0.010996816105212748,-0.0030420681928947646,-0.007808437007090441,0.04331355381128632,0.016736359345505214,0.010000406115761251,0.002092905314474036,0.004253385628492534
2022-04-08,-0.011908667585548427,-0.014600306678090313,-0.044985234885751235,-0.03004944796541842,0.01830797485657709,0.0071079211177678125,0.00018121413996508018,0.021046524173746306,0.005557841623698323,0.01632800042899718,-0.002651026482054286
2022-04-11,-0.02551600018475708,-0.0394314284211692,-0.0519918986517226,-0.04832808607380468,-0.00367059229471578,-0.0020162872920248542,-0.022475715389601247,-0.03443103484853882,-0.01982094610381213,0.006912063786089995,-0.01687729010355421
2022-04-12,0.011523432779379839,-0.011218008217532605,-0.018844097084776967,0.011291813566499442,-0.01097757145717182,-0.010608933647969332,-0.015205146732985342,0.020870336217381213,-0.006870034162213101,-0.004267130962932186,-0.003417447717741773
2022-04-13,0.0163422598587879,0.019712534091097522,0.032505638440893936,0.035888356035912894,-0.0322335663922757,-0.008935104982386033,-0.00018811837468601933,0.014135597604794325,0.026039229215396142,0.008757105020426481,0.011174577597236057
2022-04-14,-0.029987997080365925,-0.02708420604969275,-0.04256165000385159,-0.03655231880843268,-0.009269283662654781,-0.03220014889672951,0.00037666954795012586,0.011749899649664775,-0.0008903690963002475,-0.005725624242855387,-0.01214413784439794
2022-04-18,-0.0013308570891292781,0.002465328528384658,0.024696754207212734,0.019583733431163042,0.018553772591948237,0.034069697124576415,-0.024096507619439045,0.008197848352100134,-0.00763955610293976,-0.008173832890527533,-0.0002048682840329885
2022-04-19,0.014115006061146351,0.017039833543973204,0.019051439765596534,0.023758093445249484,0.02070673978976556,0.018532879836447247,-0.03202150755134703,-0.008921801267506413,0.011354975155262625,0.006742753682812186,0.016057604355527166
2022-04-20,-0.0010157320203186826,0.003715467176586218,-0.03225543460228375,-0.049555036713700984,0.0035083051909383656,0.0022746456085609434,-0.00856926201625463,0.002279080372487474,0.012559436331781582,0.01227895212639174,-0.0006184750715809706
2022-04-21,-0.004843148559233734,-0.019381085501093742,-0.060468888422644085,0.032316840662455215,-0.00775206083439417,-0.018910932928289048,-0.012864098747563002,-0.010572974186397466,0.0015034433861746965,0.011027131019161196,-0.014752948498371943
2022-04-22,-0.027821449736689652,-0.024144607346713087,-0.03309735313495632,-0.003697576672395231,-0.028722289941020218,-0.034695372669247715,-0.019955372253589676,-0.021831856268405114,-0.018827848166188765,-0.05635325115951706,-0.027740054250753654
2022-04-25,0.006737346760238738,0.024413647322303555,0.01983110276682787,-0.006994645387893739,-0.0003154936613667392,-0.007188436338934068,0.017037275561579746,-0.03371285871278362,0.0005101257579913643,-0.03140045757750143,0.005697936985382235
2022-04-26,-0.03732832951545628,-0.0374039493865681,-0.05597419970772721,-0.12184121881948873,-0.02958112141149216,-0.022526330275898232,0.0016342185694195877,0.0003648800439441935,-0.010449941080397207,-0.01730306103892998,-0.028146308431003852
2022-04-27,-0.0014667402190725598,0.048108838679228105,-0.019853014623697596,0.005807678470473254,-0.01300613437990883,-0.0054870642160989025,0.014480981918841174,0.028557169237980906,-0.006825354244076931,-0.01922687054238692,0.0020980468517017847
2022-04-28,0.045155619308767214,0.022632671074235944,0.07423279926939541,-0.004537702888526063,0.01581288855962959,0.015448757922113199,0.015480425344316151,0.030245806344979975,0.012772216697625183,-0.0012379831588811285,0.02474690007293945
2022-04-29,-0.03660475775833183,-0.04181187711689249,-0.06243052846430275,-0.007692220213591394,-0.03226845298381453,-0.03069843279811446,-0.028509044839248876,-0.022362271363761677,-0.02061328852266442,-0.043388553711799505,-0.036284507106413955
2022-05-02,0.0019662686931976037,0.02504338930415906,0.053162254065214354,0.03695628471433299,0.00913212813157882,0.01289215964093704,-0.014877073756333625,0.013606928487134073,-0.006601871194862108,-0.0015118728440105533,0.005675242812353654
2022-05-03,0.009622677668373436,-0.009456409805023824,0.003532376329366649,0.006988279761963367,0.021419516414487028,0.02739359207318759,0.019652606613539403,0.020599590599331474,0.0034874256308765617,0.020332849371260897,0.004837126381486367
2022-05-04,0.04100833459665454,0.02910085797664741,0.037343089925373274,0.04769864576468552,0.03308137916345233,0.040129454429624234,0.007506735138625986,0.039800482820220306,0.01383504556678905,0.025440055899490277,0.02986242108440229
2022-05-05,-0.05571641357739765,-0.0435546495328657,-0.07327613255259702,-0.08328615317548016,-0.025019639324559972,-0.027964871730732588,-0.024365640407793987,-0.015158316973858277,-0.008568025479008479,-0.010957029083317638,-0.035649708609806985
2022-05-06,0.0047275983221828355,-0.009446682888945679,-0.008968605768239768,-0.008737180698190294,-0.0016138486458087131,-0.002397308912106766,0.012177410843867698,0.015280842943665496,-0.020819756271668433,0.008988197452725055,-0.0056742248424840325
2022-05-09,-0.03318923811496499,-0.036945403802787546,-0.09236956389459194,-0.09072948807249681,-0.015034165735976046,-0.02883842588490948,-0.00815668566293648,-0.07885255762981913,0.011701247846584106,0.0072508508515096715,-0.03203710063235676
2022-05-10,0.016112012176927815,0.018595587305280104,0.03805330419630337,0.016427173986372612,-0.024372057539947645,-0.016772008589014176,0.017475548587700285,0.006629817532075144,-0.014077285798169803,-0.010077809991867026,0.0024578974498534745
2022-05-11,-0.0518413071496685,-0.03320963365319507,-0.054845285545433,-0.08254582843646041,-0.006308421152866117,-0.00531369998102782,-0.0008082906303928938,0.020819221864993853,-0.010456954579496136,-0.0051945225823587515,-0.01646320750393837
2022-05-12,-0.026894147258551104,-0.01995791570436589,-0.02735993188028296,-0.008174386751047313,-0.0008462959243094037,-0.01405661929432056,0.027318980691066308,0.004539326833258528,-0.0009484993501550631,0.0037593532859039325,-0.0012959645058717717
2022-05-13,0.031916523227813576,0.02259634557438739,0.09465218182697699,0.05712909369145702,0.008895028493614676,0.0028516109048664084,-0.009327444174724864,0.02966414186810562,0.003864889989289688,0.0024968834143939134,0.02386969542307149
2022-05-16,-0.01067273766285759,0.001455503003628289,-0.024963302448974045,-0.05875856161837267,-0.006969293694069512,-0.01023590784010886,0.015024547236361485,0.023519864899379073,0.0010807814769084878,0.017849539136916448,-0.003946400929555671
2022-05-17,0.025422746349196057,0.020344101587579377,0.05288452641583463,0.05141017778952928,0.03314722962129357,0.033898387824493614,0.013222630779903488,0.012754837965070598,-0.11375748294629573,-0.0020389702026327727,0.020169632234863677
2022-05-18,-0.05641909534080669,-0.0455296725369414,-0.06816301989067297,-0.06801379812405906,-0.017105787747357493,-0.030841844295863896,-0.018309230146439148,-0.01585064900186972,-0.06791029458360442,-0.0010214666215927481,-0.04039526078745259
2022-05-19,-0.02464141809711462,-0.0036996990212138092,0.010981109861697647,-0.0005494634476534976,-0.014822522214029132,-0.012328088484931499,0.004960199705613233,0.0054052555582304596,-0.02744415219051266,0.004295033891810851,-0.005833781800992588
2022-05-20,0.0017473477292242467,-0.002291173257517487,-0.02511071751833671,-0.06416505716141863,-0.008198553195655545,-0.017126372905107767,0.03593281438577467,0.007899767144804004,0.0010918734686047316,0.008757747115350822,0.00014614176965843662
2022-05-23,0.04011934861674393,0.03203213060454568,0.01222017632037442,0.01656871415985961,0.0618714954274584,0.059361981808297326,0.007814095515241481,0.022098796766452322,0.028523551829345184,0.002826458004053345,0.018555039930923556
2022-05-24,-0.01921594606914223,-0.003951749353375389,-0.04402930547243944,-0.06925464690507588,0.014125159858731529,-0.006133258924764573,0.01002259986519971,0.005431921845900023,0.012479345719025758,0.02033425354292695,-0.008120797617175213
2022-05-25,0.0011399911329095236,0.011169992659481265,0.05082344932813565,0.048777379117957986,0.006964042331435882,0.005329679876010518,0.005616971722542052,0.020127225665787618,-0.006122549325160653,0.011049875272884924,0.009450764734207695
2022-05-26,0.023199430564869283,0.012875397251689069,0.05160530956277354,0.07427138936829314,0.017290396292156895,0.023158307484071106,0.0052133782410550555,0.003530473484299357,0.021317854370131117,-0.0048790496523826166,0.019883256167224195
2022-05-27,0.04075633927357414,0.02760408857374408,0.05377850885113045,0.073333062537426,0.01413774317487615,0.009544608623200057,-0.0014820384288167787,0.009830395964261163,0.019682686315089182,0.008040717491687666,0.02474226295510973
2022-05-31,-0.005346056134213462,-0.005013717220022862,-0.007389201136825063,-0.001803563389055407,0.007313174138423362,0.004862309908768125,-0.016137751728501626,-0.01629272052301789,0.0011676962130811042,-0.002139945005953159,-0.006274368617659065
2022-06-01,-0.0008733144957029371,0.0020229944052956306,-0.018852007204667287,-0.02359349020027346,-0.017545012220906653,-0.014247404968765087,-0.012632250429496006,0.019166891548038523,-0.024722326601061773,0.002144534191185654,-0.007482768681131846
2022-06-02,0.016811266487608556,0.007928943439717173,0.06943228194326467,0.04677398003874078,0.016087748804969992,0.006582532649102468,0.005919571559005021,-0.0017377193363437016,0.01642080346417285,-0.002139945005953159,0.018431018038486124
2022-06-03,-0.0385555476065359,-0.016607317893807205,-0.04450777224839342,-0.09219359988526965,-0.013939155905533185,-0.013896480251198051,0.009870902265327164,0.014538721084973671,-0.017175212704380827,-0.009358468872849302,-0.016347313992415624
2022-06-06,0.005227336236219404,-0.0047033278754763375,0.0035255476764943783,0.0160472016783606,-0.003303796106285284,-0.00110505981538922,0.0011277211896176809,-0.002522933012874762,-0.0035907503329837276,0.008462809155183493,0.003137400778913113
2022-06-07,0.017586091059770936,0.013953786422671088,0.007452599708205554,0.0025460558898939833,0.0026209130838195094,0.005532346372461916,0.013143030620024199,0.04583178254553322,-0.012012333022393906,0.008001486431805427,0.009523393173235029
2022-06-08,-0.005043400879771731,-0.007669882639672165,-0.01448067964047317,0.012474516432601446,-0.015914460496900817,-0.01265457412039539,-0.009080569381876957,0.011802235197382105,-0.00867312376587237,-0.0019364162738543245,-0.010793945785935621
2022-06-09,-0.03595573015618536,-0.02078323241510993,-0.03217504590325149,-0.008930555308462429,-0.021015690553046973,-0.03845082407106637,-0.03160654220129566,-0.021608123166644067,-0.010465915778928192,-0.011832851796626964,-0.02379869397635359
2022-06-10,-0.03862870007975694,-0.04456371078945687,-0.05950783751681832,-0.031190911234383334,-0.04596602153507745,-0.03882937228840744,-0.034955599297631035,-0.018274319870731692,0.005618699798556337,-0.002355814294090375,-0.029110303335524668
2022-06-13,-0.03828459984999033,-0.042412711458102215,-0.07817838428589718,-0.07102153990705962,-0.029778458931507434,-0.034669790612715135,-0.04122482639675551,-0.045888832132961355,-0.018816633461307464,-0.02420284715132004,-0.038768430665237275
2022-06-14,0.006672406599703473,0.009205155584985913,0.01207891919920523,0.023887157055640706,-0.01663926342413169,-0.01748917850566667,0.00020873966512313658,0.002608214834389111,0.0004188639500108948,-0.008671109241742636,-0.0037736797459957394
2022-06-15,0.020111288811477612,0.029735298773386765,0.04363469492055727,0.05482367080362738,0.011835931668368938,0.01875403251440999,0.012312274225484199,-0.012591206893248552,-0.0006700224108516784,-0.00020345982678149355,0.014592504858983224
2022-06-16,-0.039651299438274834,-0.026970188483683377,-0.056029521400388194,-0.08540769912654256,-0.017156222683066935,-0.006240270067507048,-0.021232880817878663,-0.036884619929314244,0.010387177748151233,-0.006307427239473196,-0.03251195148816344
2022-06-17,0.011533323743273316,0.01094010733194617,0.01788348490576186,0.017174980283869656,-0.0035264176171282413,0.0021977000372528366,-0.020008455323274554,-0.0576650105611457,-0.01931670096286675,0.00389045620144568,0.002200865698254617
2022-06-21,0.032760763560450545,0.02459120372381074,0.04319901506062607,0.09354434802147837,0.02477205665641491,0.02913541427303823,0.03395677191535995,0.062238754811521524,0.03280044048241404,0.03304100183396885,0.024477242280086964
2022-06-22,-0.003827407191103527,-0.002404095514689897,-0.012434956425177779,-0.004007805884153504,-0.0056113941548501245,-0.007610455760059032,0.019954214681719762,-0.039571415067965465,-0.012114068258588184,0.002763957554440033,-0.0013015723144006452
2022-06-23,0.02157390454656105,0.022636509658154003,-0.008252075206643839,-0.004306310889948484,-0.010939575651301103,-0.015950884316052183,0.020786567280750123,-0.030161741538290987,0.024276962240946665,0.025595652875034736,0.009532217409177868
2022-06-24,0.02451747304898233,0.03414973894926243,0.055531631950457294,0.04524889345059324,0.029845511238429934,0.007169741958810372,0.029946247323976216,0.019833479220947803,0.0008090039299475382,-0.02169336491725804,0.03056329358583576
2022-06-27,0.0,-0.010496637640190598,-0.015006426667033002,-0.0032016505127857586,-0.008012352202411033,0.0012378931526559889,0.005621277363626609,0.02451062295013484,0.0032330114435319413,0.0,-0.0029730715337762392
2022-06-28,-0.029789691066004376,-0.031749059639273325,-0.05258161022652852,-0.0500435578248114,-0.004811813501585993,-0.0027821097838864883,-0.023515926879276172,0.0277434805883352,-0.014099182135924981,-0.009811522109675952,-0.020143036075892073
2022-06-29,0.013023647185197218,0.014738039531573266,-0.027530906785535714,-0.0179371823809088,-0.004489575638776722,-0.012399167077853379,0.0055269688491570435,-0.036939845645391434,-0.0036775087195523026,0.009512502448215221,-0.0007117454091590814
2022-06-30,-0.018027920358760774,-0.013179350641843057,-0.02464310216990684,-0.017579227799377484,-0.023330515105925986,-0.022912795537914143,0.029250232420603872,-0.0281435562780028,-0.0027885136533402077,-0.003729779447410708,-0.008759278267998716
2022-07-01,0.01616450096393862,0.010707491615055131,-0.041955154114910354,0.012429131666980009,0.012787501563099157,0.013812962818481767,-0.002288748112787453,0.022303084346413593,0.008636379043309272,0.017536788219632005,0.010553814029047315
2022-07-05,0.0189305333709624,0.012597335048734504,0.030365708373621736,0.025535704813974602,-0.0038035583226708747,-0.010139491875069462,-0.012808446842549004,-0.03129647469534125,0.013210313361742054,-0.004260191176079009,0.0015841285142366157
2022-07-06,0.009607125374448522,0.01278303248380519,0.011093372332656948,-0.005720802000385605,-0.00648205823850978,-0.008322509865513195,0.021495031889654292,-0.018040535750864728,0.007082537158299651,0.0017501741727385944,0.0035731642904301975
2022-07-07,0.023999458946238894,0.008226583171760504,0.04811626092201049,0.0552790448805931,0.025292661228711655,0.02840547702999552,0.012701429475601378,0.03194057113975335,0.0015181166788511558,-0.0031451950106672344,0.014964587965241805
2022-07-08,0.004714623756985725,-0.002757072541527128,-0.0012611049998363377,0.025435169687600512,-0.003138080120831499,-0.002197142806195207,-0.004679963222040673,0.0016288682193525972,0.0006385004864011279,-0.004338457073790547,-0.000830271529819071
2022-07-11,-0.01475783907652728,-0.011768661219923371,-0.04331362421625595,-0.06548005948146862,-0.013116421272970857,-0.010380634101399111,-0.005266236726489848,-0.005111597691808578,0.0003987602599089257,0.00019806629045704405,-0.011527461422777274
2022-07-12,0.00683394499966794,-0.04098152660266274,-0.0046200343624521745,-0.005433611636988744,0.0009747344616013454,-0.0031785494501481715,-0.016070894894193333,-0.013311344740476239,-0.003029063513891761,0.005544660831080961,-0.009243878717321574
2022-07-13,-0.002536877727039477,-0.00374503311237695,0.0054370604783333665,0.017033448479672808,-0.009383109321731253,-0.016581794231233515,-0.004803883483406768,0.00402358991579832,0.0023985860359814204,-0.005317055422082495,-0.0044569025122100925
2022-07-14,0.020482829340780828,0.005381560885424852,0.0137165726415871,0.005371861218914864,-0.03493876757476222,-0.023021960021190835,-0.007723683643749646,-0.0200376361332385,0.019542299210376868,-0.00039607273646291574,-0.00299863390215227
2022-07-15,0.011449731052144418,0.01039037861008496,0.0253708407502935,0.0073572315408600986,0.04583347829196405,0.07036190107958173,0.007005385847198564,0.016839144546100915,0.009779323235865611,0.010497027937638848,0.01920124935943668
2022-07-18,-0.020643215749139188,-0.009621414991012212,0.021507477052397306,0.001999426810217919,-0.01027026694633315,0.0003098853221299436,-0.019323582500673342,0.01845279300481595,-0.002324251571725222,-0.014503977200719942,-0.008363571580831342
2022-07-19,0.026722077440461733,0.02076686432345065,0.05533802396952314,0.020716718219316865,0.024778716545483803,0.033787920141130856,0.012216496026708379,0.025203225090187464,0.0061350025247615125,0.003381092479251002,0.02762829164595959
2022-07-20,0.013509781735091764,0.010557753357337996,0.04796401095177916,0.008023464466653252,-0.00017443516753212762,0.0002999809258485975,-0.010706479155121684,0.010989007730175304,0.0083358077702822,-0.027354040349910957,0.005895806193263242
2022-07-21,0.015094097447035049,0.00979898838755111,0.013645967035976758,0.09780470722853529,0.006809710924819523,0.008693102780046758,0.005903141763947017,-0.016696379429818053,0.014620515514432997,-0.028734221513058378,0.00986137270919718
2022-07-22,-0.008110783822677936,-0.016915994136142865,-0.04049857606009244,0.0019752262198982073,-0.004856059770462107,-0.006538043080878131,0.002151580998017266,-0.007635477850531536,-0.0025653380786014868,-0.06735207488281558,-0.00933246697634671
2022-07-25,-0.0073981950181984946,-0.005876380787149138,-0.017033014787515843,-0.013994935471540293,0.004008371129810895,0.00897397441285186,0.010540805623300953,0.03330280506061234,-0.0014368199959253758,0.006974052734457059,0.0013151670479691902
2022-07-26,-0.008826463862106393,-0.026774319066621977,-0.028841889953553412,-0.0356637312112531,-0.015622455745865516,-0.020160063294991204,0.010237587985746144,-0.0038901585853461373,-0.07604917243724707,0.003574532306103162,-0.01154320266205866
2022-07-27,0.03423490095576476,0.06685192629675218,0.0760298350750701,0.061655036992220635,0.016046800024908325,0.016338916389124103,-0.006692094389300851,0.02164483073502299,0.03779291727044698,-0.0002225170442708979,0.026156273782937722
2022-07-28,0.0035717625559679167,0.028540520391208357,0.010904866652475143,0.02212352234272652,-0.003731566278253551,-0.008038029647189693,-0.01610091015796189,0.01168490195291838,0.024962615300336166,0.014250700555292095,0.012133338697180918
2022-07-29,0.032793041002330936,0.01566503718845924,0.009953429279645709,0.05784976985791013,0.004790531155289379,0.014705895402629565,-0.0041404085012807235,0.04630846142087108,0.01772642806849123,0.01405036387228864,0.014207760082581844
2022-08-01,-0.006153342501968528,-0.009724047158539029,0.015305891423987417,0.00042631152414229767,-0.00996866417158071,-0.0029578705830425323,0.0019799675196552347,-0.025275998113547415,0.003710542053765309,0.001515747611572582,-0.0028230841271976725
2022-08-02,-0.009287498137604655,-0.011474274355816494,0.004609284304401662,0.011134400598203698,-0.01558549465767145,-0.019875434969553574,-0.01817834141665675,-0.004339623443072704,0.0010562356656484972,-0.019887471196218587,-0.006662395550704803
2022-08-03,0.038247961999410274,0.027836101059000917,0.01980999926905347,0.02265568716125621,0.010495510988426382,0.018159868746420615,0.003421385803086041,-0.03242268346760002,-0.01643026198464037,-0.00022067195637853754,0.015638477163140152
2022-08-04,-0.001926312548708231,0.004177561318989165,0.017043416603993666,0.004023022853486102,-0.011002495953632119,-0.007134212162263398,0.0,-0.04207868137653725,-0.03777795597558686,-0.01985458606927104,-0.0007773401640558397
2022-08-05,-0.0013890398680820315,-0.0026089540209383033,-0.011761440999739081,-0.0663030068235908,0.030259849556862894,0.016766445256376272,-0.011833270373080795,0.014451246819465746,0.00804343951044717,0.011703902746291295,-0.0016257460597355333
2022-08-08,-0.002903020666232048,-0.009154667183385645,-0.06298427984122712,0.007819434052879659,-0.012180319387298688,-0.013839816047897968,0.0060890102413455605,0.005652754490852452,0.008137200045749582,-0.009121252888936615,-0.0012375507238541195
2022-08-09,0.00030319591688621195,0.007063110941880835,-0.039734480712153464,-0.024412625864385085,0.009007373321463508,0.012839515639993193,0.0042362724542956975,0.01843757323455497,0.009873937217637074,0.0031432471694652353,-0.004248692893594086
2022-08-10,0.026194652532619767,0.024300469470978747,0.05917117569726549,0.03890581776676605,0.02608767738121487,0.03390315210309569,0.0034149150803670647,0.009493180752534913,0.002095063018306087,0.003581261535335445,0.021290637641290244
2022-08-11,-0.004431698681594209,-0.007400765634058781,-0.008564781371267594,-0.026249292544206493,0.014781606158451144,0.023952132229668965,-0.03323284153716466,0.028928186944255252,0.009643637739878086,-0.0013383583540312882,-0.0007054739583503
2022-08-12,0.021425664837959157,0.0170371213701348,0.04274857838934332,0.046750143628413676,0.016564104846605865,0.010860696014725724,0.037688734343050756,0.008691625210303311,0.018487146085294226,0.008262701311525067,0.017322368774566943
2022-08-15,0.006333458843445827,0.005344390140804345,0.017264606952582806,0.03096359891583922,0.002702042884198841,-0.0013773713605896853,-0.007184138334780266,-0.01787211798824695,0.0028738998952766437,0.009080956754437874,0.0039695418998517695
2022-08-16,-0.0009236893653844502,-0.002590009771918367,-0.008039093829693478,-0.008912075793144236,0.009554017822121397,0.01075836141611064,0.0022111117301684136,-0.009315321048008918,0.051056006076850124,0.005267648105999889,0.0018756797165810912
2022-08-17,0.008784419522058107,-0.0026359589979174647,-0.028815182009658935,-0.008372333511224461,-0.008412143664703664,-0.006277323221738018,-0.011833270373080795,0.008090792238130584,0.0010760791476511766,-0.01004350060762993,-0.007237794954094601
2022-08-18,-0.0022916764991625094,-0.003947749980228288,0.02388880439247809,-0.0037062197211366055,-0.007749352502703033,-0.0035702079804214026,-0.014004291540178349,0.023644269437091525,-0.003225281778096667,-0.02536419252065869,0.002269561170191503
2022-08-19,-0.015101702199252331,-0.013853827369292415,-0.049219634548790525,-0.020481852686155544,-0.024745324663155932,-0.022050789302017648,0.011733194527125068,-0.003178583079866182,-0.014740807961773905,0.005204877646715067,-0.012900001139847905
2022-08-22,-0.023029433607299032,-0.029355347414857125,-0.045660637446544805,-0.022764022407583906,-0.01652184592256023,-0.02142040028938874,-0.005086547038722911,-0.0007441109055005279,-0.017880546665060226,-0.005628191302221253,-0.0214000649197158
2022-08-23,-0.0020290873262602815,-0.00471640811412577,0.008629577504957853,0.0225584954757323,-0.009856733335279477,-0.008928512229516627,-0.018200372699585854,0.04244241301616736,-0.004235702736499203,-0.015847887801016314,-0.0022378626777133093
2022-08-24,0.001793967636269933,-0.002351047923622396,0.0023864355789857683,0.002170125887066332,0.002423826226292336,0.0031963594473694013,-0.012080775351313022,0.00591820279220312,0.00723888572866116,0.0018405300943191705,0.0029161604463010526
2022-08-25,0.01492280436272142,0.011095218427519038,0.040123207937549754,-0.003455684406709514,0.023747803163444603,0.01796061165902274,0.009909438314905872,0.0051735030595085885,0.0066680185755112475,0.004362960982679187,0.014091605518061545
2022-08-26,-0.037699327404989935,-0.038587218953024416,-0.09227958444818796,-0.026953121859416895,-0.03272885492631172,-0.0315877791070196,-0.022547087029759272,-0.012312053615345042,-0.03142688451869269,-0.011202744480750315,-0.03368805871951874
2022-08-29,-0.01369038746951412,-0.010668145956607478,-0.02822867507634108,-0.01135058160727187,-0.002441720248435142,-0.00381990171898694,-0.012601396980728152,0.022989493254581772,0.009726210965487425,0.001849665356671304,-0.006666355799502699
2022-08-30,-0.015305606469366184,-0.008520799223138975,-0.021074610302276642,-0.0249982267189629,0.00017484071389128886,0.005604609682751116,-0.008219886727673154,-0.038054227967514564,-0.003010236586879045,-0.018463069787564068,-0.011028155571448206
2022-08-31,-0.0106346517260133,-0.005703997178671871,-0.02417884630401157,-0.007526203685978228,-0.0059434719563193905,-0.014080631955410094,-0.013522466501521224,-0.007475727170951907,0.0005283232648518599,-0.016929157319306887,-0.007817025105971265
2022-09-01,0.004706749570630775,-0.004092317166858983,-0.07665305594381533,0.005623955563764049,0.006858505467997489,0.0023962381561872803,0.03095302659984389,-0.01799358552998842,0.014560791876908175,0.0,0.0029962320243361873
2022-09-02,-0.013611194315068298,-0.016666549824628007,-0.020807910553534703,-0.02507581222110289,-0.006986517321634689,-0.0011952549625460218,-0.01994445626767949,0.01832328716477849,-0.011005482993859284,-0.012198017405940953,-0.010736500458081055
2022-09-06,-0.008214984635560585,-0.010974149859545812,-0.01333637087772288,0.015580556255471167,0.0002636086493368328,-0.011067722961483173,0.001313038202311434,-0.006695352813479216,-0.004962345732811735,-0.004842555233058765,-0.004095056983834944
2022-09-07,0.009253983167791136,0.019111528648867893,0.018795048432224792,0.03381677109982606,0.018990933354679385,0.015426258853777242,0.008085796436064108,-0.008530973219366134,0.025691503636866786,-0.00048663582333818844,0.018341016392734
2022-09-08,-0.009617916448985242,0.0016660598492501677,0.020125665240743107,0.01959815762903916,0.023295834016244132,0.03217157004014326,0.02059365051240336,0.008179454693229005,0.0050830245855777445,0.005842353705179049,0.006610721877456038
2022-09-09,0.01883968132092617,0.022977161998342543,0.02837716733202056,0.03602289482946186,0.004806148844981539,0.008369419990559956,0.016142969912223082,0.016752917704609516,0.0030052103230737703,0.022264992694245533,0.015271449816332883
2022-09-12,0.03850793398380259,0.008280856449405238,0.008201844614297515,0.01581694096302666,0.011831713877751504,0.00944468227475359,-0.0016723375262396312,0.011502519329967376,0.008988618280773464,0.012310710795375934,0.0105842727693497
2022-09-13,-0.05867956940404728,-0.05497837603101763,-0.09472605838442305,-0.04037188096320543,-0.03474863121263405,-0.03600784145573044,-0.03287259585030233,-0.023358377662223373,-0.020641737036749874,-0.0236202698240916,-0.0432366134006168
2022-09-14,0.009555357074296333,0.000912743757697676,-0.0002282521730007092,0.03587437200418364,-0.002319862323871269,-0.0038235473620948923,-0.0008659359870953898,0.024546241138416303,-0.0022184753694559634,-0.011257311675302861,0.0033870120853238816
2022-09-15,-0.01892983283648353,-0.027119178554688594,-0.015158457737927677,0.003767273730617582,0.015070640496996468,0.01889593850220228,-0.00455051400576012,-0.029077494862525533,-0.010747136709487681,-0.00605642306228904,-0.011317739184353415
2022-09-16,-0.010960126012885874,-0.002608108455649849,0.020805895031938082,-0.0013168523341049454,-0.006702380606701586,-0.01130142762106967,0.001959164778854605,-0.017083173669910634,-0.002097976243430444,0.005362127608123046,-0.007182134089448455
2022-09-19,0.025082908156029537,-0.0008988856814051704,0.013941579550205585,0.018856110452001085,0.009224620019230967,0.016706025204591635,-0.012817877926244448,-0.00010726727937271363,0.008559538875972272,-0.0002424331157931947,0.006857100716286535
2022-09-20,0.015665657633328056,-0.008465713076841297,-0.015393838006811822,-0.0011000625419275156,-0.01971912519876795,-0.014989798720928427,-0.014744454200473767,-0.00815439318222444,-0.0058068556820886075,-0.01576155771093357,-0.011272103097361819
2022-09-21,-0.020267877283391744,-0.01443583983914809,0.006451151334132321,-0.025685948599634356,-0.028835263508438347,-0.0298507160254341,-0.0189859408675227,-0.01611847914175124,0.009135169443930335,-0.027346616215313868,-0.017116493600784488
2022-09-22,-0.006375143331520006,0.0084953045279752,-0.05278632291311469,-0.040591728559117746,-0.011378806155237786,-0.01960799454218487,0.01479960151853743,-0.0041782985208300705,-0.010239664295303097,0.011398160629301879,-0.00842758097968943
2022-09-23,-0.01512372728260769,-0.012698209109872405,-0.003582649052007114,-0.04594757245188685,-0.01861346205578429,-0.02369223407623333,-0.010994019952735301,-0.053218390014964756,-0.024964461971147878,-0.010267609879686335,-0.017232619015461026
2022-09-26,0.0022600750961174754,-0.0019753129210388076,-0.02301044851056744,0.0024698479153155706,-0.021531933621679045,-0.022061257016411595,-0.005671378328857779,-0.020641485068701337,0.009611161662340217,-0.014929321187059474,-0.010340526208282075
2022-09-27,0.006566479756945132,-0.004379766292282539,0.015128977930052967,0.02510775852537339,-0.008802413781700547,-0.014824292634150749,0.005932082575608177,0.020957273562269396,-0.002741677830307543,-0.0010277116985046852,-0.0021203598092424114
2022-09-28,-0.012651732502598434,0.019711672718280004,0.026021363710897027,0.0172121123742337,0.02021732058244674,0.01635593252329337,0.007711246341803424,0.036389247753565446,0.016494835001406916,0.012856681508805812,0.019672139926234733
2022-09-29,-0.049118893514735085,-0.01480923735743922,-0.04051495426729834,-0.06810050474193585,-0.01694565232973677,-0.0131960488296754,-0.006077034034350226,-0.0020258167889846135,-0.006460852001716533,-0.019040197001629178,-0.021126437880238824
2022-09-30,-0.030039393314591267,-0.01936834990731484,-0.006628736536748003,-0.011036096899372572,-0.015636950821390827,-0.015003325814893054,-0.009057639004852902,-0.015448840788798601,-0.019281741384530093,-0.01733935672468989,-0.015066695771983274
2022-10-03,0.030752522754871503,0.033662386482339546,0.030727495324754717,-0.08614516909902203,0.03090889275099018,0.029470150066171152,0.00868331094939423,0.0528003444385059,0.02181951833864959,0.031340450581149426,0.025883894952576147
2022-10-04,0.025623052356136933,0.03381269234191153,0.052349643334921536,0.029042940273044104,0.04678354305653021,0.04149258106849407,0.007249866531043869,0.03644495562272443,0.0129782563839278,0.01659880219281895,0.030583700679551518
2022-10-05,0.002053636478150045,0.0012854621308762137,0.0031898426904810595,-0.034597517632881436,-0.012346622619943348,-0.014206360700161125,-0.007647180483204674,0.04041136292245939,-0.00990668669050776,-0.010299048343453188,-0.002017948757084831
2022-10-06,-0.00662616083893286,-0.009670742585590308,-0.005980791809848007,-0.01112907563204113,-0.02038234027894148,-0.014411024109389103,-0.023345508399702064,0.029661102285702734,-0.009329121339145652,-0.023408526227038817,-0.010245080846639998
2022-10-07,-0.036718401054603,-0.05085296657131155,-0.08027420011919528,-0.06324275500689214,-0.01997387855452959,-0.022568384547409837,-0.017869592197482076,-0.010092332484325284,-0.02369369018266443,-0.02616265551813468,-0.028003617786773516
2022-10-10,0.0023556581063663984,-0.02130288222934862,-0.03362029777145625,-0.0004931214719139376,-0.00934151714878384,-0.0029267485879703736,-0.013468665268281832,-0.021676563117459025,0.005911341691908101,-0.006241520916924981,-0.00749246363390188
2022-10-11,-0.01025481627792968,-0.01675030319830184,-0.007198055482962928,-0.02897383620084637,-0.028859888875002904,-0.029028068235319893,0.004071269593728388,-0.008498432980655668,0.025904821952219104,-0.018569065893146885,-0.006519175777754405
2022-10-12,-0.004605229385204024,0.0015081831608230178,-0.007422620421914439,0.003418039229395431,0.016182749279399333,0.003023164651153154,0.002624339627325334,0.004387397451032671,-0.01130612113511864,-0.007234225236764202,-0.0032907731480149582
2022-10-13,0.03361302805111799,0.03760813329098589,0.04000003990418688,0.020622332969329582,0.05559314359927736,0.0612861358706418,0.022603002269494743,0.03494884326347125,0.008462264538104725,0.02017945399322829,0.02596564246086497
2022-10-14,-0.03224013195726394,-0.024248742481747687,-0.061287856417835185,-0.07545550981161042,0.016640718667316756,0.000315415787725426,-0.0027919376403796603,-0.026307773026819414,-0.0139855162896525,-0.0005495023983613789,-0.02366266361565439
2022-10-17,0.029122673725456183,0.03924569204134132,0.0588760000739148,0.07005219876844371,0.04200024391944979,0.06056774016081001,0.01843209340269314,0.014416444752121116,0.00720699964937177,0.02198999419385772,0.026480052302171098
2022-10-18,0.009409381724085897,0.004083856638405381,0.0066453804541228845,0.0038294794370521412,0.025720512304172605,0.037477908549774286,0.010080332304309936,0.0017890490376872847,0.02108557295666147,-0.0029584057180631618,0.011427569666488724
2022-10-19,0.0007651189659432234,-0.008469762724703345,0.007019412994158536,0.008401793106927569,-0.019606144880215615,-0.027523014696165027,-0.022227417075779243,0.029662872144731844,-0.0028330319684578553,-0.013488097842159208,-0.0066720972934503076
2022-10-20,-0.0032667729912047028,-0.0013955242469508855,0.01186602301440276,-0.0664744863679374,-0.0032615788826629855,-0.006486040859620457,-0.0046393435158306184,0.0013485758399687242,0.002467164982659087,0.011758195981138364,-0.007950909706564868
2022-10-21,0.027059072467262135,0.02528075941574226,0.022306168467947085,0.03454266549727758,0.05252757634551397,0.03709196586871233,0.04754158030856748,0.01857026627126701,0.020210367386854777,-0.0445945754906123,0.02372481982226482
2022-10-24,0.014802477081591325,0.02118785218974706,0.01066903326821711,-0.014875967194030837,0.0012271709560085498,0.0034335022629574663,0.013125531016185965,0.006990295415103764,0.01907896175078405,0.01753898599888193,0.011881976654619875
2022-10-25,0.019337496088121853,0.013791573658405554,0.05254391521608026,0.05287573097725584,0.0026145300450357567,0.009124656494975403,0.001097869509951055,-0.00675410239003893,0.004734179493980362,0.012788369060932281,0.016266654579669915
2022-10-26,-0.01962702109484904,-0.0771561452666365,-0.027524315485996098,0.009981122376490958,0.011491629844398998,0.008759651345102482,0.010309278350515427,0.011900298213445293,0.007639071853666524,0.0,-0.007387716072364547
2022-10-27,-0.03046516870350613,-0.019756328657714928,0.021712126156663958,0.00200319154854367,0.003948057099873559,0.004761890768723465,-0.00694734840113731,0.0038267141491956647,-0.0029049228924943327,-0.0068625288891385194,-0.006082610618211248
2022-10-28,0.07555248406764048,0.04022059446126347,0.04993926445889363,0.01523838460338034,0.011878137461397209,0.008642314855878963,0.03694800662790709,0.029288706290795608,0.012648247012704061,0.041183069866391975,0.024626377895927698
2022-10-31,-0.015410564472504995,-0.015856241441401964,-0.024360444938396397,-0.004288512900427088,-0.0015863735152785718,-0.0038696663346451388,-0.01855373161433438,0.0009936720056467063,-0.0012629777129676834,-0.007964009281660522,-0.00745440410765752
2022-11-01,-0.01754245119111475,-0.017059428546092326,0.00340836027893876,0.0012306146011606955,0.018033009068918693,0.0044397389646329,0.03136415897752998,0.009927011989823376,-0.004496779729821876,0.0,-0.004101230608784645
2022-11-02,-0.03730544052548912,-0.035368313194452106,-0.023923818543548525,-0.05636033352596037,-0.009207869515033273,-0.0030388216860238737,-0.01957925218779899,-0.020552300707261884,-0.00663418088647727,0.009098099913521951,-0.02500198485734284
2022-11-03,-0.04240453596570937,-0.026578923264993115,0.015281056621829991,0.0015350350619269815,0.0018113949217186676,-0.005541664864442519,-0.002142857142857113,0.01359365855800676,-0.00021298678869974275,-0.014850044086068381,-0.010585992315429671
2022-11-04,-0.0019475265763342353,0.03332548849887029,0.054764920184978694,-0.0364125977743186,0.027358487736410364,0.0250767495129971,0.013957676812882625,0.010891038280694154,0.0017765998196792587,0.002422710292538044,0.013618724670070526
2022-11-07,0.0039022051193144947,0.029269714721239293,0.010243031226225385,-0.05007952633400592,0.00528003572490765,0.005979606036065732,-0.002753148093742941,0.01184230764762062,0.01049864222821717,-0.0013427691154948018,0.009613981920559844
2022-11-08,0.004175230554761322,0.004388408777425523,0.021047539634857726,-0.02932818513088775,0.0006089343453237195,0.0027021250662577767,0.005521198905978464,0.003167842256694753,0.002386778546806134,0.018284464145715162,0.005597892802462701
2022-11-09,-0.033189991476910596,-0.01904999295195997,-0.05656762009643512,-0.07166757185130745,-0.013008500143638746,-0.015898580175375154,-0.013304918656946607,-0.0447368065971222,-0.023250824381605972,-0.006601583104387521,-0.02077788695478977
2022-11-10,0.08897452979003218,0.08226795097856754,0.1432925508998526,0.07393437216942544,0.04115895659947566,0.04408536087217252,0.014126475552461715,0.014692222972822355,0.020721264939867368,0.023923594583246555,0.05543448436034493
2022-11-11,0.01926856782779951,0.016997287501522074,0.0366348873593092,0.027527264924482875,0.0016286538949910057,0.0073434265508776075,0.004643364650721127,0.031221677594372332,0.0015453871232136152,-0.005711420425397629,0.009240746788147902
2022-11-14,-0.009485429004042367,-0.022500151572352967,-0.001959857297561096,-0.02561618738169713,-0.01027341354716238,-0.016922753040223393,0.034453920775195046,0.0029195035456153207,-0.02938693774604162,0.0002611213035901283,-0.008935777048800997
2022-11-15,0.011869288695590008,0.001738836062009863,0.022767606116389283,0.018172303095892017,-0.007243491346849429,-0.0015891613417722272,-0.013606861787787805,0.006703545797039467,0.06539477575151675,-0.015922668372037707,0.008713116550319144
2022-11-16,-0.00833112867437702,0.0018234899217985934,-0.045361724360703404,-0.03857627852399581,0.0013540929305544402,-0.009018542307308253,-0.010706305430487117,-0.010689464929605985,0.007189393472256667,0.0047743476256010275,-0.008252046497990273
2022-11-17,0.01297155458725241,-0.00020677120179002362,-0.014644925968656852,-0.020062058831236462,-0.004357156626488057,-0.005085400835863063,0.00582736783912563,0.0013285265040581251,-0.0033670454075854783,0.007392017931489914,-0.0030893228355314273
2022-11-18,0.003781836661762128,-0.0019034027488009642,-0.017095009508848236,-0.016269016527425406,0.009808442478207224,0.0005379404973460122,-0.002069353070255464,-0.008667942881367297,0.015067588216765682,0.01021995391473074,0.00475858190881473
2022-11-21,-0.02168055647725775,0.0034406997956737406,-0.005970629678940909,-0.06837231343190053,-0.005902662918912616,0.0032265846382706354,-0.0010364817459022069,-0.009903577773691663,0.0061240740313111,0.0018160579187667114,-0.003883688698329779
2022-11-22,0.014661202405217288,0.012311681723829793,0.047071806955364615,0.012152311933396831,0.014956641448853558,0.004824535850993739,0.018679825086105106,0.028926625704159825,0.003572508588780776,0.015018356719410653,0.013579987927526016
2022-11-23,0.005926468435066612,0.010406959697528917,0.029991504268967795,0.07821783885404354,0.010663733791322016,0.0032009889285047333,-0.004686256279222256,-0.004992068175028397,0.004812500182366453,-0.0071432221357180525,0.0059146891478476515
2022-11-25,-0.019593551094240103,-0.00036371072155572115,-0.015073553966101216,-0.0018558752377416665,0.0019049840367113546,0.0023926909622891124,0.0073695078392646,-0.003520959108597288,0.0042643968423292655,0.002569306238388247,-0.0002830441976333642
2022-11-28,-0.02626421413862956,-0.023152415364956713,-0.027228214384684257,0.00032810652079984237,-0.017478433853232223,-0.02228111107141162,0.0073156908044180735,-0.030032688986206924,0.002874519210442683,-0.019989662628189242,-0.015444192913123267
2022-11-29,-0.021148465019831364,-0.005914805253478872,-0.011878320113185459,-0.011425739989130657,0.01644966741556586,0.003798278229230956,-0.001613597398792077,0.006648026139623342,-0.0035176648085692985,0.0026150577174113288,-0.0015918653377758885
2022-11-30,0.04859400823209925,0.061623555515796014,0.08237948094217806,0.07670184691003823,0.011862566810297182,0.022972790899391082,0.012931632478230703,0.007236948586620828,-0.0035953804959834024,0.01669281756555785,0.030947872397389053
2022-12-01,0.0018915255587621527,-0.0017638689013066422,0.012527255325597064,0.0,-0.014039552183530701,-0.028700419505619967,0.01895086676838531,-0.0048499211570207645,0.006232682632497211,-0.016675370371229126,-0.0008676332180498347
2022-12-02,-0.003371511642141556,0.0012958017870603467,-0.015115422000970824,0.0008217959148295595,-0.007927036104748098,-0.012858993259695084,-0.003328276800983354,-0.008483734820906919,-0.00097800803964887,-0.003913313699685839,-0.001194660488065602
2022-12-05,-0.007983025257918164,-0.0189004997057296,-0.015761868579431404,-0.06368676805520934,-0.028040935428492397,-0.04462320645393303,-0.003535793483571803,-0.027398482068050733,-0.01024669789456445,-0.02907265654569291,-0.017894212283564803
2022-12-06,-0.025369950443271727,-0.02030392347244203,-0.037507661882368315,-0.01441485156488942,0.0016747115027537784,-0.04264563352380135,-0.020106426153913004,-0.027795869764014713,-0.011605661355940877,-0.0048559415073595735,-0.014399194981406072
2022-12-07,-0.013784868275464102,-0.003059634249823584,0.008319234380054663,-0.032143331123685615,-0.000684055487848112,-0.00787873014664997,0.010661923253965089,-0.002214128965131179,-0.005203810871275194,0.007590197548870803,-0.0018623708845491027
2022-12-08,0.012132679401420043,0.01239926934230251,0.06507446828064523,-0.003447430865732959,0.010494537969812257,-0.00916317278799983,0.03065285676585794,0.007428704894844929,0.0015482744910406687,-0.001883092985741186,0.00752178195750397
2022-12-09,-0.003434794385538953,-0.008003145234554476,-0.009785177247920829,0.0323454827685834,-0.005418380436731152,-0.0018496340438118875,-0.0011587046817447266,-0.008427402839313314,-0.023323026658698343,0.008086172110973955,-0.007349578247904498
2022-12-12,0.016389817178367405,0.028889223956516608,0.03141013517722402,-0.0627198857086465,0.015511284736876352,0.01080902095992009,0.008507357283071837,0.0246281452926278,0.0186497552894187,0.014706111720740767,0.014279296218109305
2022-12-13,0.0067826451918879815,0.017464675569105692,0.030624193217296813,-0.04093677795344208,-0.00096857151367713,0.000611060734644342,0.01744627197586568,0.010934086481695582,-0.003580730398471954,-0.002371638006701149,0.0072896644387934195
2022-12-14,-0.015535789471326167,0.0011676434492369214,-0.02202270485539093,-0.025784367661833008,-0.004997003257909194,-0.014350966756380257,0.02656869306265186,-0.007365830100244941,-0.005559516211228965,-0.01082956549819214,-0.006052724634100337
2022-12-15,-0.04685440545770947,-0.03191820507326415,-0.04085120862357561,0.005548438139381551,-0.02481071311426697,-0.01579933235631792,-0.015969117677947953,-0.009581119917800751,-0.008931516159014996,0.008544954937188098,-0.024921675023714007
2022-12-16,-0.014578853029277639,-0.01734872044213942,-0.02247535386966093,-0.047187179094365206,-0.0062261790351603175,-0.0022033382169466265,-0.04122367821688766,-0.007018273593479174,-0.017955555599281525,-0.017209708541450097,-0.011137750774080746
2022-12-19,-0.015909890599241083,-0.01732798806781577,-0.019129598592086294,-0.00239632976495896,0.00595572555703594,0.011356541646991625,-0.0007783022827525521,0.004488964638830861,0.0003502205888799015,-0.0024244736773237907,-0.009007516001852345
2022-12-20,-0.0005284739985048637,0.005614368836940775,-0.010397413395266786,-0.08053641461716088,0.004844016730606082,0.004054704778987617,-0.0007788171950123823,0.01445283865671576,0.00875336745015165,-0.0010799818646888282,0.0010373383615349674
2022-12-21,0.023809738845302464,0.010876781279077763,0.025862454180153316,-0.0016690545895901021,0.011248092216612049,0.01522219728105556,0.006625151596594936,0.012840870431189755,0.007844632267763885,0.02135705211048,0.014867993802734736
2022-12-22,-0.02377281952838839,-0.025528796803810594,-0.07041986910477704,-0.08882756559936855,-0.011349973099079813,-0.008873808713328879,-0.0003871018112259206,-0.02017377234271367,-0.011709508058813656,0.014028379086841403,-0.01445169956861636
2022-12-23,-0.002798079425883837,0.0022671086155858777,-0.0086706203615452,-0.017550833466474902,0.004745091009362712,0.00246989986640056,0.003679163768787408,0.026445046702139763,0.002021110651509783,0.002610342611950811,0.005868102525282026
2022-12-27,-0.013878429756821964,-0.007414050165743924,-0.07135349403851765,-0.1140885333144338,0.003503977939255165,0.0018477323842112092,-0.013505393009072053,0.013893926225831965,0.0002782716124907214,0.021869426311702744,-0.004049622110409712
2022-12-28,-0.030685145730096952,-0.01025514141217998,-0.006019447257547883,0.03308891531476843,0.0054654572299579485,0.007377875376830767,-0.0064543036931227205,-0.016426249416996552,-0.01752300260791506,-0.011210205211625524,-0.012020638322615351
2022-12-29,0.028324287255895975,0.02762972826486987,0.040396162607994945,0.0808269069678893,0.005737365666973471,0.011290759740052225,0.010433152628040121,0.007565874529970262,0.006086629691915757,0.011594926422367147,0.01746133164481911
2022-12-30,0.002468941874955499,-0.004937419331565773,0.0007533507910870707,0.011164017515666869,0.006605695770548037,-0.0006036266822633252,-0.001753522463169177,0.010073394148266912,-0.0025325669344915536,0.0035659388009261495,-0.0025407424823445934
2023-01-03,-0.037404760667790526,-0.0010008643620370572,-0.020459954099162347,-0.12242248574195735,0.007606179523748313,0.011775499405991319,0.0003902747986730404,-0.034360712440949515,0.012765503931839728,0.018274002484840457,-0.004000548879248611
2023-01-04,0.010314157474591079,-0.0437430435903563,0.03031784687622152,0.05124885285593783,0.009325172730442421,0.01880031106749014,-0.022044302513682834,0.0029103967242583018,0.0011139060657339162,0.02517451409841276,0.007538970575044379
2023-01-05,-0.01060466536258986,-0.029637858676800688,-0.03281568156999748,-0.029039097760312105,-0.00022148974782842945,-0.0020503825388890062,-0.009375657512702085,0.022374073508438785,-0.0034082151971265295,0.013858693995929539,-0.011645528874622113
2023-01-06,0.036794058515578376,0.011785456450397191,0.04164022573204629,0.024651090365942707,0.019135430474191084,0.00997970751987487,0.025372327078356127,0.012087011790293811,0.024499161897483024,0.01175026292366499,0.02284078102943865
2023-01-09,0.004088827178573506,0.009736291956755405,0.051753265708004426,0.05934901140427806,-0.004132412684987874,-0.015112258961851865,-0.049685550926455546,-0.018637503123701382,-0.012467519729711385,-0.004020345342454323,-0.0007676325452631305
2023-01-10,0.004456514215985141,0.007616986175595253,0.017980571610650697,-0.007681374256751861,0.00895408423185029,0.006786607865524541,-0.01591237248188737,0.014934808644677,-0.0006209112415108686,0.014019934827873781,0.006978233159061986
2023-01-11,0.0211123743521604,0.030238310871077312,0.005782762821232135,0.036769060182475055,0.007431613720987995,0.007620477723725205,-0.0035699080232619584,0.011626978883165329,0.008766935218021965,-0.018355366659859373,0.012849424614881588
2023-01-12,-0.0005993676183391194,0.011621491539011375,0.031873061839255756,0.0027592625752508315,-0.0010027475022117427,0.0026176816068186337,0.005479408728328972,0.016611292612319195,-0.009032945540292991,0.015298853620409059,0.0034159058663651987
2023-01-13,0.010119056758189027,0.003018755697588915,0.023499631309547464,-0.009388119582672938,0.025234798521437174,0.022048297527175187,0.0029341529445776615,-0.0006183773541991178,0.0033145362846462856,0.0011959348884686971,0.003996858363534361
2023-01-17,0.008756436947850332,0.004681716548496029,0.047517499686944964,0.07426473736900463,-0.015453482384736428,-0.02015352961203154,-0.036990230722893536,-0.001944089766337198,-0.0060568622072665335,-0.024128234308739116,-0.0020304911890052235
2023-01-18,-0.0053700319955416465,-0.01888908563863534,-0.018359741565401766,-0.020609982513142944,-0.030042668746794843,-0.023174751729302168,-0.023437523853995557,-0.02054387356747378,-0.024721115118644832,-0.02154206300803918,-0.015562598500411085
2023-01-19,0.0004438073552432975,-0.016454053425245307,-0.03521876820611569,-0.012501946153228083,-0.0133265934137482,-0.01453163171909111,-0.0008889940349855463,0.0064189725427756805,-0.014271404271724242,0.002251542985578503,-0.007638350296294338
2023-01-20,0.019220941075978493,0.035743632326464825,0.06406215775442314,0.049146812062518475,0.002449000490447828,0.018657919642807164,0.0033363288386845102,0.01823578742767884,0.0123171125326631,-0.001497933070364721,0.018918401045981525
2023-01-23,0.023499835334123143,0.009824345017534153,0.07590120444203019,0.07742468874848996,0.0162125865321725,0.01388498266788174,-0.002881925575415667,-0.005205292781269466,0.014942178334524048,-0.009249667819775209,0.01188134498366522
2023-01-24,0.010063511676431602,-0.0022261449077946027,0.0037512629039300194,0.0009739087975544347,0.008596239793603466,0.0072843263753101795,-0.006002701116449627,0.00931175274081375,0.0026639799333842973,0.019934366512046386,-0.0007115031258156934
2023-01-25,-0.004700838044115141,-0.00590802731434148,0.003010810858010249,0.003752820129427681,0.004839297248740104,0.008678111170525638,0.008052109673084118,-0.005271932357168496,-0.004754342182812676,-0.002226593787072906,-0.0001817250594663422
2023-01-26,0.014803351775764417,0.03071347155111881,0.024788890066132163,0.10967259156647335,0.006181758958271555,0.013478703619567378,-0.009180605993252211,0.04019089235124351,-0.0009132800106632644,-0.0014877868376409475,0.011007853469181317
2023-01-27,0.013684326261087731,0.00064512924257909,0.02843130383879311,0.11000180416824756,0.0024290209242348038,0.0031123859977215673,-0.01039549707697529,-0.01825739256709935,0.007664720638941747,0.009187648645307078,0.002494840970949097
2023-01-30,-0.020078134329413633,-0.021961547387851832,-0.05907165114180846,-0.06318150994943417,-0.008480679402530389,-0.004231315192322116,-0.00548073079099054,-0.017732171431876442,-0.008025237524925566,0.01008876383708679,-0.012968740984683369
2023-01-31,0.00902113834195406,0.021012744968025743,0.01956986812328454,0.03936155894904236,0.0059655575302011155,0.005099036176388294,0.014006870207584177,0.021574711788993728,0.012099781192186132,0.012667419056869855,0.014642470285510134
2023-02-01,0.007900411007211172,0.019934609293728034,0.07196594700784886,0.04728092820511631,-0.002643492313471718,0.012401599708767641,-0.0043025755047541026,-0.010947636747732359,0.005560735985317589,0.0028867012847035856,0.010452303944590291
2023-02-02,0.03706263381846764,0.046884165030860236,0.036575445744818635,0.03781489703913388,-0.0046565687641023645,0.0058460969535720775,0.008414994435908651,-0.03128794748473451,-0.007257848142965373,0.0033583709322344557,0.014699373244309921
2023-02-03,0.02439999329161724,-0.0236203249450887,-0.02805292530273773,0.009082654784473565,0.015474299749093312,0.008303472156389047,-0.006314731235605775,0.006927365701403065,-0.013299042881154799,-0.0076502101047720705,-0.010354610691310495
2023-02-06,-0.017928893685836722,-0.006115938225889517,-0.0005212018536049356,0.025160537355481294,0.005882918633494327,-0.001646881037953074,-0.006809035229869753,-0.0016974459110976614,-0.007268331856153054,-0.005540717320395738,-0.006140463017754394
2023-02-07,0.019244770692868896,0.04202219843250243,0.051401094451087204,0.01052579127940878,0.012189902205337111,0.010997968199389696,-0.003884934076549218,0.028551017176262405,0.0021324121909052085,-0.017684255452327324,0.01287251059802652
2023-02-08,-0.017652824900509234,-0.003102037732856666,0.0014434536536112041,0.02276304955598274,-0.0070310820871783974,-0.00734283498919075,0.00894710480848504,-0.008701758709945717,-0.0053906102330720795,-0.0007397406342924961,-0.011080724476164705
2023-02-09,-0.006911391533604094,-0.011659895684712485,0.0059445556463593174,0.029956849516678652,-0.015563526313486786,-0.02136987766892018,-0.014552317504033296,0.003774531936668435,0.00927087870642862,-0.017521873350969774,-0.00882979617773516
2023-02-10,0.0024562849977669554,-0.0019725721040110278,-0.047992397813310106,-0.05030873801899527,0.004415035370707088,-0.003919375646893153,0.012459793842953149,0.042151340295745854,0.015545574699019848,0.0050232324351093816,0.0021952617756952897
2023-02-13,0.018806443930904138,0.031242983993783335,0.024594613666610865,-0.011427700782035255,0.010848271076133953,0.001967516052023166,0.002506831831617262,-0.0038897322205094786,0.015237871902104683,0.007748500550430748,0.011448609342766147
2023-02-14,-0.0042248514035840845,0.0031329689250387815,0.05429597234990213,0.0750616556523096,0.004418677360440215,-0.0008418662890712358,-0.006137948061175957,-0.011714763956345742,-0.00287846760519217,0.0002480259745702984,-0.0002804145319874607
2023-02-15,0.013903333144882346,-0.007993220166200077,-0.00901144405461718,0.02384709913101113,0.004189844081041727,-0.0016842142742196087,-0.009148718197285133,-0.003006227435939257,0.007423117709437932,0.0012397046786671861,0.002773175690496066
2023-02-16,-0.010429222651145653,-0.026622519481742324,-0.03347401236367642,-0.056945537220967624,-0.013768899415569247,-0.007873903971103768,-0.008541577783530152,-0.0029293188855352703,-0.015692065015001533,-0.013373149724385636,-0.013788741489130674
2023-02-17,-0.007546459640426995,-0.015601609908577507,-0.027906544756737484,0.031033480898909005,0.002961324899430462,0.0019840099065688843,0.006053727112147467,-0.03845177593144966,0.015041251614527518,0.009538424368806808,-0.002767405825327751
2023-02-21,-0.02667992188656121,-0.020886769933009308,-0.03427145999368997,-0.05251789433835985,-0.018348953092564124,-0.023479743465099956,-0.011802722815084099,-0.0009883241972464818,0.006077657720959584,-0.02536031056846888,-0.020041234255327334
2023-02-22,0.002895961900862165,-0.00459087151284332,0.004793080343095335,0.017682553475729224,-0.007663476853313922,-0.006662387623760702,-0.007494110433267087,-0.012953289765683884,-0.020973390924826307,0.0020403541279381265,-0.0015735561458868341
2023-02-23,0.0032905857200962174,0.012961787203621622,0.14021396432699795,0.006024129792842281,0.008011082486662158,-0.0008750127824013187,-0.0018877288741043774,0.009204537974834448,-0.014905655872075374,-0.01909356223093006,0.005329429416074394
2023-02-24,-0.018005416922136197,-0.021784569284928335,-0.015973751551588866,-0.025684180003413215,0.009021437896075346,-0.0014595506529894164,-0.01300233822361141,9.041845538226845e-05,0.002674291283454311,0.005450274666373378,-0.010537551485558128
2023-02-27,0.008247541573813022,0.0037719169536332142,0.009233097098116705,0.0546017865369246,0.008727544647812557,0.0,-0.023233556982584003,-0.001805978001496733,-0.007229559661621754,0.0036137997125644805,0.0030730045671669703
2023-02-28,-0.0034475227705877964,-0.0029582112765080826,-0.012127240202844058,-0.009247209573726933,0.008371146019167996,0.0026308117901292505,-0.005149438207881052,-0.005789108359266382,0.004878396911826011,-0.0018002410005956149,-0.0030360018281855305
2023-03-01,-0.014246250397574434,-0.01262931305818138,-0.022312193348244413,-0.014291975817664948,-0.0055807646947941825,-0.0046647875346026435,-0.009613004434735894,0.008916234916144905,-0.013930910258397877,-0.013141172473692508,-0.004725264845680033
2023-03-02,0.004129167393513766,0.019653254218666927,0.027139007765347722,-0.05853928157947286,-0.010382425479953716,-0.01267677507661591,0.010950698263155312,0.004599119624061121,0.00249736415793933,0.002872056369930709,0.0075821940867943916
2023-03-03,0.03509010017809033,0.016646043843484115,0.024706073252126926,0.036092192823141245,0.01835966024648572,0.020005971821049684,0.013047576030489116,0.012657204157211499,0.0012099037030652848,-0.0039049604916459035,0.0161477371607488
2023-03-06,0.018539479093112154,0.0061891748091909005,-0.014064286611610188,-0.020122331071529165,-0.005847479987831861,-0.0020492029549389335,-0.0009717949091498923,0.0088642434089794,-0.0001422443532634876,-0.0028751823272736843,0.0006871667698291617
2023-03-07,-0.014496753318697708,-0.010589089762065962,-0.011125329926011895,-0.0314740773002814,-0.02940752593035323,-0.03197407945780628,-0.018730420847772766,-0.01933036350986128,-0.00995369156274395,-0.006291026847014547,-0.015326919115337678
2023-03-08,0.008377243528552292,-0.0017706272967817904,0.03834588508676395,-0.03041929843714275,-0.005915224363124305,-0.013333398648491257,-0.005453748261035285,-0.014604345280924913,-0.008258561784521112,-0.01002377458595094,0.0014147940136839399
2023-03-09,-0.014914664317937865,-0.00543946463761813,-0.030809330715217964,-0.04989011995084991,-0.05413663787419709,-0.06203936834059687,-0.016450616701210063,-0.007728777363841699,-0.006734217680505639,-0.02611243672339847,-0.01845935787384867
2023-03-10,-0.013878644251462902,-0.014782686272852952,-0.020097203943156616,0.0030071956856769777,0.025395174631304807,-0.008840836375409666,-0.0017740947541370344,-0.01237043869890564,-0.001458043203847903,0.0035569170355693736,-0.01447813845705137
2023-03-13,0.013266087162656204,0.02144076532511008,4.344344749207529e-05,0.005996271168666301,-0.017957169040904053,-0.05814332446044823,0.01193235934713277,-0.011505122653453714,0.0029203443959953113,-0.00381694946572686,-0.001509761003189447
2023-03-14,0.014089165410587245,0.027055700595704613,0.04776615924094796,0.050320947926932424,0.025675951259759966,0.008768835236663053,0.0010034783050718588,0.003754606021886042,0.005314083466350095,0.009304927362062676,0.016476655480623936
2023-03-15,0.0026214783119047347,0.017830314794520685,0.006857129422559449,-0.015333393227232484,-0.04724404536855076,-0.009388008524634839,0.00952366199292709,-0.049747457792692296,0.011151207246334671,0.004880764876664667,-0.00698088356543769
2023-03-16,0.018693797911440324,0.04053699574233405,0.0541935275203449,0.020393505108375454,0.019413670360583835,0.016847921327337145,0.0022343130537254563,-0.005806089097746048,-0.005680451213485038,-0.012952049848470648,0.017562006217166637
2023-03-17,-0.005453708003480773,0.011694119308672368,0.00720421814144756,-0.02172378153438792,-0.03778194828257819,-0.03969628890069765,-0.0066882263157646005,-0.01177868084197331,0.008099552265093735,0.005741076626706532,-0.011019457310067593
2023-03-20,0.015483610034742856,-0.025766685299287717,0.006802532063507449,0.017320796272765726,0.010571546870919102,-0.0025162034233062736,0.01770580799871868,0.026141913488101354,0.010760400439028928,0.017395770897875806,0.008918403718310097
2023-03-21,0.011944442885845952,0.005693808815265822,0.01154461424750819,0.07819919143822474,0.026820687056411163,0.030270309348538804,-0.003675531541166732,0.0448022724317354,-0.003406593499160615,0.008282148318098592,0.012982193897784988
2023-03-22,-0.009103564684920018,-0.005442469835877595,0.010267442425416773,-0.032543819591966616,-0.025813692338798155,-0.033228294743068654,-0.015986289204520165,-0.022888613758695997,-0.006409291427086683,-0.011393709332322866,-0.01646322377571363
2023-03-23,0.006969353614123319,0.019721402988335246,0.02731592675305472,0.0055977366381616545,-0.0026734242967833,-0.024240230680382946,0.004249172507251098,-0.0112821076765931,0.00809893832653863,0.0016081500124158765,0.0029845287333754023
2023-03-24,0.008305672941814946,0.010480601939186096,-0.01515211794366711,-0.009416281069083876,-0.015215956086528482,0.006303182744194835,0.0052262172762880255,0.001160285589522747,0.00817631583943923,0.00776042534883481,0.005639807253104534
2023-03-27,-0.012293087201510011,-0.014934020292538652,-0.00926090411221514,0.007352522816861606,0.028660548579288347,0.049742227970174246,-0.004208850091068972,0.02192611965489455,0.016713766896508053,0.010355542932983797,0.0016469543057482383
2023-03-28,-0.003980422297530484,-0.004160612864879121,-0.004560706147642257,-0.01365932511618495,0.0030353046880109424,-0.01298720760305716,-0.005718557581317785,0.012476513816071622,-0.0038842009072274086,-0.0013139894723672718,-0.0015738434957162095
2023-03-29,0.019790587308671448,0.019183813732523758,0.021734111810210566,0.024789906342217005,0.002017349112935829,0.019559188246002668,0.006501813219032648,0.017176906242921897,0.004317125050590009,0.012631595250374383,0.014237268879836451
2023-03-30,0.009890033955580968,0.0126198379566822,0.014786571696630668,0.007220929756684091,-0.00301989953644477,-0.012905453213250206,0.0032296177142661087,0.004863984039998659,0.009984072521664444,0.004677760639810069,0.005715269388667954
2023-03-31,0.015644026467092065,0.014962239218373474,0.014388594657944065,0.06237201971890638,0.012116379657092446,0.010600729227175698,0.010401241377230752,0.001552875504154283,0.01221947089779829,0.005949053380836178,0.014436542471763847
2023-04-03,0.007701953112704274,-0.003711344773895342,0.006768098348286511,-0.0611684277968263,-0.0011510420822830048,-0.0003497887680196099,0.013480478700454102,0.059000397430533535,0.008409390969547736,0.008485698278811737,0.0036988464765423945
2023-04-04,-0.003249873539880932,-0.0001740723534953137,-0.01830854558720907,-0.011244043709844886,-0.013368183129560451,-0.021336027076614417,-0.010882593615693437,-0.009558169184656573,-0.009818940803781984,0.010963757711567768,-0.005796972083329965
2023-04-05,-0.011290407526900914,-0.009889401748592541,-0.020835562605373226,-0.036660076287606036,0.001491103992033782,-0.01215153310582251,0.015892250796390783,0.0171274298263826,0.0165725667099057,0.01160144882994052,-0.002492370531228194
2023-04-06,0.0054960754753112795,0.025532710947193005,0.005803393771664833,-0.002479553165553039,-0.0010970420323231922,0.007235755459358728,-0.0012033567827033353,-0.01658254755260513,0.007550021629153081,0.000582901255509638,0.0035791630944272956
2023-04-10,-0.015972309719893163,-0.007578867126372568,0.020046654386765672,-0.0029720256079848184,0.00329486873844842,0.0035919621518512024,0.0055420655439870625,-0.0044330453539759285,-0.0019229463012998549,-0.0032927862047124057,0.0009963029974375814
2023-04-11,-0.007591279963471309,-0.02266833100084209,-0.014866455611724949,0.012357047570191959,0.0049261042838135705,0.027559065339326727,0.0014379331715212995,0.007071930091160583,-0.00292333352600882,0.0025411982134606603,-4.1352477946232646e-05
2023-04-12,-0.00435299623564489,0.0023336788872463377,-0.02480771483231181,-0.03346003653646468,-0.0001556650938919768,-0.008011214458618632,-0.010050300990818162,-0.0010401831973244624,-0.004864520721290733,-0.006336596353013091,-0.004134884052006904
2023-04-13,0.03410357706690714,0.02239928560124471,-0.0012077848779533662,0.029688716127604264,0.0038130853289410904,0.0028091553591789165,0.002417185177862713,0.004686141339054872,0.001004411446920761,0.003060938510737188,0.01326268999363811
2023-04-14,-0.0021142022997086007,-0.012765467918091855,0.011147548087600434,-0.00484127986031857,0.07550995489303891,0.03361340147234615,-0.006751865388977207,0.0024187053404780556,-0.006756182210411299,-0.0025432554096721516,-0.0020693734728036706
2023-04-17,0.00012098177554920042,0.009295991227558531,0.009119030823335539,0.011026990735853115,0.007929066026754361,0.02879392549557469,-0.0002426845719968318,-0.01163301368221148,0.007004136518871773,0.006119233263714774,0.00330615690296554
2023-04-18,0.007504745147084213,-0.0014889708831662407,0.024627685477751626,-0.014595786064656058,0.011227797049736976,0.006256331550973604,-0.015298933350607169,0.019529259029170687,0.002207315042208613,-0.013177937954965024,0.0008552202959737354
2023-04-19,0.006968393024477493,0.0002775016212022141,0.009541940963993856,-0.020183393575926023,-0.001272851473854808,-0.016361359424593602,-0.007644483114646383,-0.003164253998166111,0.0010676042426951415,-0.008731369080542284,-8.42619976980652e-05
2023-04-20,-0.0058463143337437184,-0.008112391275537867,-0.029608585741947024,-0.09745828230593878,-0.0029034306203179483,-0.005322589608071304,-0.00969218388956794,-0.007977927621678926,0.0063994270407401466,-0.03652857792837694,-0.00595254815297297
2023-04-21,-0.009781137484099145,-0.0012232765932441714,0.0005532674724559872,0.012822849668400638,-0.0019173932455776033,-0.0010033258432199377,0.009034039835746022,0.0031997527005707127,0.005034266978180435,0.0034956047103631427,0.0009031888869577287
2023-04-24,0.001878691317655612,-0.013962805585648108,-0.00283916078396218,-0.015325895028073244,0.0013520194904712568,-0.003682625612981716,-0.007460867573327867,0.018877615334992548,0.00678840297152794,-0.005894748141279327,0.0008515791660903549
2023-04-25,-0.00943553952632803,-0.022536019096999205,-0.029620672953339366,-0.011565701922588656,-0.021743928219368103,-0.030914030444166185,-0.014532615798649395,-0.01421330771873841,-0.007789975994206388,0.005390752810732868,-0.015810858882773227
2023-04-26,-6.130659104508496e-05,0.07243491481592002,0.02724741182800372,-0.04306963495243776,-0.017723589663011463,-0.013869440233729713,-0.01779828453316079,-0.009183101306301955,-0.004354451131880821,-0.010187699743248402,-0.003841187197329843
2023-04-27,0.02839530188629613,0.03202724004975854,0.010016258774516285,0.041886194740853755,0.013458717835335143,0.015822634221887455,0.0028476425234797986,0.011953442740946674,0.0031141727815353626,0.05065026241354453,0.01956614972249704
2023-04-28,0.0075412448629363915,0.00797185847070292,0.01920984966271755,0.025719427270091355,0.008682889111393699,0.013499445181110348,0.003872106116952212,0.012924593033149856,-0.002708326848627318,0.0010309369555872028,0.008253202753460531
2023-05-01,-0.0005306238249640494,-0.005532641853297493,0.04183926900797674,-0.015093395194377579,0.021411927331107306,-0.00819678165033022,0.008228117082043962,-0.0310121420934919,0.004106817184448941,-0.0030902869900908403,-0.0003861064902076494
2023-05-02,-0.006191339780456717,-0.0004910951226559934,-0.02421332829833822,-0.00939259874721976,-0.016147359130198713,-0.030302969749128383,-0.003825396193282815,-0.039853424731316034,-0.0027045746090843537,-0.02686651450679145,-0.011586262936400304
2023-05-03,-0.006467094141279883,-0.003306807864293937,-0.014462788920071024,0.0018713932775662467,-0.021163051049943538,-0.01065350589646974,-0.015617095497690636,-0.0197095122285732,-0.0037041744622050565,0.008229204043829652,-0.006998305064656485
2023-05-04,-0.009913636441024831,0.003317779122387954,-0.008632508545579731,0.003673471985857102,-0.013678554186873138,-0.031227511024944588,-0.00572158383167598,-0.01751138808526298,0.0027990584018282583,-0.016587458659050425,-0.007218732334382416
2023-05-05,0.04692699087007379,0.017157410225517422,0.04056317951586297,0.05496278398315546,0.019534897149184438,0.02667636034817389,0.006800893560126253,0.024896231605568753,0.00863957327834819,0.012851646750255075,0.018474751389515376
2023-05-08,-0.0004032199032986128,-0.0064380606381641,0.016422592023133564,0.010172855182730478,0.0024132659550513136,-0.000721598286353653,0.0046763207518238925,0.0039566801178292366,0.0062595212174445525,0.0,0.0004521286642489297
2023-05-09,-0.009971238118320791,-0.005345834469829502,-0.019896505598592573,-0.015367597024416146,-0.0048152698335468536,-0.0010833287427459704,-0.004913234396858979,0.00027483985023457613,0.0017022871827458985,-0.006872992407402911,-0.004579421277258522
2023-05-10,0.010421019883275928,0.017296165591539348,0.010990343011727965,-0.0036062703657255835,0.0005133448706176047,-0.012292264808299591,-0.004677898703940531,-0.01282763600717629,-0.0028106824327671642,0.0015971186123564518,0.004483965263404999
2023-05-11,0.0010943001406931163,-0.007044216091997346,-0.010628495157695483,0.021003967520705658,-0.0031506147939611706,0.0025624058243034487,-0.008181540705160861,-0.018098783633887394,0.0037366179255660104,-0.0007975030802044314,-0.0016966239932159066
2023-05-12,-0.005417276250323511,-0.0036759669137738094,-0.008328014797334027,-0.023826162598143963,-0.014333148735930168,-0.010953076974355436,-0.006120220798706777,-9.481002371136693e-05,-0.0003267957957938661,-0.0002659844451253779,-0.0015833068345566526
2023-05-15,-0.002897377602047224,0.0015857144044151283,0.021630104170523357,-0.009703474612936969,0.008426581791061372,0.020671912513390067,-0.005087072300188122,0.001907156985784697,-0.007774056522483863,-0.02181422949472922,0.0029581644391338813
2023-05-16,0.0,0.007367679958302009,0.008980087173571016,0.001021930644472091,-0.006729056873675532,-0.0104882016632174,-0.004036585807930093,-0.02426952344968414,-0.013826662441971949,-0.01958119876805242,-0.006377683373153031
2023-05-17,0.0036029542282378646,0.009451742114158002,0.03303324168591448,0.04407876621166107,0.030747658140300782,0.04422508293599692,-0.007024845310361072,0.022434550845410017,-0.0016692316284856457,0.0036061447769313304,0.011890829058788244
2023-05-18,0.013666319563348628,0.014394818593568504,0.04970522939009214,0.01742780840135616,0.007583760638978365,-0.00350025534483156,-0.00734720123299859,0.009063357569981889,0.01297408898687058,-0.0013820546472629314,0.009445048649426635
2023-05-19,0.0006283659541796993,-0.0005651229127623392,-0.013069138592732288,0.018373000232992265,-0.0022941353734288183,-0.012644802063444871,0.007949611772964271,0.004632671521597187,-0.0102991818778988,-0.0022141927116565707,-0.0014458676054706077
2023-05-22,-0.005480637917845144,0.008921272785260337,-0.002814807904521599,0.04846228354123516,-0.008262640859144632,0.008182063897896441,0.05384803463572818,-0.01214006543045465,-0.008805380574260502,-0.0024963973845008036,0.0001550346964389604
2023-05-23,-0.015155167599055552,-0.01843206408615372,-0.015653088485447775,-0.01641335799687582,-0.010432431639055273,0.008468732078609875,0.022967802957049033,0.013622851159558413,-0.0018842417186346605,0.007786179725745246,-0.011222026747550129
2023-05-24,0.0016323182969271155,-0.00447240725680631,-0.0048878316714005,-0.015449266889003166,-0.009151416150474767,-0.016795012308099655,-0.02547933960116322,0.01118414753007868,-0.0045848819836755705,-0.010209526258630475,-0.007318600335353365
2023-05-25,0.006692142362558551,0.038457981930664076,0.24369644289811632,0.00858396597381672,0.002438169343699448,0.0024912783500179447,-0.020709229953167152,-0.01793823317735521,-0.009957414383255814,-0.02927234683683544,0.008757581265902425
2023-05-26,0.014104767720245937,0.021385537202915472,0.02543427870186754,0.047162123329924865,0.00936099561276893,0.004969733184552849,-0.006079653844008326,-0.006530471302181429,0.0017788515910808211,0.0051693634810148215,0.01304908677799732
2023-05-30,0.01065978928083533,-0.005046919553810314,0.02991337141659156,0.04136255924264187,0.003797304417943348,-0.0017661275261937615,-0.015691633195380472,-0.00885974234603959,-0.0024587883635547314,-0.0028570992162136877,1.660326849850513e-05
2023-05-31,-0.00028213902044615935,-0.0085139675869923,-0.05676769086032574,0.013770078361723836,-0.012730834780721456,-0.016631411183463563,0.027289947336486042,-0.017877797020769748,0.005545667178854519,0.020916886047587457,-0.006108624209833935
2023-06-01,0.016022476929957064,0.01275899313905171,0.05117125829717484,0.017604137329555236,0.013779144822358758,0.007616942837243457,0.0,0.011548404174666516,0.00367680208466159,0.0025258898633133686,0.009854453563032717
2023-06-02,0.004775412066373885,0.008479083380925179,-0.011139143806574325,0.031081326211683136,0.021006142546261986,0.03347731909669838,0.008942584947936538,0.02321981588355415,0.00956512371839291,-0.03191479975517775,0.014534424705965554
2023-06-05,-0.007571065638048768,0.0016102308149632538,-0.0039667666774103605,0.017011727666879528,-0.009824181292055756,-0.005921205851996181,0.00756024643475417,-0.004444190319067176,0.006585249118248537,-0.003470363346806171,-0.0020035816359177394
2023-06-06,-0.002060356299561139,-0.006727398367640691,-0.01319854554567268,0.017002881015874216,0.0017974443916375371,0.024176676494226612,-0.007244798549743692,0.008168046604885904,-0.00013347334747992878,0.006964694182335807,0.0023538963079141606
2023-06-07,-0.007756210062015101,-0.030867985739179704,-0.03040100409744062,0.01473051286244731,0.009688573606144057,0.00855286976952696,0.01355236823610495,0.022421133097033197,0.0014687185834938443,0.016138283898812444,-0.0038120096998572883
2023-06-08,0.015464959442669457,0.0058137001847931025,0.027618257525488188,0.04582087077762287,0.00028428328039220574,-0.008480338538406462,0.005142811950030524,-0.0031328451781234,0.014466530717454074,0.004821419385029779,0.0061886426142414575
2023-06-09,0.0021599406626846562,0.0047039099234289505,0.006751700356189438,0.0406199151040636,0.001989649596213061,0.0013683606844856477,-0.003069922777951928,-0.007394373855469927,0.006046092686085691,0.001128969438822347,0.001148059539441082
2023-06-12,0.015638580352077325,0.015483990616342647,0.018364454383533735,0.02221770896144193,-7.114126697493894e-05,-0.004783034018477905,0.023864634858793643,-0.0090324304384658,0.006597286182717932,0.00394680543197623,0.009321148810237156
2023-06-13,-0.0026114771135852255,0.0073528290416178255,0.03900533251034566,0.035544128242966044,0.007234214292509478,0.00926872527288225,0.009523455070000297,0.00018790621047060085,0.0077872375394418825,-0.0036505064254918063,0.006932489951473775
2023-06-14,0.0034913395988882545,0.009123692471820544,0.04814482533528408,-0.007421371317580694,-0.0037318236237929847,-0.009523699625707094,-0.022839913898907382,-0.012025560585872008,0.010109443533305118,0.007046148562089183,0.0008194255259321714
2023-06-15,0.01119872201097527,0.03189633106671219,-0.008000451576027023,-0.0034659239799891273,0.011308191342957796,0.00858517829231431,0.009908516553888802,0.00694183734005116,0.005482269192427003,0.019871314139567442,0.01217813742034668
2023-06-16,-0.005859929980628342,-0.016575512818361227,0.0009142891757858429,0.01813214052015355,0.001188167559257769,-0.006128726284132413,0.007798937086877844,-0.007177369998429328,-0.013947964102793198,0.0005487749876484926,-0.0036716195284263176
2023-06-20,0.0004866388110011943,-0.01250252779110117,0.026140738706134314,0.05338912722001776,-0.005095895160250996,-0.010962732092370642,-0.017973071608588076,-0.0229239481965684,-0.008808554544373681,-0.01782751792529058,-0.0047351076976228645
2023-06-21,-0.005675332446558157,-0.013282101700748172,-0.017416824555152366,-0.054618400747766804,-0.0014731055359583634,-0.010391426937460424,-0.01118469459400584,0.011195557706747072,0.0019460899415228994,0.0005584294091378617,-0.005245281583003636
2023-06-22,0.01652524567418645,0.018437546564250118,-0.00046465785536375925,0.019848894111198723,-0.019252554501856034,-0.021351131988541105,-0.004370083272211001,-0.0054876523356585105,0.008351634589423895,0.0005580525847770357,0.003710798414438443
2023-06-23,-0.001711264742303653,-0.013806108466398404,-0.01896584087668829,-0.030270888067223778,-0.005230014225367174,-0.007510772063187066,-0.01110266981157837,-0.008712559902319117,-0.001861997777020452,-0.009483751624140724,-0.007658808766684566
2023-06-26,-0.007552849056734812,-0.01916285479968871,-0.03736176487473608,-0.060600166336257755,0.0024487827745764967,0.0122524666827597,-0.036814494507577344,0.018457003926992455,-0.002637382562851842,0.01689658557000695,-0.004486838293256468
2023-06-27,0.015059140687439854,0.018167965768325134,0.03061635312891209,0.03800042956291749,7.17193475205935e-05,0.005339987004670199,-0.012740638362306989,0.002493076270762673,-0.0036117782925429998,0.012184803215111506,0.011455854954693034
2023-06-28,0.006327550692314388,0.0038257548099485117,-0.018124991899562293,0.0240996896954786,-0.00438207825651149,-0.006019970461860202,-0.0035694180552136023,0.00813018492492179,0.005437535388064463,0.007387316265585531,-0.00035407668843834283
2023-06-29,0.0017966326321627868,-0.0023821582763257076,-0.007174544325197707,0.004917303362650394,0.03492315735927498,0.02101896103618306,-0.004684508897773609,0.012333942916805007,-0.006759970318702457,0.004617207016774927,0.004473544672805918
2023-06-30,0.02310255533456984,0.01638588569198829,0.036254980601915454,0.016582481606492783,0.014013706148219729,0.001046771104640909,0.015503940597365151,0.005154611469144976,0.01879693168814711,0.005406467388395786,0.012269004495714109
2023-07-03,-0.007784771706416782,-0.00748838213701164,0.0026238620556928716,0.06895373445427366,0.008044725045041057,0.017776285853891016,-0.000817906787830669,0.0019578642019033587,0.006489409630423548,0.002420000229746977,0.0011706778016009611
2023-07-05,-0.005871443894600259,0.00047350760532882674,-0.0022632865010707715,0.009506123909958086,-0.006661636283217476,-0.004109651738631204,-0.005184358424903723,-0.0051180785641659066,-0.000568850363953044,0.005364913765804058,-0.0019683184132291975
2023-07-06,0.0025088056466118225,0.00922676487953722,-0.005057182443698238,-0.021028045208104085,-0.009886811224034786,-0.027510290012405902,-0.022764439648296886,-0.03732127578100952,-0.0063249298571955714,-0.009338140700832054,-0.007922511336500904
2023-07-07,-0.0058910991243775745,-0.01186744759573033,0.009500354452222304,-0.007630056425625198,0.007890599638663343,0.008840183742626628,-0.0028068078752429004,0.0023322122434423775,-0.023040950961995765,-0.01581816398489022,-0.0028651005386203243
2023-07-10,-0.010855885250767527,-0.015983810438728208,-0.007599205808579201,-0.01756370459810941,0.005611675685009532,0.004556556584835336,0.0042219005844150725,0.014831337470095463,0.009055890816263457,-0.0211701128209818,0.002405026057131332
2023-07-11,-0.002810123894838923,0.0019287199266506683,0.005334306656121557,0.000667717084456676,0.015639140040699218,0.012561181514815889,0.009529065498811828,0.012226498695910415,-0.0014849416715124741,-0.00426872312019555,0.0067422110558885695
2023-07-12,0.008985406642650462,0.01422703075707954,0.03530229650377792,0.008154422401772665,0.00495178048687861,0.011715976297822062,-0.0008328935184150899,0.004907103991272255,0.002521755618385635,-0.003715201651334765,0.007411233485312474
2023-07-13,0.004057621056383853,0.01619191085393057,0.047264520794350284,0.02172875427149612,0.004859801783176021,0.01055855779894932,0.0019450169288390828,-0.018311702948219932,-0.005869346356564442,-0.00631086171644335,0.008470153458069118
2023-07-14,0.0007874400670166981,0.007529576081858114,-0.011049065595758245,0.012522529912772917,0.006045754412400184,-0.018874341852596288,0.007210297069440985,-0.03443654454086975,0.0034385590870154026,-0.01818728696730154,-0.0010244071333035398
2023-07-17,0.017305344691395996,0.001419195056524769,0.02181678917164742,0.03198521516746822,0.02410345663705038,0.009962200651564723,-0.012665270799743888,0.004358868351948653,0.001228495687191744,-0.07497793374330364,0.0038553825145495324
2023-07-18,-0.0013403723419570523,0.039799967814277526,0.022233768618392435,0.010193509901870401,0.0018256914791929812,0.044217831226886384,0.010596757010812752,-0.00453719889135229,-0.0018080687559395292,0.02574712006846802,0.007117275205842377
2023-07-19,0.007071857322353381,-0.012267492656519385,-0.00877993648508646,-0.007090702250741598,0.00383966910415956,0.02703575171206607,0.005518809654824652,0.006936142477861784,0.00032327120472830373,0.052680419390268574,0.002357910335732072
2023-07-20,-0.010097546247805678,-0.023121471702621577,-0.03307342608458985,-0.09737009860008494,0.012317579581410554,0.005074696903913267,0.009055978420633659,0.01761451488811816,0.01849697491924851,-0.009714508664498633,-0.006756896218903741
2023-07-21,-0.00616160355353923,-0.008936992187697057,-0.02660359370772858,-0.010954754468143868,-0.007685116599619124,0.009151009367194263,0.017133439990917543,0.00464183285274844,0.005651592874181599,0.007134639962137701,0.0003240945218980773
2023-07-24,0.004220210302740002,0.0038977561457904653,0.006838063356116475,0.03476659075024613,0.019683922881640115,0.020950550374674526,0.0029412164219115855,0.015689616974937204,0.005872333086580861,0.002951357533756749,0.004034153877153557
2023-07-25,0.004513614816421541,0.017009149490928577,0.023917437483871762,-0.014048906614122947,-0.007468400255724927,-0.015313834807717197,-0.011996578919565293,0.0015163911234050698,-0.0008159494098005649,0.007651596844869379,0.002814673351556163
2023-07-26,0.004544957270257388,-0.03763739894927265,-0.004969462044500328,-0.0035057022016762307,0.005994119597839687,0.00808700184504807,0.00404722868823848,-0.005583126154804718,0.003580911590669089,0.0029206623936919307,-0.00015543889679858758
2023-07-27,-0.006580871774388486,-0.020872224528255767,0.00985670632592095,-0.032683938680391544,-0.011029255210273647,-0.014193135248826705,-0.0163042340079117,0.0031404545862385724,-0.0036307553423384764,-0.02300533209769473,-0.006424666064487883
2023-07-28,0.013507905877401027,0.023131256942187317,0.018518336556467174,0.04196157931177735,0.005704417210391499,-0.00156501209813098,-0.0035913576809120107,-0.011952225977682529,0.004712197854363831,0.014306941735430678,0.009877842794752345
2023-07-31,0.0031658876455562535,-0.007240508886137809,-0.0004490081800101464,0.00371562162326855,0.006691621889184818,0.003134801491576633,-0.0002771327943205115,0.02956979953009009,-0.0003128456756165132,0.0014694104107826345,0.0014687129405193122
2023-08-01,-0.004275806870700505,0.0012501632103276705,-0.004750975203402064,-0.023781870118334214,-0.004938076297233751,-0.011874968435750977,-0.012479098161520819,-0.005781260113371323,-0.004691490959806366,-0.019072759546659213,-0.002665087639215691
2023-08-02,-0.015490027378801119,-0.026282877746300337,-0.048121743358262914,-0.02665954157355055,-0.011324638749433458,-0.01359889322086083,-0.007301529702042342,-0.012474419008629334,0.0006911860220055743,-0.0032905445005942946,-0.013839541336347905
2023-08-03,-0.007321695515357551,-0.0025647052224903044,0.005556932658129954,0.020502958173047592,0.00611331934256909,0.007053342733747137,-0.009901066508632206,0.017380709231879177,0.000251301790057612,-0.0078030900555994265,-0.0025479738404268204
2023-08-04,-0.04801993961298423,0.0034283679203304107,0.003706816663434198,-0.021055092394165698,-0.0021104600356603997,-0.0035020362266562355,0.000571729960546552,0.0028004894735009778,-0.0057767071922634194,-0.013309001239751872,-0.005300074155050516
2023-08-07,-0.0172537775025412,0.007108650161811836,0.016495117163022766,-0.00949343597382446,0.0047428992496623135,0.01853046191424812,0.018846310696666757,-0.0020480407469425366,0.013578432877020097,-0.002759237557522498,0.00902409277936278
2023-08-08,0.005311675295536444,-0.012299121369658272,-0.016579806117289708,-0.006959634206558429,-0.005613621834153704,-0.019134180863471406,-0.0011210938052542696,0.0049440312158204325,0.000996810501093126,0.0012298462332644977,-0.004218283044793103
2023-08-09,-0.008954290375521201,-0.0117160500332949,-0.04724158787763033,-0.03007606967809695,-0.013407864380088341,-0.013111720625909928,0.0056114413953933795,0.016986971044878674,0.0016184064235180706,0.004298329501650322,-0.007038730380597102
2023-08-10,-0.0012348466232098287,0.0021726128815875434,-0.0039009886121167403,0.013006292021680244,-0.0014955300806872573,0.0025924367606333654,-0.0033480138655131997,0.005111429690725311,-0.0004987944942435041,0.009477244775466076,0.00025071394456976925
2023-08-11,0.0003376748547603281,-0.005945432501459069,-0.03616603770046156,-0.01096438608281991,0.00579601289261511,0.011312101876965963,0.008958707461414361,0.015528351808397733,0.005865598080520673,0.010296758314492616,-0.0010696923700230787
2023-08-14,0.00939312656889979,0.009438657339826406,0.07093396066579793,-0.011910156448968756,0.00207170392210676,-0.011505253026659723,0.0008321533140294157,0.0008050109480433054,-0.007444265220229895,0.005995068400896031,0.005750475751703066
2023-08-15,-0.011200302114205307,-0.006727557863621003,0.004273938444978365,-0.028361644764614335,-0.02545719629468368,-0.032007719158763215,-0.01885202608842551,-0.0256733906194222,-0.0051251270622673095,-0.008939320133572126,-0.011550909428841738
2023-08-16,-0.0049589566206890145,-0.0024283392892463507,-0.010332272926073527,-0.03159340830287449,-0.0042430679791345405,-0.021710190401532103,0.002543082828197374,-0.01682711197212694,0.0005026514103216861,0.0003009202131845079,-0.007555395210577687
2023-08-17,-0.01455519851021081,-0.0109863807874504,-0.0032655880985422714,-0.02828016272253575,-0.010386765115327101,-0.0003413719177900454,0.029030364935273,0.019371898714799274,-0.022416119139925028,-0.006312046553876849,-0.007712913029036983
2023-08-18,0.0028159643421299396,-0.0012623721223532502,-0.0010379817916248424,-0.017014851321818014,0.0022876584788129595,-0.005806006588066515,0.004108450131709462,0.015129123669174405,0.014387384549860327,0.0036298348225363153,-0.00014870682600087726
2023-08-21,0.007736989468945188,0.017062874710972897,0.08471303141941511,0.073274828918382,0.0034231109331501752,0.001374142917643928,0.009547138940380728,-0.012086514043270657,-0.0026593032380818338,-0.005425129282889962,0.006879188518795987
2023-08-22,0.007904743426026872,0.0018018702066548986,-0.027657804733769664,0.008258403978685713,-0.020738357205911773,-0.024356631423413933,-0.004593502374794056,-0.00561138951781881,-0.00317437473150739,0.00606060900902361,-0.002777466728829614
2023-08-23,0.02194888486151192,0.014079192667276974,0.031707405053751136,0.01573823118710882,0.006762944323989828,0.0003515022854878591,-0.004885793579988418,-0.008788016581624758,0.006942274530285397,-0.0003012567747371353,0.011044879965972587
2023-08-24,-0.026170445778602724,-0.02149848474058602,0.000997309762189591,-0.02879341090367593,-0.0009499081197600345,0.005975390477071407,-0.013638964813881826,-0.00746610017648186,-0.007653427375272193,0.0057247052895514905,-0.013457974663146133
2023-08-25,0.01264321073074992,0.009407243412776545,-0.02427724331791914,0.037167463490241914,-0.0012223772068036265,-0.004193008118551722,0.006084135753709363,0.017865480736980688,0.005927608113400318,-0.0008986219252482552,0.006717966037625089
2023-08-28,0.008846071793217947,0.002229296196992747,0.017753735105032753,0.0009640428763089126,0.0034681374185312475,0.009122995957936197,-0.004672736589511617,0.00840652327411906,0.0057028306313280375,0.005996934689155964,0.006264619755036449
2023-08-29,0.02181025511956336,0.014550501234330548,0.04161424007654224,0.07687791972402569,0.00813205534152317,0.014255890106816604,-0.0016571208827429462,0.005954492503661646,0.00837935952211355,0.03397918315402393,0.01450830719454621
2023-08-30,0.019172215423088224,0.001157206245363529,0.009839333327483324,-0.0010887269121663268,-0.004033120147580727,-0.004456795571807781,-0.0069153765516645205,0.009744054680733694,0.007185555392048348,-0.0014412554207401396,0.003833182103508026
2023-08-31,0.001172495410148633,-0.0031327255043734903,0.0018472897326922144,0.004593198535678855,-0.012351518812855788,-0.004513706229241854,-0.014484840609379823,0.002795939636855982,0.008746797846220344,0.009815079573477048,-0.0015969365120942491
2023-09-01,0.00846326863278235,0.0027456711310294146,-0.017141302116330692,-0.050643183297632066,0.0033485842121190323,0.010812568513822729,0.011305742368177274,0.02095498094027093,-0.006395763816327116,-0.0034304676298707593,0.0017991292600010311
2023-09-05,0.0012668290363120338,0.014878676808494307,0.0008039164116033781,0.04685521401135628,-0.011033773288750548,-0.011387162177137977,-0.011179351500271939,8.828191673138086e-05,-0.008046111456925575,-0.016064328631130387,-0.004194177587506065
2023-09-06,-0.0357934474428957,-0.0020086475022703665,-0.03054955663443848,-0.017817428513501543,-0.001652957397931476,-0.009075031730618854,-0.028547214740221594,0.008631927188437638,0.00748746404251488,-0.003498543794583031,-0.006971599351452862
2023-09-07,-0.029249435582485384,-0.008922159025195664,-0.01742404813596732,-0.0017068620153484204,-0.008554289385255154,-0.009158142161326266,-0.002618554097503334,-0.0048903795797174965,0.01238624266776367,-0.01082503183181649,-0.0032112659361860363
2023-09-08,0.0034918063730056126,0.01321566380408079,-0.01446778018105288,-0.011889162304087542,0.0007657225464983153,0.008176338382035242,-0.0008753419314782018,0.014567855120328987,0.0018351690669864418,-0.010647674036607824,0.0014266227216406246
2023-09-11,0.00662257685855705,0.010979094797056055,-0.008645709084758146,0.10092549928477124,0.00437996176798694,0.0042312783423170686,-0.009050956225755802,-0.012542110157284458,0.0034803764881454757,0.014648649015555959,0.006723453106275201
2023-09-12,-0.017060430427133677,-0.018257636136878586,-0.006817392781442777,-0.022296863386701782,0.013014064769175882,0.017205129914292794,0.006187503445446829,0.029169384973082524,0.0010954732150347812,0.002946411038496466,-0.005695885604828921
2023-09-13,-0.011854880348182606,0.012930723842220493,0.013706231736828167,0.014281354305895722,0.00047835228594506063,-0.0031066550425480344,-0.0020498622740463546,-0.008936800236045706,0.00024313231769190757,-0.005287797667273053,0.0012416323054647016
2023-09-14,0.008782473051528239,0.007855659059610387,0.0021105890164170305,0.017471511114000693,0.019397253970287576,0.011080338668674639,0.0020540728404701003,0.017863212316263866,0.004192959325151513,0.005315907108480733,0.00842991886716793
2023-09-15,-0.004154077354501795,-0.025036769646219814,-0.03687952646099424,-0.005977372284481253,-0.0029477736442964364,-0.012328739094738084,-0.0023428423944696908,-0.015355950293985732,-0.003691406567500999,-0.007344286947730705,-0.012159612938677844
2023-09-18,0.01691350235446132,-0.0035128189902743356,0.001503566170623083,-0.033200974462619715,0.0020831615902687783,-0.0027739265749775477,-0.01262092374477386,0.008054736019334818,-0.007410095511777959,-0.007694553262719284,0.0007212876971294246
2023-09-19,0.0061808223726165235,-0.001246150660126344,-0.010144244217774823,0.004598918977371191,-0.0012742416031722437,-0.003824873853679356,0.01040435926805694,-0.0026351329633893528,-0.0002447688851812124,-0.003877177654887376,-0.002151010615372817
2023-09-20,-0.01999212695721564,-0.023976737321286135,-0.02943472895989141,-0.014671683535119606,-0.004230083231006043,-0.0034903858698054346,-0.010885741119827874,-0.007926428303194677,0.0032441440121291354,0.00598816375132194,-0.0093947947580596
2023-09-21,-0.008889495453334728,-0.003865876186226025,-0.028930567109436978,-0.026238620989897266,-0.007821980062687861,-0.017513199518786493,-0.022903074336011797,-0.014089322184625885,-0.012140972517035498,-0.009226141802196164,-0.01640093410321941
2023-09-22,0.004944446492686438,-0.007886441332616956,0.014457333112567472,-0.042315182614647506,-0.009582632268899105,-0.014616611543086355,-0.00487049353739355,0.0015685510686274107,0.002655695680283232,-0.0003005111376165326,-0.002295598477193961
2023-09-25,0.007380355644279968,0.0016718193369147372,0.014708059701492582,0.00861646752809131,0.004940726206136503,-0.001447215690394077,0.008871092921986179,0.011223216802495939,0.004434732048072876,-0.0036058393868834138,0.0040230650909416354
2023-09-26,-0.023398374450337767,-0.01700561997737715,-0.007365740030851886,-0.011619945391094122,-0.010379227672444813,-0.01557969164804196,-0.017586246164570052,0.0015487130272473504,-0.003495316649952618,-0.005126505135392478,-0.014734533990868215
2023-09-27,-0.00889756669490882,0.002082205625919986,0.013289945706193462,-0.014828753029631048,0.0058649309197058574,0.0036805133400878987,-0.009259369057518452,0.03255733568751973,-0.0048001242446513714,-0.017884229377798766,0.00022931406074522265
2023-09-28,0.0015256006616284346,0.0027176174424237143,0.014622928849628458,0.02444908475181906,0.012415925028934849,0.010634356300997405,-0.00031161991718708926,-0.0060732741764716325,0.005070618483733691,0.004629577851416711,0.005893173970516585
2023-09-29,0.0030466440249703464,0.0067274243650543575,0.009515108043458564,0.015585665483353939,-0.017413025576412,-0.006531264242632284,0.03365531107413822,-0.01581977878119456,-0.016057655743472954,-0.004301111937910829,-0.002709582086142026
2023-10-02,0.01483551433381014,0.01916072104512101,0.029494799973536656,0.005515166158101215,-0.008619453044664271,-0.02483547738090941,0.02321392760264218,-0.01658454339963933,0.0010630606392478814,-0.020055528173984927,7.936755559079245e-05
2023-10-03,-0.007769851120762894,-0.026134244764219328,-0.02824790193652693,-0.020151062008054055,-0.007372847888342249,-0.0295881161511522,-0.001178568895172205,0.0017296570861500271,-0.00630859574503162,0.006926990748005402,-0.013744071674259506
2023-10-04,0.007308522675125717,0.01777333556018945,0.012041212392453815,0.05934371052307452,0.004484605764368821,0.0011579040150850872,-0.017404185540207395,-0.03738233048667672,0.01200580327519174,-0.013758746994691262,0.008109754957160709
2023-10-05,0.007198016227902171,0.001253846741009923,0.01469082755062745,-0.00425032873937603,0.00421634390188852,0.004626023471041796,0.004803301664174864,-0.022511132748639584,-0.011925431057288494,0.008877692637597079,-0.001304030159777203
2023-10-06,0.014750406548307726,0.024737269855499733,0.024033351589463514,0.001845841218459432,0.015395580560634947,0.0003836420596892154,-0.010158206045855489,-0.016698967275964982,-0.016784117046880653,-0.009789820178445097,0.011814893014644445
2023-10-09,0.008451283219192307,0.007822469194979087,-0.010685662434821719,-0.003300907210654902,-0.0022746389524094246,0.009206068496434794,0.002112904631427215,0.03499125952251503,-0.0036442991113918577,0.019449017770011512,0.00630385429964031
2023-10-10,-0.003352286632938295,-0.004335598847797439,0.011596287877726263,0.015211543440507347,0.006078642492884256,0.02660588890193516,-0.0009038169369089966,-0.004237383686891083,0.011293672065875615,0.009856998762573621,0.005207990781392224
2023-10-11,0.007904267363701534,0.01227201310624726,0.022009685967530723,-0.002389822071472425,0.003432916784863016,0.00037029951757650004,-0.001808789355098983,-0.03585311594725382,0.0039973068697249925,-0.009445947701091972,0.00429300817103373
2023-10-12,0.00506094924638778,-0.00379050421489624,0.0029697730002880007,-0.015665976919941982,-0.0023261898826060223,-0.004441345628411808,-0.005738315168376085,-0.00018798408553288848,0.004550577171163139,-0.017482485537613446,-0.00624643434611849
2023-10-13,-0.010292562312917641,-0.01035736471258919,-0.03161151583412947,-0.02993780718577166,0.015019387766374681,-0.0052044077635328145,-0.024605230027945235,0.03193391773093146,0.005536349928744411,-0.007764577989545329,-0.005018858888767519
2023-10-16,-0.0007270182532123082,0.014981581924622844,0.013946035257937694,0.01115006015531006,-0.001013380739801728,0.008594932879590234,0.0361260345126293,0.0007281188964936014,0.008634238195520227,0.018911106436712677,0.01059436938392988
2023-10-17,-0.008784775718339355,-0.0017436786728024511,-0.046794688379356075,0.0036626021631880334,-0.002164347940339595,0.023341927173344157,-0.015629940196439818,0.013096832503170841,0.001302524889904344,0.008320053645221481,-9.824505308242415e-05
2023-10-18,-0.007394641599706486,-0.005872358626195506,-0.03964673141314845,-0.04775363208267336,-0.010980927799032147,-0.011223693971229909,-0.040915880529885484,0.01400476015099339,0.0007434777093178191,-0.01459871024237902,-0.013399820506516447
2023-10-19,-0.002161007729785447,0.0036656516251272198,-0.002251370390507601,-0.09300310180733773,-0.004248917595749413,-0.012815798396151212,-0.007004140122755409,0.0006197588880185734,-0.004766800499231838,0.01706940253836753,-0.008482848196321058
2023-10-20,-0.014704343810335363,-0.014034827900822222,-0.016959371908466747,-0.036890623300491754,-0.01610586642592271,-0.024109797418797596,-0.01731325794566929,-0.017164933692158213,-0.012502246193343503,-0.0003167757392020798,-0.012585283719027562
2023-10-23,0.0006941172180396915,0.008112290460250415,0.03836967813725001,0.0004245310418349302,-0.013641146979107788,-0.02812618555198909,0.006199025853590667,-0.0146741104860737,0.014172252005998587,-0.005701565147524845,-0.0016855698941634634
2023-10-24,0.0025433013239100077,0.0036740654410190032,0.01600919760942543,0.020935507370200668,0.0012056908057680449,-0.003910815449000848,-0.013294428851002627,-0.009684844536358983,0.0139122991190046,0.0927047306727975,0.007265792222727274
2023-10-25,-0.013491673120524239,0.030678043471289884,-0.04314852084684395,-0.018935922882932776,-0.0054545608065319495,0.003140871933012157,0.009858660163557076,0.0018451908921288673,-0.0030015591305849743,-0.017784363463697495,-0.014339628627712542
2023-10-26,-0.02460536172522365,-0.03751436086761373,-0.03477832996286678,-0.031352997455599274,0.002564064909654773,0.02230912277870667,0.013992820673831341,-0.00911690336051596,-0.006082649677397356,0.02315242222922076,-0.011832519778109618
2023-10-27,0.007969144839985232,0.005855674745034234,0.004314822849454947,0.007484489628865498,-0.03601875223076678,-0.03637032170881682,-0.033697086060274994,-0.019051990563567434,-0.003708909050957332,-0.02988113939103043,-0.004800280229768528
2023-10-30,0.012305257162183336,0.022740299311024392,0.01632112749741399,-0.04794984223383947,0.012750013829807116,0.02065940319079984,0.014613240723815313,0.0031265474622728107,0.011478545731168577,0.03528711897137593,0.012010022325859904
2023-10-31,0.0028190604710611744,0.0023717345213660757,-0.009256530490478254,0.017632730628176496,0.011933906896044899,0.02530167819035145,0.0003271327196643359,-0.0002834821627857309,0.002392334296285048,0.014731227117958268,0.006474957307233353
2023-11-01,0.018738371197133175,0.023542750359717646,0.03788647487307095,0.023999240251476373,-0.000862846950133167,0.0022778475455467184,-0.0016359470024884804,-0.001983910433434155,0.00893464724950177,0.007685958939440685,0.010505999486313922
2023-11-02,0.02069322692107267,0.006501636421270662,0.027902984364381656,0.062481720392452145,0.017849309033574512,0.04621205321868205,-0.0003279341800855873,0.03284730432468952,0.003942387840577322,0.014124300773656673,0.01885855702012762
2023-11-03,-0.005180982845646498,0.012861461224092263,0.03445509329210439,0.006635907937775576,0.011172426502874089,0.028964685898692943,0.024918203857714483,-0.012189534425843362,-0.005195728529163501,0.0033425049246560423,0.009393730253031363
2023-11-06,0.014605027721465547,0.010572627045948746,0.016575826589784848,-0.0031369449915678027,0.007552561770288291,-0.00316684838245207,-0.0025592211705991463,-0.01772112147745375,0.0013360551497689777,-0.010549753320413413,0.0017529924220356374
2023-11-07,0.014450915639913298,0.011219301878822474,0.004459103182294477,0.013271256198382986,-0.00048587437095426456,-0.006000700477594378,0.002244972999442263,-0.015679751826945587,0.004670168083890758,0.008417539177785205,0.0028401189192852616
2023-11-08,0.005884819984218526,0.007405831160365306,0.013469698314185763,-0.0003150241594066516,0.004930230383520584,-0.009587974170615965,-0.01375990778907743,-0.012282970707733543,-0.008149650862356528,-0.004730081219741944,0.0010049156221052513
2023-11-09,-0.002624421781070141,-0.006910905554533664,0.008073123053459197,-0.05461260118625755,-0.0029712510452803986,-0.012907968197339859,-0.02400533756837464,0.0002916881870347332,-0.0023128855974628992,-0.004193410521700747,-0.008083839306732843
2023-11-10,0.023219942485718903,0.024896841865448494,0.029499434420448667,0.022240205086035747,0.014831202884300287,0.005448614063145341,-0.006738566373782895,0.00767268040231972,0.013848317342507688,0.002526679382857333,0.015616441094852496
2023-11-13,-0.008583694540217457,-0.008088353849859065,0.005896196111420338,0.04220830689495392,-0.004439095812262983,0.0007224516947448301,-0.016960630691757128,0.010506232010332184,0.008965545795022845,0.0030803386347697526,-0.0008358389332403515
2023-11-14,0.014285837155652015,0.009790526549091405,0.02130806817041142,0.06123998273248876,0.018246816989081927,0.0548737571881075,0.009661789755157413,0.003850131485517272,-0.0001789654909282179,0.0016748597946700805,0.019075017703661823
2023-11-15,0.0030408566956763305,0.0004059724251943564,-0.015466279662046167,0.02287179390936478,0.008757539303342332,0.013689122248007779,0.031784033581556015,-0.006040707550570512,0.01270509957413779,0.0033446193322277384,0.0015970120755575135
2023-11-16,0.009042219596269385,0.017583288196837188,0.012109289740515727,-0.038090924639652135,0.011419977328073205,-0.002700742007026413,-0.013911788233269662,-0.011576421688479388,-0.08092820896776709,0.0050000180888878365,0.0011904273935798848
2023-11-17,-0.00010542002926905436,-0.01680085422633537,-0.0036782255166786237,0.0030395424675639937,0.00904593044273816,0.014895031517362378,0.005038494738770938,0.02439981446681494,-0.0044219004847003696,0.0013820667222688154,0.0012820490603360213
2023-11-20,0.009278022007612519,0.02052175326201988,0.022536436813358707,0.005548455120893081,0.0030754827695282927,0.0010007102165485726,0.002005354208769683,-0.0043827669662908075,-0.00032210137205934686,0.01380066280865,0.007390278097329839
2023-11-21,-0.004230789319604522,-0.011578084855126791,-0.009224544612504326,0.02376906069461704,-0.0020876440620990477,-0.011662895926833006,0.01067396730574699,-0.00038274990217068705,0.0036061637914388545,0.014157272390748155,-0.0020209310950652926
2023-11-22,0.0035145054497986994,0.012812628134828863,-0.02458750636375906,-0.028980059381488954,0.0023535786800372716,-0.0010113693980148275,0.0006599199952501689,-0.004307803358347462,-0.007635213344202696,0.0026845534820709727,0.00406112922094648
2023-11-24,-0.007004313256668282,-0.0011116957856256438,-0.019295623977980902,0.00529435207219775,0.001369478344939834,0.0033749425535103406,0.005936620804088966,0.0053840612849220815,0.008986885847064086,0.0016065518360663944,0.0005968736678840791
2023-11-27,-0.0009474818541466146,0.003126466432688657,0.009753881129873188,0.0026757481035388775,-0.002279482278042866,-0.005718056057100296,-0.011803244206105012,-0.005833246396949265,0.00454960379520708,-0.0016039749671379333,-0.001954157460090089
2023-11-28,0.0032141185095011515,0.010802691934164832,-0.008726747040791571,0.04506946504203557,0.0022846901888391447,-0.001014928618365829,-0.014930225191807978,-0.0005772265123270559,0.011928322144362236,0.00321304355119012,0.0009801185306033133
2023-11-29,-0.005409781112482248,-0.010059909095816,0.006670691394929484,-0.010457205813430348,0.005080156932619095,0.026413779488330125,0.013135702067731847,-0.015014482878847657,-0.01613721744551455,0.007739272188876045,-0.0009462486392383118
2023-11-30,0.003062751820375631,0.00015815984063771715,-0.028458618269094793,-0.016629792613843564,0.011404936300762891,0.013967336979899825,0.012965392534211029,0.003908606296813888,-0.002498707844731718,0.015095514174709335,0.0037840728581564065
2023-12-01,0.006791408300227175,-0.011612154213480386,-0.00010696501598428387,-0.005206597761023168,0.004869305757044362,0.015414931386059427,-0.05119791817738628,0.0024333073445974573,-0.008671086273755457,0.006522134189000495,0.005873742123607695
2023-12-04,-0.009464750009400502,-0.014338617965534262,-0.026836462578629483,-0.01360800559009756,0.007332241331624578,-0.004521918744116005,0.012798381382547186,-0.005437464569551742,-0.00025924524974685337,-0.013996708902725419,-0.005408509126972105
2023-12-05,0.02106320288710939,0.00915625470642012,0.023293836213886143,0.013328802806870987,-0.0001266280678758891,-0.007787195115187218,-0.006489091917846634,-0.01942785434697425,0.009267672095557122,0.009989598841114944,-0.0005688697261614362
2023-12-06,-0.00568704891530647,-0.009985983061418291,-0.022828006672608758,0.002722829646282676,-0.010508197707558176,-0.001634902259120996,-0.010312855675540633,-0.013241666752638492,-0.010852095019194374,0.002082100111001628,-0.003906202808869552
2023-12-07,0.01013944606878825,0.005829763876384231,0.02402039711864412,0.01366087788429815,0.003070706421175018,0.004258011609759027,-0.005557425509601477,-0.006962065866204847,-0.006581102090223667,0.003896001183300024,0.007968189065892917
2023-12-08,0.007412398761253325,0.008842197252176831,0.019529676695682507,0.0049455858525417895,0.011033769704884566,0.009784675384023389,0.005239197998184286,0.011481385525242027,-0.010494638922210142,-0.010349132904990288,0.00409549786994079
2023-12-11,-0.012927269110260764,-0.007829545323234544,-0.01850286807929269,-0.01681426716823431,0.003658920488389894,-0.003552978160971887,-0.004864583094636443,0.000703305209729832,0.0025190333927156416,-0.015163608654251703,0.003924494286698943
2023-12-12,0.007919931257175605,0.008295273287038274,0.02209018530073137,-0.011387381846063915,0.00892533705532017,-0.003565581252367056,-0.00209474415416,-0.015759989821474085,0.0007934568180743007,-0.009821977624227096,0.00459935752021523
2023-12-13,0.01669164614851426,-2.675780496919078e-05,0.009043824669248135,0.009619842336358042,0.0033638662244530604,0.04229028771697152,-0.06717989998213625,0.00887296667873394,0.017772044690574695,-0.008311001576437271,0.013650676351045998
2023-12-14,0.0007576998322225137,-0.022544552521907457,0.0054481963607593276,0.04914543063053567,0.018192008453779884,0.059300796383734866,-0.019880201834414635,0.02689036095832309,-0.012203822589854196,0.02379015713216326,0.0026470624846992585
2023-12-15,-0.0027258099555701465,0.013117378217908593,0.011168675228253377,0.009758999874367902,0.007561532855175468,-0.010017798903503627,0.019135245315491378,-0.006694198048865285,0.0037459441437763807,-0.013203130892481263,-7.62494933082003e-05
2023-12-18,-0.008503302930362278,0.005178932256310054,0.024279007744569814,-0.005601570686174839,0.0060522209512015035,-0.0050594348429334746,0.016147171214699885,0.007433207647308038,0.014599927420362757,0.00802779946815435,0.004528344366900416
2023-12-19,0.005360182641509725,0.0016367981203286863,-0.009445522097561443,0.0203903496997484,0.013354904802455492,0.0023929324017775144,0.04065054129431167,0.013182474700385471,0.003613650078962083,-0.0026545031594614743,0.005866407818910568
2023-12-20,-0.010713905126075396,-0.007072755414086029,-0.03009826107495983,-0.03918825045959673,-0.011279139506258806,-0.01581593582806995,-0.018821082696973246,-0.01670083577826731,-0.011701943470871612,-0.007186551187598811,-0.014684266911006771
2023-12-21,-0.0007698725124385408,0.007878612058814571,0.018270191037339956,0.029780693649462897,0.005703856534700291,0.006670414060430785,0.024610928884910344,0.0045425456624315075,0.007091195511292225,0.003485186872165702,0.010301467821202559
2023-12-22,-0.005547590642076106,0.0027842393563017875,-0.00326600231145191,-0.007701401626197146,-0.000597193077137792,0.00692789072239175,0.0031790989890541077,0.001769313408939599,0.011950873727687439,0.0016031780636911463,0.0016600585268868873
2023-12-26,-0.00284095981431165,0.00021369899421119776,0.009195103468294663,0.01611622781987765,0.00591410850024876,0.01286273781747549,0.00035203483162304927,0.0022569274274923945,-0.0015320338958284552,-0.00026701823468611163,0.0042316894655107795
2023-12-27,0.0005179007903841626,-0.0015748733711631324,0.0028004062264059826,0.018822405072142834,0.00599804914893487,-0.0005906956503244354,0.007039798072440817,-0.004699446518108941,0.009398284070918583,-0.004535609573788402,0.0014304577464787638
2023-12-28,0.0022264837639178747,0.0032346391235393845,0.002124985229732257,-0.03159428430420175,0.005312837739794629,0.001182089555807675,0.006291527184252299,-0.014459927458181587,-0.0019633023211965694,0.004824581544498052,0.0003701746080437829
2023-12-29,-0.00542430466345134,0.0020252346055642523,0.0,-0.018563856087400077,-0.0011743702397025713,-0.00619855325294183,0.0,-0.0020959411865598687,0.0005076217007011774,0.005601453182952687,-0.0028264750133749628
2024-01-02,-0.03578662789486087,-0.01374847669813517,-0.02734167341687288,-0.00024145830499577858,0.011640275873458616,0.006831244017727389,0.03265025470332383,0.0238046378851966,0.010402677667548543,0.03129964557763021,-0.005660579005492328
2024-01-03,-0.007487574118255513,-0.000728039956886195,-0.012435513345740445,-0.04013364984377277,-0.0043586148847405415,-0.010914586792695413,0.0,0.008401691287407864,6.300706872996997e-05,0.007201710381669724,-0.008016314922730805
2024-01-04,-0.012700153167676365,-0.007177580951565621,0.00901845964452197,-0.0021807686270334248,0.0066362566796454026,0.008052483163710988,-0.021527071417851817,-0.008719106913141372,-0.009667328162363154,0.005362633773399628,-0.0034283812973570083
2024-01-05,-0.004012989919256693,-0.0005164511855547671,0.022896702261501645,-0.0018492295892124089,0.005017276541598337,0.01863925630427299,0.01306287341112311,0.0030295306730865335,-0.006655645479080929,0.02108184974463745,0.0018256861788026324
2024-01-08,0.024174868187411658,0.018871544638415783,0.06428103638596516,0.012463646412957274,-0.001451203469208906,-0.007842224815301835,0.0037327738841010927,-0.016661685739578824,0.009827103413834637,-0.0024874968816914755,0.014114629309846638
2024-01-09,-0.0022634156045030496,0.002935775611690561,0.016975090368190893,-0.02283214932024613,-0.007906109459300037,-0.015515165412110732,-0.006085287451628396,-0.01238611337887019,0.006698086951774318,-0.010016350276478403,-0.0014779006799081618
2024-01-10,0.005671500717231215,0.018574086979644244,0.02277001053171679,-0.004341182513256769,0.002109443801760591,-0.0008921333699386524,-0.013945546622059712,-0.009832505328945085,0.012428738194750988,0.0010246094051380439,0.00566597189372442
2024-01-11,-0.003222722764785635,0.004859408915505181,0.008684422980730355,-0.028725319101363445,-0.004210006830706603,-0.013392745598642786,-0.020351910029487663,-0.00020259942112998974,-0.0011160609503920726,-0.03019441775763032,-0.0006710555783868699
2024-01-12,0.0017782116276385818,0.009983627404305473,-0.00204297326080638,-0.036660513098772496,-0.007340047899591529,-0.010558115863139372,0.010563493474559982,0.012972519027789398,0.0013033923465244346,0.01741393280099257,0.0007509755941104146
2024-01-16,-0.012317153377850554,0.004633543029892495,0.030561277411648824,0.004659894354722027,-0.006270225694411602,-0.020731711453841783,-0.013240459512818714,-0.022611348644269502,0.0031613546047204455,0.018931752046952965,-0.0037313402367431525
2024-01-17,-0.005173417297510086,-0.0020498012257196274,-0.00583517165098324,-0.019826295019532925,-0.00535756982713953,-0.009962738453773379,-0.006003002293224813,-0.007267854671418328,-0.0046962601755990985,-0.010689775295183668,-0.005616897183990499
2024-01-18,0.03257072324684107,0.011297382992474514,0.018803594546372038,-0.017026203279914,0.0019748671046275756,-0.0022010770391595047,-0.0021312067961470893,-0.0018560586115854427,0.013472535344962955,0.0018007097850760712,0.008805260963896
2024-01-19,0.015532950273943191,0.012186710823430813,0.04174603123618148,0.0014630807600990448,0.017262284406713846,0.015442738615428109,0.00676383429707994,0.001549591642567183,-0.005268434144285461,0.010015626945854228,0.012313502764936146
2024-01-22,0.012163229216561877,-0.005417945542893321,0.0027399326393078294,-0.015976244642273096,-0.0011744363170977934,0.010241978562956167,0.0010608238176601503,-0.001340873072366744,6.15912044288347e-05,0.006356562196523141,0.0021943252026270788
2024-01-23,0.0066534013033971995,0.006027520777026174,0.0036713198237818823,0.0016283349277841364,-0.00658397423403656,0.006758969770772838,0.004238877887877912,0.011257925407735847,0.002524794715857981,0.06695277945094102,0.002921374261968035
2024-01-24,-0.0034839883277772987,0.009175302910327199,0.024869123982766972,-0.006263735117226887,0.008935242582755798,0.006408390206947612,-0.0035175011878599838,0.017260945823157847,-0.014127700173423685,-0.022495889088050558,0.0008119284117831249
2024-01-25,-0.0016967518935532278,0.005738243039334678,0.004155784434049403,-0.12125293136804816,0.014311052603904528,0.012431725278579497,-0.015764949178797782,0.025401488334125144,0.014579402834259847,0.024467062894319325,0.005260365527706368
2024-01-26,-0.009012774368863385,-0.002321820486761772,-0.009510373659122884,0.0033948152034783963,-0.0038164048849463894,0.0011978994470893678,0.0,0.008518500120614725,0.008781580486972196,0.0026011630719433576,-0.0006517852510764532
2024-01-29,-0.003585769230985192,0.014334269634796115,0.023496350119529552,0.04190991910385411,0.0026119404372018096,0.005384279443479745,0.0003639473322192277,0.0012621935721888189,0.004687314766388395,-0.008254794490011763,0.007556774896180896
2024-01-30,-0.019245803016746055,-0.0027580479067977892,0.004946661436364019,0.0034567835721344142,0.020494453103103716,0.035109136053093515,-0.016739426970587723,0.016678084672004934,0.0033326344113706607,0.009988140940370371,-0.0006006499345398986
2024-01-31,-0.019357663864583485,-0.026946360600476726,-0.01986487915445101,-0.02244377647032414,-0.010835578143930658,-0.0224206579258458,0.0022206244493114813,-0.01945642469102915,-0.0020532227317078267,-0.0028255773033690756,-0.016105744611597972
2024-02-01,0.013340557020600663,0.015594307771315874,0.02437958360568815,0.008382761388752824,-0.003613351385705621,-0.013525485306958629,0.007754923904992772,-0.004085218236170363,0.018517379333467865,0.003305795638860909,0.012493688211609788
2024-02-02,-0.005404992489051574,0.018425846651885847,0.04970891905485009,-0.0050301649114268265,0.005756032112289811,-0.0023844339424970995,-0.013191679920187327,-0.004101894741000978,0.007486092688258061,-0.008472534399044718,0.01068444607751462
2024-02-05,0.00984643968082155,-0.013545054162740544,0.04794429237860176,-0.03645365318513305,-0.0013160614469859278,-0.014341221427196849,-0.013368026648904241,-0.004119033466049471,-0.005366525680829071,-0.017802089399372334,-0.0031863375266721894
2024-02-06,0.00863187828905243,-0.000394202130286736,-0.0159956169747425,0.0223130928940527,0.0034383423149682013,0.0015155912556590323,0.03500191381367568,0.006893314077168311,0.006818560180666511,-0.006766575350594883,0.0023104108269635937
2024-02-07,0.0005810660034080151,0.021110099727970066,0.02749808486378047,0.013398139631352501,0.0018844346302966386,0.0042373683020460184,0.002181703456443973,-0.00029339942103256966,-0.0025323331655388026,-0.016544896130848752,0.008241457963390042
2024-02-08,-0.005754736526596305,0.0001449394928334513,-0.0065336758793040906,0.010555473441792307,-0.003591130549988164,-0.0018084655600775212,0.00036283902897049636,0.017119962189916293,-5.890721026335921e-05,-0.012617562685712236,0.0005705832608251526
2024-02-09,0.004094119096968329,0.015551353996200667,0.03578375616289575,0.02115430374167171,0.0012013272206716774,-0.0015096425086402743,-0.0003627074245609041,-0.021159986956046706,-0.0005313743383550396,-0.0047607185608598,0.0057423415255595245
2024-02-12,-0.009002033285823496,-0.01257862333105042,0.0015943263301081423,-0.028103539988478476,0.00445687537196271,0.016631419411022197,0.003628630845968317,0.01375649730707873,0.006025398038798535,0.009567094026740275,-0.0009489536011326738
2024-02-13,-0.011274404282606731,-0.02152863481041245,-0.0016608679103288226,-0.021846598116614824,-0.008703534853663708,-0.025877458263464548,-0.024945854813241075,-0.008608995409901676,-0.006811485755847446,0.0007480611207346666,-0.013674255653625456
2024-02-14,-0.004809621575249889,0.009665300847170544,0.02456737912104967,0.025486372853585237,0.010157164530429252,0.011603114374853174,0.005190953184077252,-0.0049337207800133065,-0.0031925817619342656,0.000498444685296473,0.009579763275017639
2024-02-15,-0.0015749957066112374,-0.007155278142811139,-0.01680674267838078,0.06221180550417671,0.02181475168174285,0.028372965970087538,0.014754633963585784,0.028659071911206757,0.004092522007549171,0.010958889945024586,0.005821250684729495
2024-02-16,-0.008430076485033022,-0.0061491333836525275,-0.0006193636774549649,-0.0024943876658132247,-0.004670305683268872,0.0005871141971551808,0.003998644010066998,0.0,0.006320567179965542,-0.0024637617135586654,-0.0048034698371121065
2024-02-20,-0.004113966639885502,-0.003142967437440136,-0.04353200093930487,-0.03095775211743823,0.003910138442525968,-0.0038135282934199655,-0.001086152322001599,-0.009447446662786851,0.03228452140124971,0.00024706103716543026,-0.006005322001165325
2024-02-21,0.0041859671928756725,-0.0015146853240660674,-0.028508887527001314,0.005212684735028228,0.006509655948088833,-0.0076560752215273364,0.0028995555509989668,0.020437988644975702,-0.012282611126185339,0.014814657297023803,0.001264199922982101
2024-02-22,0.011243916244514818,0.023546863480943037,0.16400885410159205,0.013554445406056326,0.01199571071636818,-0.0026706010043822115,-0.0043369183871538874,-0.0008583793862988465,0.009844640575265018,-0.009002469510979605,0.02112288421741404
2024-02-23,-0.010033956711754444,-0.0031823292242014745,0.0035523029731110434,-0.027556873210526023,0.0050253870939362955,0.009223435607429442,0.007622465521791577,-0.008782152886575023,0.0008551064369277661,-0.001718369376222273,0.0003479475462115911
2024-02-26,-0.007451335798338232,-0.006823598535568798,0.003489206944823131,0.03870392576202164,-0.0034241423220876532,-0.009139141325902767,-0.020893284579443616,0.003948368667010316,0.018455267326101144,-0.023856463878739964,-0.003786751350190576
2024-02-27,0.00811427153867772,-0.0001472115077338909,-0.004943781397505287,0.001654974128163511,0.0004908563811154565,0.019934504645032547,-0.010669605191190978,-0.002110241173346128,-0.0001678050294632305,0.006046865797101786,0.0017063496993998672
2024-02-28,-0.006625497532569136,0.0005888565209590801,-0.013189127057332328,0.01156560160219966,0.005069432311895383,0.0008753943375903184,0.0055782765101271,0.0027876824055310667,0.000503368253274683,0.004257503058296752,-0.001658155060430544
2024-02-29,-0.003692997966438516,0.014519981273090288,0.018657598084827587,-0.0007918650199801869,0.009111790965919075,0.013207872011999466,-0.017751527649374932,0.0019171923442053984,-0.016940523944461106,-0.0019948296552927403,0.005229094697149161
2024-03-01,-0.006030272525719194,0.0044966323491621996,0.04003190039194404,0.003764585340074067,-0.004138664357504207,-0.0049245970897938696,0.0011295836083240474,0.012629052447021394,0.0025593250901647657,0.004497448506626034,0.00800782894888763
2024-03-04,-0.025381497950935472,-0.0013960812567124226,0.03595074897316275,-0.07155546804023882,0.007501896274989317,0.023289732629602655,-0.02632568837991256,-0.013983213842197362,0.009189943455158556,0.00273639758152866,-0.0011932620709189656
2024-03-05,-0.028440881187798084,-0.02957199084243467,0.008576479904120804,-0.03933237971984116,0.010017122274444512,0.006827876967685276,0.007338796281034732,0.012265217050150712,0.012478940525927129,0.0009922187088446943,-0.010193100883444606
2024-03-06,-0.005878188816647256,-0.0013905834265222072,0.03182714380829532,-0.02323786698783814,0.005197559919039918,0.0008475689381990392,0.042561441512039444,0.010696696387573423,0.00882744633796717,-0.010408845110307707,0.005141103203274655
2024-03-07,-0.000709535321800181,0.01753334699260578,0.04474642040785626,0.011951969472048907,-0.0087586158021844,0.00592886563570727,-0.014711382863812128,0.005619521212977263,-0.003467148651858598,-0.010017498103081723,0.010304127925951478
2024-03-08,0.010236564497697387,-0.0071368833924240205,-0.05547701472487998,-0.018527834714126334,0.0018631182433310745,-0.0008421981767069431,0.016050677301511218,0.009406676613067155,-0.003976223302232129,-0.0005061219528218475,-0.0065285190034379825
2024-03-11,0.011831635454663925,-0.004185004632890177,-0.020039377782488987,0.013858834181150304,0.00037186265339661517,0.008146380934861641,0.04224849668062891,0.005905178100726216,0.008982055024524094,0.01569235990369644,-0.001122238087346461
2024-03-12,0.0027787710350477557,0.02659947963881315,0.07157199313169493,-0.0012938683737420131,0.00823184244802122,0.0019502584467447903,-0.012689493728903933,-0.006420775628068531,0.012364100934627364,0.0,0.011201787981366396
2024-03-13,-0.012122623199753657,-0.00043347808774618635,-0.011151956402617347,-0.04539820808488959,0.008112348068457953,0.0033373192871939406,0.007497125184175779,0.011170571599912416,-0.0021169138703927004,0.003239395201372064,-0.0019245297153407392
2024-03-14,0.010927160071326991,0.024379559029605424,-0.03239140108567806,-0.04118477639544138,-0.017818183856226688,-0.010809570280747027,-0.00318925610832288,0.01771212288795687,-0.0008514607420408993,-0.012170872707717995,-0.0028710915621273925
2024-03-15,-0.0021964995871318616,-0.020695054230822074,-0.0012167287559559092,0.006584660456730784,0.012395699290315365,-0.007845313159059786,-0.006754092596108707,-0.0017943654140836207,-0.005571899156862736,-0.007040393783193544,-0.006482917484461503
2024-03-18,0.006372407175158745,0.002161158710973776,0.007035797096392571,0.06254200201423088,0.012401494949841219,0.01694441607951247,-0.007874207568585256,0.0092567851252503,0.002966300505044872,0.011142047262411525,0.006318059504952345
2024-03-19,0.013585080214420842,0.009800640929622517,0.01066075476764805,-0.014269250195585559,0.00586520108655475,0.0005555033039559287,-0.003246702514195454,0.007034675608095231,0.00016422165630647356,0.001001771931803841,0.0056491496501236416
2024-03-20,0.01470925988491878,0.00906494593064866,0.010895133104272592,0.025332688257929448,0.0131069477835275,0.019983224840438574,0.0025335983519172434,-0.0008840766559025104,0.006242921786566269,0.0037525813430376864,0.008904173912846591
2024-03-21,-0.04085755643065969,0.009735830725554173,0.011762335983164895,-0.016167575308454918,0.013905282236156724,0.02068035445039551,-0.0014440205105161752,0.004425094288396325,0.0032651752563050973,0.010468958711791876,0.0032365354015160275
2024-03-22,0.005310372799897767,-0.001467205777581082,0.0312134106506059,-0.01151490226146512,-0.012257701415988365,-0.012263506276509184,-0.0108459751997948,0.0,-0.009438546265249093,-0.004193549300813615,-0.0014021878490156903
2024-03-25,-0.008300369515614858,-0.013714669627939324,0.007561867076718576,0.010536808713131895,-0.009154737834936588,-0.005128008828546582,0.0025584390282988867,0.01022118385676074,-0.004928339235074408,0.012385394621034385,-0.0030549644525015296
2024-03-26,-0.006672780886756713,-0.0028615024305074233,-0.02569403383105706,0.029195349264770964,0.004670937306788137,0.006239718231166869,0.00583301798679714,-0.007500981796398576,-0.000990755629985407,-0.000489527832574943,-0.002799795225030266
2024-03-27,0.021212785246476518,-0.000521859936504665,-0.024967389683497876,0.012157391142962881,0.019363520798970635,0.019412339441889248,0.006886524531841909,0.010369847151074474,0.0034706003660454066,0.01689135971050737,0.008630626525532925
2024-03-28,-0.010559214829302555,-0.0016845881041348543,0.001174546501837126,-0.022465709302040393,0.003909370831369108,0.0029091266117187153,-0.0010800556980039566,0.01104638233264632,-0.009058025230662015,0.010110660571804875,0.0011164855071790214
2024-04-01,-0.008455752694376373,0.009150890643387699,7.747818325154476e-05,-0.003242460249155976,-0.006789940564741692,-0.010548448103237296,-0.001081064206772231,0.006452128022260251,-0.0028253382320985176,0.007626349202272564,-0.0020135845401164643
2024-04-02,-0.006999005205111319,-0.00737201138528254,-0.010081532704212859,-0.049024062767074494,-0.0004018784154434796,-0.005863438359744899,-0.006132740027182226,0.01957440355630169,-0.013999881453874652,0.006149543056672924,-0.0072390590731691296
2024-04-03,0.004797626407675004,-0.0023492448750497275,-0.005455470203980517,0.01050231020055925,-0.0028160510077163137,0.003753178407327473,-0.011978194483326154,0.00016766706870030568,0.00456383649655967,0.0070521626019433015,0.001091122364688113
2024-04-04,-0.004892272438881351,-0.006112463839703541,-0.03438481322096065,0.016213301154368365,-0.0076084209880460385,-0.013888865042682608,-0.020940481567181868,0.003520418184510765,0.0011777368947982758,-0.009103631854670113,-0.012334336350379616
2024-04-05,0.004501678167120993,0.018282670420662228,0.024480689462761163,-0.036292482565110196,0.009199973284364393,0.0051461737065137125,0.0003752286407006089,0.013782280094163157,0.00588247823546606,-0.007774075407730341,0.011099194174331695
2024-04-08,-0.006663318557666664,-0.0021854370363234565,-0.009942374849528313,0.04899940648952894,0.005216388805077576,0.010509333443905033,-0.0030007860681828813,-0.0067562437344754755,-0.0011696023788451138,-0.009259041779037691,-0.00037463099831791524
2024-04-09,0.00724242143666709,0.00398038972040804,-0.020417127775214206,0.02254601255405486,-0.00670075906384715,0.006133335333209811,0.007524586290342361,0.0052260422532381945,0.0001672537508154992,-0.005479260389279483,0.0014454931932483817
2024-04-10,-0.01113936358094647,-0.007084633373828808,0.01974142278356239,-0.028946236061948905,-0.008521500009405436,-0.028624478472196957,-0.017176892066200433,0.008417287056667444,0.013881826940360442,-0.00783546085584541,-0.009456980649108493
2024-04-11,0.04327083076706573,0.011033438019961928,0.041096377557059416,0.01653476762638495,-0.00020462309777047327,-0.008185508522428608,0.000759866360917627,-0.0033552107592575986,-0.00874283904288653,-0.008884561304942418,0.007444797710585593
2024-04-12,0.008626811996797157,-0.01409105023144508,-0.02681631256451522,-0.020332204625772565,-0.06467796051391184,-0.015405513242635949,-0.01822336515552969,-0.011659292318876635,0.0008320842659561567,-0.010956021266392946,-0.01455068829580164
2024-04-15,-0.02186360288620015,-0.019578022388257454,-0.024777211531095023,-0.05594859487563397,0.0005472618274731111,0.004470332452281012,0.001933372153458901,-0.005732439355189967,-0.003492016991737623,0.009818832769636243,-0.01202135494776202
2024-04-16,-0.019167214263536736,0.0022722268446180305,0.016441612569260133,-0.027062145360474688,-0.011427817529134132,-0.03532690538302563,-0.008490797612989764,-0.008272090046281377,-0.0015015814202382627,-0.008476720442137431,-0.0020565070133361507
2024-04-17,-0.00814740338026887,-0.006609026656320127,-0.03866604475573021,-0.010565868854054306,-0.003982245922964922,0.015859360518999166,-0.010510018659932618,-0.0005055708286322291,-0.0031751561560486863,0.00025124104222973287,-0.005780602724641426
2024-04-18,-0.005714307731204293,-0.018380849081749306,0.007568203595471834,-0.03550983840996058,0.006497066557965336,0.015328037799048344,-0.001180154624163099,-0.0009271871459960446,-0.006538288775793766,0.008798547865948692,-0.002208160119998248
2024-04-19,-0.012212667937331778,-0.012738858884970616,-0.10004589836918631,-0.0192088959161848,0.025103682115743986,0.03354730623718738,0.024025178527054436,0.011474887483234886,0.0045562676350556774,0.008970795825505862,-0.00875854812743615
2024-04-22,0.005090858889906347,0.004609880767865393,0.04354313964667944,-0.03400203941675628,0.019429368834627647,0.020557292498687874,0.010000098595993157,0.005672285603882887,0.010247028522216928,-0.04667839600903245,0.008731248071466746
2024-04-23,0.006391770684690545,0.01648549648518971,0.03653266860030269,0.018514534090260826,0.014413159249183405,0.016962657853270002,0.0022849762224292913,0.003898513435002915,-0.01745930686558861,0.028497405242659646,0.011964576270872662
2024-04-24,0.012702258513773712,0.0036558646101136905,-0.03331594756824141,0.12061109407252757,0.0048922716951611545,-0.001302974297460291,-0.0018999177916957377,0.0001653106017232009,0.013200373574808966,-0.0052895265032461,0.0002130100613548791
2024-04-25,0.005147311120353049,-0.02449509683576656,0.03708727055878902,0.04965143743002587,0.0015019426333753305,-0.010699503135506272,-0.03844671664299604,0.002313083847406583,0.0056787295215383615,-0.0068371099791562084,-0.004576430353515626
2024-04-26,-0.0034729035416758425,0.018243847395964963,0.061755829061549194,-0.011105884774887609,0.0006206182213510658,-0.0021101189375412055,0.005542271697993595,-0.027775536364241793,-0.0008303612346625133,0.011728689611488319,0.01020914263474304
2024-04-29,0.024808153038427205,-0.010016975567166742,0.00025052836571703985,0.1530691710339953,-0.0010854905222759115,-0.0074016174510542765,0.009448757104012273,0.014241986136857676,0.0013298376588168903,0.010332791302742006,0.0031784486665891176
2024-04-30,-0.018270983178707123,-0.03211920931131296,-0.015440212481234727,-0.05550118063944742,-0.007967623885002051,-0.014381005816598291,-0.0007798465853529057,-0.011450945814128755,-0.014774310373477761,-0.014966496292416753,-0.01573051358686217
2024-05-01,-0.006047110494223129,0.014409264195685889,-0.038899827691741606,-0.017950640048260635,0.0006259771814256521,-0.0016210472792612673,0.060889739653318564,-0.018939565710904493,-0.008424590975004254,-0.007343595179872153,-0.0034354388154940185
2024-05-02,0.02203201840172353,0.007343011000914057,0.03342952424383672,0.0001110562423569661,-0.0010424490634297623,-0.0018944194163909023,0.019131820810604383,0.0018097804451122634,0.014613315698694507,-0.006887579517272924,0.009128437077573048
2024-05-03,0.05981608220337975,0.022169820083446146,0.03463182760363437,0.006555235656792835,-0.006000378682814889,0.01003247421725817,0.0039711361840586434,-0.0020646950987073254,0.0018424055255314986,-0.0010277648336519674,0.012556739721478527
2024-05-06,-0.009106670249148796,0.01691815373318617,0.037741115929833535,0.01970303006416807,0.007821054957669382,0.011812201537498401,0.012585360845452254,0.006465548065582194,0.0008359702946325598,0.011314027028766827,0.01032612390701182
2024-05-07,0.003797194367837209,-0.010156195852413674,-0.017212764547373416,-0.03761635178001199,-0.0013019871593528132,0.003979873370185016,-0.01384960574375671,-0.004967924253541645,0.012526865941314025,-0.000508545655564796,0.0013434298232750663
2024-05-08,0.00186403881215913,0.0029314352008456,-0.0015682876075066021,-0.017378079862311324,0.02033917213458558,-0.003435777035058152,0.018005158473326954,-0.00017215571190731804,-0.005278664927932386,0.00432483744959633,-5.835618166138978e-06
2024-05-09,0.010014409069997399,0.004335815498577533,-0.018415622641062668,-0.01573946875450305,0.009455496461357793,0.015115522514539848,0.011849323378237075,0.019715824159366013,0.005791112908335672,0.007851846959163744,0.005090947698625836
2024-05-10,-0.006890362835828889,0.005869224982288479,0.012744148307381131,-0.02035238689978358,0.006430429463041065,0.00444098985144481,-0.0060327765303918035,-0.0040526185091515066,0.0006618701761003098,0.015330564407561864,0.001649398844549843
2024-05-13,0.01764550728773484,-0.0024593746822551,0.005796699699152974,0.020300339194899042,-0.0002012259166489505,-0.00624197392577297,0.015351703021381669,-0.0004238930875902769,-0.0011574103077690578,0.003465321876786165,-0.00024130405535727206
2024-05-14,0.006173407155114052,0.0068646017593501085,0.010586381317365001,0.03292805679333921,0.013988936994561385,0.007328114472308522,-0.0021097140082102506,0.0060705526822746325,-0.00910436546891058,-0.0012333104017360208,0.004837813139759728
2024-05-15,0.01221801323887739,0.017483915099276492,0.035837784808151696,-0.02005067585133169,0.0029774253248442406,0.010911736102536151,0.015503893808921365,0.0077335499616322245,-0.000501244802287304,0.0,0.011715927882596233
2024-05-16,0.0006325288229764858,-0.0049400024807713105,-0.002863773032883543,0.004885285464054867,0.001781183448271273,0.007967173522811066,0.003469802827149371,-0.005987617890094388,0.06986456810338826,-0.00592750055628688,-0.0020816677921287052
2024-05-17,0.00015784983073507952,-0.0018527333578518546,-0.01992393283968552,0.014985188920464187,0.011458529286842989,0.0017848753936937634,-0.009681974239266644,0.015016463201080299,0.009998263673871799,-0.004720324931986375,0.0011647735102702228
2024-05-20,0.0061621430143423694,0.01220818931762957,0.024881351696479648,-0.014144086952910362,-0.04497290676382737,-0.011962329169840635,-0.0038406728509166044,-0.00810760658428078,-0.007269728563178868,0.0014976186084862952,0.0009163899374069473
2024-05-21,0.006857295330487734,0.008699092566760713,0.006393881278008884,0.0665905079079252,0.020145217768058554,0.021380672530249667,0.0010515293647588297,-0.00690989889752891,0.0151139797228097,-0.012462539691893815,0.002501874243978186
2024-05-22,-0.007538413406104505,0.003449397197176962,-0.004571087293978371,-0.03478030697149992,-0.006064740718274453,0.0027742271169832744,0.036414523548496724,-0.020110311141184667,0.001534752511166415,0.004290668963272681,-0.002706123039226127
2024-05-23,-0.021057973077979186,-0.008176036825681354,0.0931965430508428,-0.03536724832380789,-0.007009082512463571,-0.014839082441210683,-0.03074320880398551,-0.01705924745129661,-0.006283616927708735,-0.009047451304863063,-0.0073807894850155265
2024-05-24,0.016588114102664253,0.0074004137506689105,0.025722664882689816,0.03165649721483632,0.01924634693633731,0.01353083927717913,0.00662244469376172,-0.0007929626146981894,0.008328247970559532,0.00786213573912109,0.0070010425881694704
2024-05-28,5.257783707257602e-05,0.0003719719630277396,0.0698041927652413,-0.01389201861667555,-0.00602862508522739,-0.009571724940545479,-0.02008309231315819,0.012696321154173296,-0.005200337610927197,-0.009562241515225,0.0002488018529340774
2024-05-29,0.0015790343895250025,-0.002672491340208971,0.008112422911248807,-0.0031683030189180172,-0.006967273440949717,-0.015259555179634177,-0.01696112992655252,-0.010708835448901,-0.0018450571438933805,-0.006605833459765509,-0.007367046509680453
2024-05-30,0.005255122942118495,-0.03378604279485009,-0.0376660754926903,0.014756744473008343,0.006158198149993632,-0.0023244441313181596,0.013659168816355205,0.003168142568781729,-0.00046223663750322164,0.03145797870129141,-0.005975035585443322
2024-05-31,0.005018618975826783,0.0011091619256811125,-0.00784600877245778,-0.003971091681523098,0.016555415695569398,0.0352060301371655,0.016312182504614192,0.028686823320141386,0.013407168891473198,0.020332190913163517,0.00802787620486467
2024-06-03,0.009258757420187225,-0.003878288350216197,0.04895408453667427,-0.0100517100545634,-0.003997495870306622,-0.0027507406052613703,0.022679666844798163,-0.023963848153183198,0.0009125463600971884,-0.004131243310427579,0.0011160825806737495
2024-06-04,0.0016491965213860649,0.006166604925158303,0.012495714330050811,-0.008622094682395387,-0.013180045106978233,-0.00501516022631987,0.006141201812374764,-0.015552601701929292,0.011850515683648144,0.014153388187628568,0.0015028090913065117
2024-06-05,0.007820844858410947,0.01908323072210094,0.05155591320531694,0.0013159908560766986,-0.009540113389691851,0.0070564321181514345,0.0020345971582524935,0.003993938446028578,0.007357318264786139,-0.005053003781151255,0.011847649793331305
2024-06-06,-0.007096409999643005,0.0012028672014579023,-0.01177717648749288,0.01680001395089281,-0.0017742251854769853,-0.006506395297748324,-0.025380677375532845,0.00751410312264067,0.0008945716806547654,-0.0004834923112109202,-0.00019981663563317653
2024-06-07,0.012392071119437187,-0.0015782628915017582,-0.0009091681976323152,-0.0025851787543875737,0.015438516795335033,0.008109598745129842,-0.007638822167582049,-0.010704465258543405,-0.018912968446209155,-0.009436341212882393,-0.0011152197300303701
2024-06-10,-0.01914783496575234,0.009484473324283371,0.007461407060209924,-0.020791089307163446,-0.0017004456645043353,-0.0027655098786492083,-0.017844724993104077,0.002926742488065015,0.01639331497801777,-0.012945741709172065,0.0025808546645145203
2024-06-11,0.07264908186963592,0.01124177754485789,-0.007143905105536197,-0.018010183238054034,-0.026301333992280074,-0.020418285084304877,-0.0014249118678979489,-0.008047389220334211,-0.003434804299030425,0.0002472619689473099,0.0027103813151374556
2024-06-12,0.02857838717212724,0.019367652559298953,0.03548083127378576,0.03884911216309472,-0.01456052127131291,0.014153270561672038,-0.01320017457010092,-0.011054623791180829,-0.006294153123095003,-0.01608095800811382,0.008503672791998707
2024-06-13,0.005491181128002731,0.0011788572576323375,0.035223559044682995,0.029217711832219218,0.011121053665528624,-0.0038058652071166765,-0.0003615869653644799,-0.008023056013109375,0.005881355967962243,0.00025124104222973287,0.0023446558536817097
2024-06-14,-0.008168405226693043,0.002242063068658595,0.017514091448693758,-0.024442410719736185,0.0006195244044782111,-0.0005095907833437829,-0.004339983197525155,-0.008451470879921819,0.004797781000069445,-0.002765251657567025,-0.000393860697500914
2024-06-17,0.019671523197995144,0.013105217993762075,-0.006824230631273798,0.052974598199923895,0.006192393947697106,0.006880744214976531,-0.019978268760394102,-0.006873776739982351,0.005968416308924196,-0.005293526290256589,0.007664386564552705
2024-06-18,-0.010984506175637176,-0.00452745449818015,0.03511980061100739,-0.013764414198944364,0.01036029402641292,0.012148852322023673,0.015937777203248737,0.009413000401866656,0.002669656571357759,0.015712095948045013,0.0025213273947457537
2024-06-20,-0.02151295174832113,-0.0014338819776307243,-0.035403545359749766,-0.017797215597047944,0.008477007605488973,0.0,0.012039455865521687,0.021576190975590714,0.006065409151541745,0.003992235440393399,-0.0025259318472709014
2024-06-21,-0.01044432246633653,0.00915408007316354,-0.03219134633072074,0.007930754665036233,-0.011929178643419691,-0.012503018207505323,0.0,-0.00877034752268746,-0.0014704408476970965,0.0,-0.001562130321101196
2024-06-24,0.0031326390622259392,-0.004690996749974752,-0.06684051336499319,-0.0023495584322593688,0.013143153901257865,0.013421054920136566,0.022350365135360928,0.029703895941880942,0.014578080633402601,0.023111085477610205,-0.003065171894990004
2024-06-25,0.004468142421827137,0.007326612742128535,0.0675641715797155,0.026125557150967094,-0.00407287087217878,-0.015991941515116848,-0.013046577262662118,0.0028057318736982584,-0.021480444271127608,-0.002185861342958728,0.003933590015736899
2024-06-26,0.019993239075961844,0.0026833068304343843,0.0024585334231452816,0.0481451226037759,-0.0032311538192342226,-0.00964967893218327,-0.020364507732243964,0.0003496906993245563,0.012904108628899902,-0.0014607505932615616,0.0015724312002203256
2024-06-27,0.003985917823851937,0.0015260026114798375,-0.019066411313645393,0.0053470646120412635,0.008813181212488086,0.0064104060613283664,0.013858667129500901,0.004282907911106859,-0.006003782410233249,-0.004875620657069257,0.0009073212238914774
2024-06-28,-0.016254184891173473,-0.013028606052093439,-0.003629365179739885,0.002330091774560339,0.015514422648926551,0.013248360907420764,0.00647477056496748,0.0019146044713054255,-0.0025043197569325493,0.010289106900367884,-0.004083652583445674
2024-07-01,0.029104731082597146,0.021881675846766813,0.0061518038796262164,0.06054171938510833,0.01577174762150535,0.006034562654111175,0.008577438267039605,-0.0013897916062757254,-0.0033967577676212724,0.012123973909037744,0.0026755639309195
2024-07-02,0.016239866459664354,0.0055831987970598185,-0.013113447899349762,0.10197271435359356,0.016451781688865186,0.022994182187653145,-0.013819895146913064,-0.006784929107593429,0.008743360732160754,-0.015333025470527728,0.006195317856513505
2024-07-03,0.005811003783563251,0.003244148714671047,0.04573245791963987,0.06542422054051045,-0.0006704008716734711,-0.0007328080842848861,-0.004671134878784899,0.0050796304677649395,0.0024973290613539145,0.0004868563072795151,0.005084444409779065
2024-07-05,0.02162043726049534,0.014736259878809888,-0.01909872891190456,0.02082067005771493,-0.013250519840582231,-0.011980449718187902,0.012635225418335061,-0.01211217756878824,0.026377361623748596,0.0036477429431995834,0.005448765178485582
2024-07-08,0.006538815239573781,-0.0028232656019633318,0.01883484480298736,0.005645666924397386,0.001855545400265557,0.0051966530024813995,-0.004277939228240268,-0.010496517629382307,-0.005140028605280067,0.0062999008499105,0.0010166989647510949
2024-07-09,0.0037748473401364446,-0.014370171856078251,0.02480504632273428,0.03712336538398886,0.011990064482422458,0.01969458271910529,-0.007518830398617227,-0.011053782345293306,0.003157506221485251,-0.005538051433479296,0.0007410719362856977
2024-07-10,0.018803593792569684,0.01460153908023476,0.02686857720936553,0.003545241645880992,0.0008187600024609498,0.00772585260112546,0.022727295931731062,0.008833665231927856,0.007296179476741882,0.010951309366860063,0.010208065293514812
2024-07-11,-0.02322075535977053,-0.02477208510294293,-0.055666686643450425,-0.08444127539962887,-0.001684397412976546,0.0016771182802737261,0.010934767373657506,0.011883544193224127,-0.008663539837270973,0.005355235329105534,-0.008763028841120457
2024-07-12,0.013050906583860211,-0.0025292665011256155,0.014442721702280226,0.029871787680814554,-0.012099169053864212,-0.0052618996611553115,0.009071866737919265,0.00017646658080505695,-0.008022942417360679,0.0031477140478686216,0.0055170270744306915
2024-07-15,0.016743200909865807,0.0009039792514653477,-0.006189971163452546,0.01776579679334911,0.02493409514088185,0.007213229595969928,0.006224094034106509,0.017127256924389878,0.005343657032518712,-0.015447765453571294,0.0028262026252154904
2024-07-16,0.0017918265159462266,-0.00978061071204217,-0.016194440140730237,0.015516142251486453,0.016995942438312373,0.05347332168034824,0.01374566538942279,0.0072042561520841986,0.005458951901779141,0.016180348689648794,0.006389375498743188
2024-07-17,-0.025295929737169875,-0.013347505209812649,-0.06623947195661573,-0.03141564404151875,0.015213889094302102,-0.003398983182625326,0.01796613249046719,0.013788289502405293,0.0148593200143472,0.013992803406347676,-0.013927543241993745
2024-07-18,-0.020534783667068957,-0.007102333483082202,0.026273507932616624,0.002937608561525362,-0.031770106888837746,-0.022055606856744348,-0.010656081945702778,0.009860736761529765,-0.0029564500540048,0.0009516898854311506,-0.007816403936922511
2024-07-19,0.000579924625589312,-0.007402736708751578,-0.026096232021033616,-0.0402439471622098,-0.0009525200132098899,-0.002557452623062506,0.008751325958478384,-0.02297983256334779,-0.000988478686634764,-0.010696484087615477,-0.007140265531926926
2024-07-22,-0.0015603672616408826,0.01333748983448979,0.047570595065308474,0.05146320115237035,0.0023835704315637862,-0.013985838883180723,-0.012345709504008928,-0.006892502897495989,-0.005229828709844897,-0.06078803224345497,0.01079203564940956
2024-07-23,0.004688417438001746,0.00431206176427712,-0.007689785778662639,-0.020396762498772314,0.0002376397055374735,0.002600378430821504,-0.0033783689361576164,-0.016136027142779175,0.003836619340042313,-0.0051164467217754694,-0.001558102589770738
2024-07-24,-0.028754382382846444,-0.03585465625348849,-0.06803172760553655,-0.12334604589403686,-0.008272668203595512,-0.005187456321584016,0.016271111290525386,0.014108043469796439,-0.0007079122254846082,0.020056552650196346,-0.02314909375473495
2024-07-25,-0.004804624361154031,-0.024481342824874686,-0.01724289236615051,0.01972310939623889,0.0003833648491313735,-0.012088337288793438,0.006671095861075393,0.02104192531470228,-0.008215397402483005,0.007058254883426596,-0.005142620237842288
2024-07-26,0.002160991266374035,0.01641969302264723,0.0069469234980157335,-0.0020431189477511102,0.017108496264800488,-0.00023981006046791542,0.033938252784449174,-0.0008517581448114209,-0.003427331786074239,0.0035044460652478016,0.011090468702846357
2024-07-29,0.0012846755779307717,0.003433109576116866,-0.01300202810279294,0.055959976710561854,-0.006549209084708019,-0.013918836399766765,-0.0016249810752602123,-0.010483188520258424,-0.0022928943664701773,-0.0014966147770523186,0.0008133101292933098
2024-07-30,0.0025659840850451587,-0.008928262064790582,-0.07043638123015916,-0.04084450985365362,0.02058333319570438,0.004623952421464628,0.02180981018671191,0.017829381860214433,-0.006176552477419661,0.00024996990212833303,-0.004960171878030217
2024-07-31,0.014990858974981425,-0.010805844697452716,0.1281210574105487,0.04244907202543402,-0.011106352013050769,-0.023498003968362657,-0.027078504814663784,0.0035541967782093398,-0.00794899362060797,0.01198776051648398,0.0157933986591674
2024-08-01,-0.01675070665527678,-0.002964126621443186,-0.06674061349308635,-0.06554059651757438,-0.02274445846637252,-0.020094298239531128,0.0036017268156494087,-0.013829121065780492,0.01675412826480671,0.008144188395724061,-0.013693502993456064
2024-08-02,0.006869406976909964,-0.020666030438196592,-0.017763992392598404,-0.04237758192170549,-0.04241190509082449,-0.048607609934856355,-0.007177741953739769,-0.0005984758962457315,-0.019057384192076587,0.002937646277784589,-0.018381860868696753
2024-08-05,-0.04816695160420703,-0.03265673578943307,-0.06357781105976157,-0.04232673647438423,-0.021291743511877015,-0.02474732522952028,-0.02267502540086519,-0.018052856622859048,-0.012708078508376297,-0.028557400733476457,-0.02996879838863975
2024-08-06,-0.009748372004665606,0.011286771846602317,0.03782976294756479,0.008849529684359148,0.02791185524749773,0.007366996795754588,-0.014122337042821953,-0.005314889755363872,0.0022193099050100695,0.011557542421885891,0.010354085880061037
2024-08-07,0.012498302002415196,-0.0029528037751084257,-0.05122296428938988,-0.044258397676563255,0.0002996008955788998,0.01029264490147952,-0.016030124045398386,0.013314760185733299,-0.012252720579891685,0.0004967651317400179,-0.007734647858502863
2024-08-08,0.016633424220389603,0.010691978713134986,0.061267712276906305,0.036921162045623124,0.018263388156829707,0.024396727532512097,-0.003119566310112565,0.01910434705750408,0.011208973590837168,0.005958327905814187,0.023042611519136447
2024-08-09,0.01373570296438631,0.008269302711531923,-0.0020958084704209012,0.005833854775063152,0.008526778456104278,0.0018320574946253387,-0.007301741519843086,0.00814316287514405,0.004286188703727989,0.0056763004877522505,0.004671676849538509
2024-08-12,0.007130066923381806,0.0019457792766988113,0.04076361328352984,-0.012549972534179554,0.0018951248375029817,-0.0028736678368793678,-0.0035027487814106584,0.0012621324815469404,0.011037531128770484,-0.005398918579262446,4.303397765514916e-05
2024-08-13,0.01719310579651956,0.01769859178861477,0.06530912231252661,0.052357061371637315,0.008487441908453519,0.007597458167947657,0.014059791882240713,-0.009579964866136659,-0.008297117820656896,0.006168356113682494,0.016847579753558328
2024-08-14,0.002033591287475156,0.00688405452588059,0.016704027701121005,-0.0310349655555765,0.011060758775435664,0.009100744672456251,0.001039830632767469,0.009248406593664882,0.0077796007562964675,0.0029426889232924136,0.0038237284285767004
2024-08-15,0.013530570165032119,0.011823708227028273,0.04048101694112316,0.06336276788880446,0.006231004778694649,0.005668333208145526,-0.0058864015486554955,0.006186455003204028,0.06583138528802523,-0.02102674879887556,0.016133247764330783
2024-08-16,0.005918521493608608,-0.006080253228260557,0.013999745101809014,0.009246267550119258,0.0114393137324591,0.007942852225931274,-0.014280690496206838,-0.004716687015268506,0.006550492436617095,0.01423575263307919,0.001989779357261412
2024-08-19,-0.000707757641259299,0.007312235370944942,0.04350616341557889,0.030538618603692225,0.006916957816861968,0.008388104452836664,0.01766777697452615,0.003046442396399618,0.0036759395207814904,0.003201090729546552,0.009722284736913167
2024-08-20,0.0027446309080869646,0.0077574118872798525,-0.021153735141807295,-0.007273684933138069,-0.004316516107039425,-0.024703530853266376,0.0034721942693476393,-0.03332474195171642,0.011123150692751382,0.0026999643020697572,-0.0019845553982971165
2024-08-21,-0.00048560795129204415,-0.0015536263299239517,0.009822977179971382,0.009814554993405888,0.00037284122128999897,0.0015506757938827942,0.004498360089724818,-0.006371179373193203,0.009390880466394691,0.004895902662295226,0.004239676828782013
2024-08-22,-0.008259753392300673,-0.020252716693512585,-0.037042799075779564,-0.056478704568676985,0.009459541889691225,0.012645172672741456,-0.008611748029628052,0.007729435196740075,0.004518828227771499,-0.004384844623599227,-0.008932805548120926
2024-08-23,0.010288174603870104,0.002984016865249961,0.04549868578373739,0.0458558981020607,0.00775515748259048,0.013506766663871517,0.0041694387213124795,0.013858650820721463,0.0015878567768567997,0.00831896164325574,0.01148337085011919
2024-08-26,0.0014988234276755996,-0.007917718208844016,-0.022493629526155523,-0.0322712435275504,0.003939421667116472,0.0037715137997482717,0.0006920211139236354,0.021406414420373387,0.004359299661821581,0.006794594872799431,-0.0031537266931381813
2024-08-27,0.0037415861342333656,0.0008466255566128567,0.0145500779848311,-0.018760845523390857,0.004608109553496664,-0.006262671691795507,-0.0034577869910870085,-0.00951082972999906,0.0013152631688393424,-0.0009641793210692917,0.0015951960865450143
2024-08-28,-0.006753530746548386,-0.007829110453081878,-0.020966454792122224,-0.01653843794670573,0.005041456794676602,0.007058424901898119,-0.002428797194912846,-0.00985743052991106,-0.0006567168615795316,0.0009651098600389485,-0.00597597320797616
2024-08-29,0.014570203763614176,0.0061372660828089565,-0.06384849712502938,0.002575935743848623,0.004157393858670311,0.005506684439193332,-0.001043447405665976,0.013817423126330164,0.0044690371140641005,-0.005784457532410081,-3.937906806072977e-05
2024-08-30,-0.003437973805193839,0.009730832455291827,0.015137456024067575,0.03795812428442069,0.011655648763419624,0.014438685812474983,0.010097418391690649,-0.001608265473337811,0.010599230649639635,0.012848382841814887,0.010093051774424433
2024-09-03,-0.027205214688054147,-0.01845907539064151,-0.09525009730914602,-0.01639341692041585,-0.020017824070634793,-0.0012268071322778518,-0.024474262570451932,-0.020942980269598954,-0.0007768156699003992,0.02752516307214181,-0.02115107439771169
2024-09-04,-0.008618693743290051,-0.0013187735972320924,-0.016574086804137522,0.04183284569452206,-0.004403195408025362,-0.0049139429587012895,0.003180193786776808,-0.012211033297326868,0.0009068723449128235,-0.03377586086679352,-0.0016025435809103872
2024-09-05,0.0069277078032163875,-0.0012473422846764892,0.00941528609717035,0.04904058305110981,-0.0077507670732802625,-0.008888934026008433,0.004226866699136966,-0.00780285614862164,-0.0036248047174837206,-0.004098466281259205,-0.003018017615584734
2024-09-06,-0.007014987012509244,-0.016381396086042277,-0.04085442080200974,-0.08445932396079381,-0.023755842627534163,-0.028084464600068526,0.0017536434089731046,-0.004683252704610896,-0.0041582227313758935,-0.0038732118083842915,-0.01726024985928465
2024-09-09,0.00040761674529954384,0.010007549335845578,0.035398230746163994,0.026289605928169646,0.02047428870030732,0.018318056855805898,0.029762080152499593,0.02104055776951319,0.009133765170526331,0.03839628242257298,0.0115800702824842
2024-09-10,-0.0036214047785367853,0.020901088219254182,0.015309419741446506,0.04577608406578748,-0.051888761913884585,-0.004813818120703139,0.011220632684904919,-0.03643162943479794,0.019006867760905433,0.021530483271003487,0.004472672652839682
2024-09-11,0.011585160540387607,0.021342404700704476,0.08149874798231838,0.008666077418469476,0.008124284840859364,-0.007128287972572034,-0.002690044582872697,-0.009925981773632575,0.00038076847771972844,0.003436336230957071,0.010665025888896507
2024-09-12,0.0004939354816972941,0.009360757461935432,0.01916166075526915,0.007364189890953776,-0.0030399949526916936,-0.005641110154852802,-0.016857729670073263,0.013762294036832934,0.010400794040489103,0.0013699444612096379,0.007495302358939249
2024-09-13,-0.001211939111549598,0.00840736930295738,-0.0003358228004953778,0.0020886633855723424,-0.011035886551110763,-0.003352080018595216,0.003772326685552274,-0.0007191942989357436,0.011800163952512488,0.01299588769695137,0.005407711405364557
2024-09-16,-0.027775211743860218,0.0017419144085588645,-0.01947938961858864,-0.015241628421408637,0.017325619526624925,0.011642861769476598,0.027331811248470617,0.014035036692728209,-0.0004964482746186993,0.012829161356713525,0.0012566297656613212
2024-09-17,0.002172512254937642,0.00883287224403606,-0.010190078878690834,0.004806404196833203,0.006687137386615083,0.011508967107162205,-0.007981497279114347,0.013042257692220671,-0.024329582195254718,-0.02044439165191758,0.00026455008109871336
2024-09-18,0.01798978388418493,-0.00997356736226973,-0.019205821441112936,-0.0029402649901351108,-0.008219600654838621,0.001769956246649551,-0.0026817847628798352,0.0035034187265252648,0.005470718105332839,-0.004537247952631218,-0.002896455862498093
2024-09-19,0.03706558714741637,0.018291138326827827,0.03969298585578085,0.07359155565707187,0.01421461739119767,0.03154967449249235,-0.0030252649019048006,0.012392852034023294,-0.012526948320417453,0.0013673492855792446,0.01697685316676334
2024-09-20,-0.002927465514640404,-0.00779590528593288,-0.015864920562919993,-0.02324531900421767,0.0028982248476210337,-0.014680747069670264,-0.008091611805296384,-0.006293049469933365,0.013070190291427863,0.008875877561471235,-0.0019410273951238066
2024-09-23,-0.007580955560679947,-0.004043347126540087,0.002241408805733869,0.04931794333683115,0.001657994768891946,-0.009933021243962337,-0.0037390612337407925,0.018131328485561093,0.01606375192796583,-0.0015792882881188186,0.0028092730585327352
2024-09-24,0.003973931519701157,-0.010011367762276624,0.039652487729431085,0.017080017089843746,0.0007094571832819696,-0.010534205344212455,0.006482457593023128,-0.002641467646996798,0.0042327884083361855,0.009037688968740465,0.0025111788443470395
2024-09-25,-0.004398024644813314,0.006850339719663534,0.021841696866523153,0.010815214909361659,-0.006616531926466718,-0.005069693450994173,-0.019322045196501936,-0.019478776698078626,0.009049076041406146,-0.0024632640824768792,-0.0018612489301417234
2024-09-26,0.0050801351334279765,-0.001851358039684281,0.004291102015554049,-0.01089404681602335,-0.0019506548998313722,0.0068789098383987834,0.0013826811413957252,-0.017164730215157187,-0.01818177663563869,0.0015713937420691604,0.00403867571712313
2024-09-27,0.0011866370960109673,-0.00762799768055944,-0.0212834429241624,0.024545630573566513,0.0034322206961368007,-0.003036227624712118,0.004142167714923595,0.026773030449998014,-0.0017519167225716892,0.006051170006912576,-0.0012532169669905446
2024-09-30,0.022871941705710608,0.0053268077943862124,0.00032950814347754154,0.004492104223754234,0.0017101652302495829,0.007106677497615843,-0.005156332722827894,0.012087813244279655,0.012158750068486102,0.00044543294062338035,0.004236552581176722
2024-10-01,-0.029141468900892642,-0.022333118212689018,-0.03656127955795141,-0.013798172234708361,-0.018116260247189153,-0.011592904816297267,-0.009329742309922562,0.0231188103179214,0.006439342788349789,0.00668004274861711,-0.009324107094664358
2024-10-02,0.002519675193235038,-0.008462277348168734,0.015811972426736265,-0.03488095932262858,0.0012075574518679577,0.0002549205998201298,-0.002092643288445828,0.013257691647273973,-0.010335843141981882,-0.003539092610591821,0.00013839090212397487
2024-10-03,-0.004894564148020919,-0.0014144053340913176,0.033655865225834525,-0.03357160254966751,-0.00993782948243871,0.000509812396926268,-0.009437355166413752,0.008722905361438382,0.0,-0.01176451939033707,-0.001681413492255035
2024-10-04,0.0050073340532503785,-0.001152484850933888,0.016849894452187097,0.03914235030998836,0.03549368016854837,0.021910863771041234,0.008468648441705362,0.0183552788255954,0.006340950741760887,-0.007637117480172928,0.008970249395274354
2024-10-07,-0.022530916310902316,-0.01567075820307151,0.022414280035118805,-0.03698816351676526,-0.001373084534040614,-0.0037397539564753,0.021693450846911766,0.004325892957149913,-0.022732937274895115,-0.007695795120530979,-0.009586022165882668
2024-10-08,0.01840405115607391,0.012623847072612104,0.04047905042831612,0.015238957526229946,-0.0008533257515304093,-0.0007506988717574936,-0.0006849112637026256,-0.026561319778308445,0.0077117842969576245,0.0038778373926291465,0.009689347495581924
2024-10-09,0.016698452101093553,0.006631167337035393,-0.001805878471957456,-0.014110416966225725,0.012669060398175613,0.0065114745686947195,0.03461282833126589,0.000409664614745342,0.0086564588926612,0.0022721835951551306,0.007113411987488272
2024-10-10,-0.0021783238526293935,-0.0038806108650878413,0.016283462222810074,-0.009458613360014523,-0.0027176396908228373,-0.005473981485147217,-0.02815510776958896,0.008600294591484037,-0.009825941971274732,-0.011097940747322732,-0.002070122839989974
2024-10-11,-0.006505274292756158,0.0011544250118920019,-7.414020320539727e-05,-0.08782510719719294,0.0443995317005037,0.04953709723687738,-0.006135007480806309,0.0038167498038559344,0.0061550988334069245,0.001164127920159741,0.006051847587953629
2024-10-14,0.016479864556647295,0.006773562393339816,0.02425811501449293,0.006244263504570968,-0.003643832661411772,-0.0009535131597488977,-0.002743403232053687,0.003802368380876331,0.002372050900984579,0.004418836101601098,0.0077076668832223305
2024-10-15,0.011024485349327096,-0.0009543604150079599,-0.04686024223529539,0.0018707960177877236,0.004108638767814643,0.005487886152324428,0.012379645006059148,-0.030061351291672866,0.01693861972865318,0.012734344261112529,-0.007609466332438197
2024-10-16,-0.008851819425250484,-0.006256854842016879,0.03130697962149487,0.008015641700267029,0.0056208326212028314,0.015662031598602688,0.0078123416257109835,0.0025759766721638044,-0.005266456061578495,0.0038865472809186397,0.004679145956573816
2024-10-17,0.0015964144381819256,0.0014420044374743313,0.0089153183262074,-0.001987992760882462,0.0034876162820143275,-0.004672976032492948,-0.01348152368336375,-0.0025693580657240034,-0.004063121369588973,-0.0013664119451061163,-0.00017116047891174713
2024-10-18,0.012276553423913095,0.003455589731953479,0.007814310159864446,-0.0008601676940163117,0.00423315273769731,-0.0065727509767066206,-0.0017082565390448279,-0.00282505244257103,0.005192342497235547,0.0031927530430342355,0.00397155273894878
2024-10-21,0.006297833056365665,0.001482547655590416,0.041376725815984505,-0.008382378207102748,-0.010515933791465759,-0.013232475721133286,-0.009924709857661584,0.0005834069579040424,-0.006149461939951917,-0.006592504776615438,-0.0018227694906369774
2024-10-22,-0.002621721629057161,0.02084633395421065,-0.0008350095735782936,-0.004021041161845984,0.00502237815824591,0.012931091404521755,-0.0031109398105905184,0.005163065535415123,0.01497347743400046,-0.050343210844081,-0.0004748538883844189
2024-10-23,-0.021623078817787023,-0.006806951877347145,-0.028066017478545646,-0.019819274670942244,-0.0031678477040842923,0.0009456236393530215,0.0006935352200438949,-0.0035625236493276313,0.015240244397245473,0.03277102468550841,-0.009191323428069387
2024-10-24,-0.0008232202882729744,0.0003062806777116567,0.006090604017658929,0.21919035070290405,0.007027340179838859,0.007321706522846361,-0.00762307948310037,-0.0056539301759747085,-0.002762093360933471,-0.023331742537915368,0.002145772011323821
2024-10-25,0.003643102381711616,0.008052139920783352,0.00804784385484969,0.03343823359841336,-0.011867811279445029,-0.01781949987744147,-0.006634107158839275,-0.0008362496870991665,-0.006382533918323552,-0.011466832617657907,-0.00029944716993013376
2024-10-28,0.008599370511064741,-0.0036435927712357152,-0.007206396721738395,-0.024815158866218545,0.014349477294365753,0.017426588824108524,0.014411350818617663,-0.0049375561477918994,0.002908797713539135,0.005799821304453001,0.0026514435020339455
2024-10-29,0.001156808284072497,0.012564786466229938,0.005194919884734306,-0.01139012091242797,-0.011530055563582331,-0.0021116318201802597,-0.013860049841609823,-0.013625059663632255,-0.012688892716326672,-0.006967705960077009,0.001614127248163344
2024-10-30,-0.015277909906239895,0.0013426689800917213,-0.013522072664613694,-0.007590942139718337,0.006774370657634199,-0.00517280350352467,0.002108235159228533,-0.005030598789417362,-0.0037943206706098076,-0.0012097578507935802,-0.003300233889343751
2024-10-31,-0.018209493659384512,-0.0605275857396933,-0.04722271577640458,-0.029897037679701866,-0.011095677955366035,-0.011581198071916377,-0.007713882617618073,0.0007713568074125821,0.006880433647193485,0.020591099330599327,-0.018614700871699585
2024-11-01,-0.013279547527441093,0.009892953436043017,0.01988561048511084,-0.003482130697311736,0.004596306139679651,-0.0014348107437763824,-0.007420502741128154,-0.015670620621077935,0.002928580169633932,-0.018276702907860543,0.004092509543626166
2024-11-04,-0.004037604306501907,-0.0046543695202961866,0.004800597219035252,-0.024660613282231014,-0.014174353638776171,-0.010296857036423024,-0.01174791124510266,0.03183998596067106,0.003163309345666443,-0.007253383337710528,-0.002812083478299976
2024-11-05,0.006486217739428035,0.0073447043256171796,0.02837188701344817,0.03541429020427689,0.007780555618786211,0.013307532557991664,0.008285134526812232,0.0029508524908321565,0.014918156370492985,0.0048708511756028194,0.012265644545291332
2024-11-06,-0.0032669971778583884,0.021192756763894538,0.040740430441306597,0.14751032444224466,0.1154453259682997,0.08428851922046143,-0.022507835865368864,0.017148643612892478,-0.0028679423944234506,-0.002423722540252471,0.025295927786425976
2024-11-07,0.02137217728792984,0.012494830578468674,0.02245741911912802,0.02904379065700735,-0.0432282487140625,-0.014093942961267425,0.00365478389155105,0.0012396906464204882,0.004913562867616239,-0.01433420509229133,0.007431229727488331
2024-11-08,-0.0011881973656511224,-0.006793248411182562,-0.008396310365899273,0.08187665372925301,0.0025381948846756597,0.008041252315604153,-0.011834344506730932,-0.00033008590972805063,0.011687715467182835,-0.002218460212596862,0.0037568333092317108
2024-11-11,-0.012028655940682698,-0.010720826471335543,-0.01605354625846167,0.08959591143118995,0.009747611791296462,0.0210502773965342,-0.01796395199981904,-0.005284653297687902,-0.0073088228912332465,-0.0009880243008838496,0.0009690634297987444
2024-11-12,0.0,0.012009126758686817,0.020859015243389623,-0.06145717075892854,0.0011284522361090232,-0.0047742046579706265,-0.0019055319236009893,-0.0009960486781810385,0.009262563071323227,-0.0009893138074869023,-0.00289265965137242
2024-11-13,0.003969224708879171,0.005129840516707063,-0.013621733928190438,0.005327407385385952,0.006678759796991951,0.0002179244834135119,0.02023665215558701,0.009306260518481935,0.006000737348603513,0.01831688663056852,0.00023222772482434095
2024-11-14,0.013770445194280612,0.003974574482793702,0.003350017072413447,-0.05771559508909463,0.002944143150684031,0.0006539769818441066,-0.026197423406840503,0.000663955089782009,-0.012046817816150579,-0.00656296541317436,-0.006049734794859041
2024-11-15,-0.014109312315692124,-0.02785270903901138,-0.032570350760106725,0.030657525449785616,0.014222585370083252,0.018518592149971314,-0.046887182657327164,-0.010368287475539417,-0.002604497586662813,0.0190849430531006,-0.013203489851361216
2024-11-18,0.013422344247394413,0.0018313591342009605,-0.012889164636947559,0.056186046847983784,-0.0011414832548468645,-0.0006418365401963388,0.002419445234095985,0.008381599302591525,-0.0020176921075802934,0.014405760605902707,0.003917814394541086
2024-11-19,0.0011402383381653447,0.004882635313253614,0.048947717364517196,0.021432396454288627,-0.007917395689560514,-0.00663529671119889,0.009654082453578683,-0.013964091099771592,0.029971420149246475,-0.007573956972717233,0.003963584828470035
2024-11-20,0.00315399714279585,-0.005505082201120559,-0.007618549024332788,-0.011473991967350106,-0.009502673385298643,-0.007541242169918361,-0.006374599097774825,0.014246044201422503,0.006697297732184859,0.006916391960408719,2.195086225209586e-05
2024-11-21,-0.002096031461461201,-0.004316933790706301,0.005346563963976703,-0.006987644766217049,0.016529712921148798,0.008684124843016061,0.007618342405331546,0.013381040355983753,0.013879496608333541,0.006631833418715871,0.0053404615405816536
2024-11-22,0.0059075169290669916,0.010003281897984051,-0.032181153402513485,0.038040225983177356,0.015484534876471168,0.011622952076799642,0.020692358048076676,-0.0011482188472909938,0.02319267368486022,0.015294198184981678,0.003467959094991535
2024-11-25,0.013050866513805381,0.004292561221777902,-0.04177525283899508,-0.03962446482142756,0.007000587449047746,0.010638349957531323,0.020273029503679263,-0.014943740723554422,-0.010393642866893482,0.019235147079931902,0.003020480305938378
2024-11-26,0.009404344270008469,0.02196795670499374,0.00661663090008191,-0.001063189566898104,-0.0012785508558517122,0.005263099866593235,-0.015284707360294969,-0.016670843910357225,0.020223413975868798,0.008867637212100377,0.005722005647630368
2024-11-27,-0.0005529462713789179,-0.011682432469482418,-0.011539659277233771,-0.015788061864523528,-0.0007201173485407164,0.0004189299853498696,0.0023282933871151545,-0.0026277284571418758,0.006242513342408884,0.0002253743206501735,-0.003801238017440034
2024-11-29,0.010215817378145475,0.001111035025599838,0.021501605049072836,0.03685898787510977,-0.0002800794954663788,-0.005442895648723245,0.014711441503898248,0.0025496254830918996,0.006747929055773261,-0.0009012941540446073,0.005607785488815242
2024-12-02,0.009522535772919394,0.017758582078641227,0.002748551936289756,0.034563659025395044,-0.013895633315752276,-0.009892583097138474,-0.014879647031515009,-0.0009325010456826544,0.0015135722987362765,-0.011050908379237168,0.0024484564662998753
2024-12-03,0.012771881095138049,0.0005105043890840655,0.011757913774784523,-0.01587830229999254,-0.00580714282976269,-0.00467685654783534,-0.010069733186825358,-0.0015273906963371164,0.009391131648262663,-0.00045609386046774336,0.0004514491145146682
2024-12-04,0.0014835436581230876,0.014424828003044787,0.034792556205836656,0.018524782309774723,-0.005800193204826831,-0.009611205542708778,-0.012910865101651847,-0.02880935109865146,0.01005224661955939,-0.0298881637476629,0.006051417924264779
2024-12-05,0.00012347709736793,0.01188775106444706,-0.00048225471135476816,0.03229681165351517,0.008545669439642856,0.013586285287948474,0.018628696860090832,0.004375151206216454,0.008999628126746817,0.0007054412453793013,-0.0018697756269248078
2024-12-06,-0.0008229105266140957,0.0021464055660036507,-0.01806156791968716,0.053397958017247005,0.007658387677365486,0.00021398931285876444,0.0011672763521621832,-0.010541767939610813,0.004197330227006857,-0.004230257413390004,0.0024954538421815275
2024-12-09,0.01610120119058589,0.005523339940131544,-0.025484530835496955,0.0014644862094215227,-0.014351490713548576,-0.0179680495802107,0.014380088915530331,-0.00589950763088487,-0.019540357131085373,-0.00023601269519757384,-0.006144213927296471
2024-12-10,0.004133717052538177,-0.006031153633207054,-0.02694329324042477,0.02873337295448497,-0.0038964934011394003,-0.003484954777059013,-0.020306433036517135,-0.0020371994088912437,0.007673608960142575,-0.0014165098592603398,-0.002963883313944371
2024-12-11,-0.005166172506095634,0.012767118738230332,0.031391104575241746,0.05930322291934931,0.0027587367554788855,0.007213162935726158,-0.013296940731398532,-0.006656611657241629,0.004336281401400299,-0.007328601153528735,0.008165786048233592
2024-12-12,0.0059638982584340194,0.0012695307529879685,-0.01414119297900751,-0.015702575706076027,-0.008212484394910291,0.0,0.005548961053879253,-0.0008935102008426066,-0.009161775522176452,0.002143437437517326,-0.005414022527810203
2024-12-13,0.0006855082660752743,-0.005094008116370952,-0.022498773267581207,0.04336284290396253,-0.006583055193655096,-0.008897768562462272,0.008277551662517979,-0.008764159209847744,0.003919855353556878,0.00475288423958764,-2.6466639124200775e-05
2024-12-16,0.011727658976129263,0.009658723270052905,-0.016759651896446792,0.06141250567967771,-0.0015003739624566137,-0.004379193775652768,-0.0129007705819425,-0.021382204270626204,0.006578308262952914,-0.03311260916166803,0.0037993543260221863
2024-12-17,0.009719648807080539,0.006355212477715089,-0.012197129564155529,0.036369912179738284,-0.005092178898612687,-0.009236843246995585,0.046732601682047736,-0.0042406531885896825,0.0057973967794142656,-0.0024462521801627,-0.003863994965801476
2024-12-18,-0.02142185030912469,-0.037560993441939416,-0.011350490096976307,-0.0827949436951747,-0.03352079825749954,-0.03440613765047429,-0.02043121137579662,-0.014720843602475275,-0.019597647825188136,-0.01324170113181844,-0.02949284635160343
2024-12-19,0.007014733236583304,-0.0008231219684045055,0.013730304267117965,-0.008997322180141931,0.01124274271840675,-0.0027585896635518026,-0.004635003478334565,-0.008551128285379073,-0.0016032977212111499,-0.0067097507035580595,-0.0008651123249070469
2024-12-20,0.01881588271612422,-0.0009839107800303504,0.030762309782726316,-0.034642491239586515,0.019917605886713874,0.018211088256841812,0.022894925988931947,0.0034120557632175696,-0.012419845059309487,-0.0010007363312585227,0.010869123768910471
2024-12-23,0.00306491959873445,-0.0030920628871753397,0.036896902320644465,0.022657123925894362,0.003324948348951029,-0.0063390731515071685,0.0132775185423335,0.004061614607274722,-0.020489998416352573,0.00025032925572920917,0.007287273468533639
2024-12-24,0.011478136328879396,0.009373991446508745,0.003937957691025451,0.07357174228224572,0.016443666923666944,0.011164193315993165,0.0011232167687271755,0.0009407493794637567,0.025788631444023213,-0.0035051029508689213,0.01104275925539211
2024-12-26,0.0031758111646671416,-0.0027770065627858997,-0.0020682766704210875,-0.017629994630971146,0.0034253597121136625,0.0038305558462183864,-0.006731423187518959,0.0008459163516205681,0.0011868942511013003,0.004019937297906839,-0.00040565878647391695
2024-12-27,-0.013242254127347697,-0.017301629491105697,-0.020867604398359774,-0.04947922616674816,-0.008102395247705951,-0.004713796185460639,0.0022590406395703866,-9.394472075829885e-05,-0.012177974589487883,-0.0010009868676844613,-0.011055736101235558
2024-12-30,-0.01326345192816536,-0.013239578715312672,0.003503352834698825,-0.03301209257078741,-0.007670788900562608,-0.009697725567286763,-0.00751316292485571,-0.006761794633204921,-0.01189176657463209,-0.008016024243513442,-0.010701995701766776
2024-12-31,-0.007057859616223294,-0.00783827321320496,-0.02327437030592172,-0.03251001941775111,0.0016296213224151757,0.0009108540975630852,0.004163480812382492,0.01711408678710824,-0.0024291755847148933,0.009848558228788384,-0.004284800394927402
