Date,AAPL_Price,MSFT_Price,NVDA_Price,TSLA_Price,JPM_Price,BAC_Price,PFE_Price,XOM_Price,WMT_Price,VZ_Price,^GSPC_Price,AAPL_Return,MSFT_Return,NVDA_Return,TSLA_Return,JPM_Return,BAC_Return,PFE_Return,XOM_Return,WMT_Return,VZ_Return,^GSPC_Return
2020-01-03,71.63064575195312,150.26373291015625,5.875185489654541,29.53400039672852,116.86746978759766,29.95246696472168,26.90323829650879,52.52135848999024,35.96959686279297,41.53186798095703,3234.85009765625,-0.0097217122811518,-0.0124514533314186,-0.0160061283005921,0.0296332582979208,-0.013196629522197,-0.020763014110955,-0.005365368575654,-0.0080397707480155,-0.0088276354742303,-0.0106471926885891,-0.0070598705620453
2020-01-06,72.20140075683594,150.65213012695312,5.899825096130371,30.1026668548584,116.77455139160156,29.909547805786133,26.86868476867676,52.92462921142578,35.8963623046875,41.44248580932617,3246.280029296875,0.0079680281936764,0.0025847701855583,0.0041938431593722,0.0192546370451349,-0.0007950749354372,-0.001432908981624,-0.0012843631480791,0.0076782233557877,-0.0020360127577971,-0.0021521346372342,0.0035333728907271
2020-01-07,71.86183166503906,149.27854919433594,5.97125244140625,31.270666122436523,114.789306640625,29.712158203125,26.77884864807129,52.49148941040039,35.56378555297852,40.98177719116211,3237.179931640625,-0.0047030817717858,-0.0091175672820535,0.0121066886072143,0.0388005246581539,-0.0170006626214223,-0.0065995515526633,-0.0033435250507759,-0.0081840875879368,-0.0092649151712386,-0.0111168191088668,-0.0028032386528962
2020-01-08,73.017822265625,151.65631103515625,5.982451915740967,32.80933380126953,115.6847686767578,30.012540817260746,26.993074417114254,51.69990921020508,35.44175720214844,41.05742263793945,3253.050048828125,0.0160862946824709,0.0159283557728369,0.0018755653767132,0.0492048257881216,0.007800918590233,0.0101097541310262,0.0079998125333291,-0.0150801626908775,-0.0034312531394696,0.0018458312928815,0.0049024513689781
2020-01-09,74.56879425048828,153.5509796142578,6.048153877258301,32.089332580566406,116.10719299316406,30.06403541564941,26.87559127807617,52.095703125,35.8078727722168,40.8871955871582,3274.699951171875,0.0212410057810426,0.0124931733217641,0.0109824470706501,-0.0219450119000973,0.0036515119599416,0.0017157693746159,-0.0043523437613167,0.0076556017378226,0.0103300625863484,-0.0041460724966196,0.0066552626054889
2020-01-10,74.73735809326172,152.84043884277344,6.080508232116699,31.87666702270508,114.94983673095705,29.815141677856445,27.290239334106445,51.6326904296875,35.50887680053711,40.98445510864258,3265.35009765625,0.0022605145284662,-0.0046273932818231,0.0053494596061873,-0.0066272976331741,-0.0099679979540557,-0.0082787867414301,0.0154284254340677,-0.008887732913433,-0.0083500065357604,0.0023787281100522,-0.0028551786896625
2020-01-13,76.33409118652344,154.67828369140625,6.271145343780518,34.990665435791016,115.90440368652344,30.08978271484375,27.234952926635746,52.12556838989258,35.35631561279297,41.09563446044922,3288.1298828125,0.0213645910692912,0.0120245980877049,0.0313521673495795,0.0976889588509331,0.0083042045357626,0.0092114617449992,-0.0020258674463732,0.0095458508186063,-0.0042964239224213,0.0027127200181611,0.0069762152525698
2020-01-14,75.30331420898438,153.5888214111328,6.154176235198975,35.861331939697266,117.2560806274414,30.312931060791016,27.691057205200195,51.677494049072266,35.447845458984375,41.01919555664063,3283.14990234375,-0.0135034944612144,-0.0070434081260365,-0.0186519530595075,0.0248828221202008,0.0116619981461079,0.0074160836607564,0.0167470191629515,-0.0085960566888935,0.0025887834918605,-0.0018600249104842,-0.0015145327728022
2020-01-15,74.98062133789062,154.58352661132812,6.111617565155029,34.56666564941406,115.49890899658205,29.755067825317383,28.105695724487305,51.595359802246094,35.173248291015625,41.06089401245117,3289.2900390625,-0.0042852412869665,0.0064764166497028,-0.0069154129517009,-0.0361020135130578,-0.0149857612625006,-0.018403473895509,0.0149737338020174,-0.0015893620295941,-0.0077465122185346,0.0010165595703348,0.0018701968845122
2020-01-16,75.91985321044922,157.416015625,6.195238590240479,34.232666015625,115.94666290283205,29.79798698425293,28.064233779907227,51.39372253417969,35.36241912841797,41.45691680908203,3316.81005859375,0.0125263282138736,0.0183233561542015,0.0136823065569759,-0.0096624776360147,0.0038766938158978,0.001442415093372,-0.0014752150235496,-0.0039080504301014,0.0053782589494488,0.0096447680001992,0.0083665530264682
2020-01-17,76.76036071777344,158.29702758789062,6.203949928283691,34.03333282470703,116.74919891357422,29.78939437866211,27.9951286315918,51.19954681396485,35.07561492919922,41.77650833129883,3329.6201171875,0.0110709843576006,0.0055967111058723,0.0014061343911653,-0.0058228941569139,0.0069215964534894,-0.0002883619485893,-0.0024623921271957,-0.0037781991776466,-0.0081104236160208,0.0077090036311331,0.0038621622485013
2020-01-21,76.24018096923828,157.7286376953125,6.170600891113281,36.47999954223633,115.60027313232422,29.403196334838867,27.87764358520508,50.46770858764648,35.267818450927734,41.90850830078125,3320.7900390625,-0.0067766714964734,-0.0035906542355164,-0.0053754523418012,0.0718903061927893,-0.0098409735736217,-0.0129642798008633,-0.0041966246318346,-0.0142938418767167,0.0054796907229277,0.0031596697463471,-0.0026519776473655
2020-01-22,76.5123291015625,156.97076416015625,6.224607467651367,37.97066879272461,115.46511840820312,29.4890193939209,27.773984909057617,50.17646026611328,35.42343521118164,42.019676208496094,3321.75,0.0035696155080484,-0.004804920312697,0.0087522394481653,0.0408626444406172,-0.0011691557507513,0.00291883433708,-0.0037183442650252,-0.0057709836583405,0.0044124294353629,0.0026526333726073,0.000289076071118
2020-01-23,76.88079071044922,157.93707275390625,6.293047904968262,38.14666748046875,115.34685516357422,29.28304672241211,28.13333511352539,49.86281204223633,35.334957122802734,42.04051971435547,3325.5400390625,0.0048157154959642,0.006155978146122,0.0109951410868192,0.004635122144013,-0.0010242335196921,-0.0069847243395028,0.0129383740087862,-0.0062509037547389,-0.0024977275030338,0.0004960415629085,0.0011409766124783
2020-01-24,76.65922546386719,156.34556579589844,6.233814716339111,37.654666900634766,112.4830322265625,28.78525924682617,27.518291473388672,49.52675247192383,34.895591735839844,41.88072204589844,3295.469970703125,-0.0028819324636826,-0.0100768421894691,-0.009412480172348,-0.0128976031808254,-0.024827923855839,-0.0169991695298888,-0.0218617393798089,-0.0067396834744867,-0.012434298007945,-0.0038010393197509,-0.0090421609742074
2020-01-27,74.40502166748047,153.73097229003906,5.977971076965332,37.20133209228516,111.53688049316406,28.19307518005371,27.753250122070312,48.34683990478516,35.3502082824707,41.6236572265625,3243.6298828125,-0.0294055122882662,-0.016723170193855,-0.0410412646213563,-0.0120392728355793,-0.0084115062927242,-0.0205724764086587,0.0085382716768174,-0.0238237418818757,0.0130279076529871,-0.0061380226218213,-0.0157307116591823
2020-01-28,76.50990295410156,156.743408203125,6.171346664428711,37.79333114624024,113.56436157226562,28.527793884277344,26.3572998046875,48.27962112426758,35.57600021362305,42.17251968383789,3276.239990234375,0.0282895057275556,0.0195955041993911,0.0323480299542606,0.0159133832220446,0.0181776742377677,0.0118723729882592,-0.0502986248905207,-0.001390344863283,0.0063872871511285,0.0131863102342946,0.010053584595046
2020-01-29,78.11141967773438,159.1875,6.110870361328125,38.732666015625,113.39540100097656,28.330394744873047,25.97029685974121,47.87636184692383,35.35935592651367,41.359642028808594,3273.39990234375,0.0209321494577447,0.0155929478942278,-0.0097995310244306,0.0248545137699036,-0.0014877957217374,-0.0069195374940328,-0.0146829511298218,-0.0083525775048192,-0.0060896190074345,-0.0192750554418692,-0.0008668741908683
2020-01-30,77.99823760986328,163.6777801513672,6.11759090423584,42.72066879272461,114.79774475097656,28.7337646484375,25.879541397094727,48.38418197631836,35.56990051269531,41.24153518676758,3283.659912109375,-0.0014489823426337,0.0282074921169512,0.0010997685289226,0.1029622586653555,0.0123668485460703,0.014238061530627,-0.0034945870328949,0.0106069072461729,0.0059544236783952,-0.0028556060025555,0.0031343587926053
2020-01-31,74.5399169921875,161.26211547851562,5.884146690368652,43.37133407592773,111.815673828125,28.17591667175293,25.99822807312012,46.3902587890625,34.932220458984375,41.29711532592773,3225.52001953125,-0.044338445632244,-0.0147586597925362,-0.0381595006141306,0.0152306904735051,-0.0259767378646712,-0.0194143713331662,0.0045861197539891,-0.0412102283393317,-0.0179275186188204,0.0013476738658841,-0.0177058203755262
2020-02-03,74.33519744873047,165.19351196289062,5.981206893920898,52.0,112.6688995361328,28.29606819152832,26.18671989440918,45.352237701416016,34.86508560180664,40.33137893676758,3248.919921875,-0.0027464417954542,0.0243789216872747,0.0164952045996944,0.1989485937639492,0.0076306449605563,0.0042643340117429,0.0072501795414259,-0.0223758417120798,-0.0019218605715762,-0.0233850810531995,0.0072546138923517
2020-02-04,76.78927612304688,170.631103515625,6.150440692901611,59.137332916259766,114.2908935546875,28.85391998291016,26.31238555908203,44.78467559814453,35.17020797729492,40.49812698364258,3297.590087890625,0.033013683403599,0.03291649586066,0.0282942559891576,0.1372564022357647,0.0143961113069586,0.0197148164757694,0.0047988318193177,-0.0125145336159182,0.0087515166023992,0.0041344494354242,0.0149804141640821
2020-02-05,77.41543579101562,170.42269897460938,6.240784168243408,48.97999954223633,116.2338638305664,29.78939437866211,26.64748191833496,46.845802307128906,35.640071868896484,41.08173370361328,3334.68994140625,0.0081542592870049,-0.0012213748649673,0.0146889434193007,-0.1717583947927872,0.0170002194877338,0.0324210504605966,0.0127353089479667,0.0460230353677,0.0133597131954663,0.0144107089250429,0.0112505958978537
2020-02-06,78.3209457397461,173.95619201660156,6.327639579772949,49.93066787719727,116.25078582763672,29.755067825317383,26.71030807495117,46.21103286743164,35.487510681152344,41.29711532592773,3345.780029296875,0.0116967622732875,0.0207336995790603,0.0139173874929867,0.0194093169425444,0.0001455857743399,-0.0011523078619319,0.0023576770521411,-0.0135501882438817,-0.0042806083081241,0.0052427588345791,0.0033256728767856
2020-02-07,77.25634765625,174.20252990722656,6.261440277099609,49.87133407592773,115.87907409667967,29.703577041625977,26.563703536987305,45.90486145019531,35.53022766113281,41.644493103027344,3327.7099609375,-0.0135927633845697,0.0014160915329848,-0.0104619268905506,-0.0011883238056313,-0.0031974986518213,-0.0017304878615532,-0.0054886876464501,-0.0066255047385471,0.0012037186931557,0.0084116717198772,-0.0054008536727301
2020-02-10,77.62329864501953,178.75914001464844,6.54465913772583,51.41866683959961,116.36060333251952,29.77223396301269,26.396150588989254,45.4200439453125,35.16408920288086,41.85292434692383,3352.090087890625,0.0047497843206654,0.0261569686149136,0.0452322226344721,0.0310264963298576,0.0041554460077761,0.0023114024715105,-0.0063075898947881,-0.0105613542785401,-0.0103049848637046,0.0050050133490839,0.0073263978048905
2020-02-11,77.15494537353516,174.72349548339844,6.667107105255127,51.62533187866211,116.58025360107422,29.840898513793945,26.59162712097168,45.851829528808594,35.209869384765625,40.77603912353516,3357.75,-0.0060336687522931,-0.0225758779714385,0.0187096019750609,0.0040192609370288,0.0018876686976863,0.0023063284692226,0.0074054938928846,0.0095064985849855,0.0013019015399668,-0.0257302265060915,0.0016884725532351
2020-02-12,78.98721313476562,174.97933959960938,6.782832622528076,51.15266799926758,116.58025360107422,29.96963119506836,26.347286224365234,46.412384033203125,35.34716033935547,40.45644378662109,3379.449951171875,0.0237478978484113,0.001464279978506,0.017357680842075,-0.0091556579336954,0.0,0.0043139679998209,-0.0091886403000042,0.0122253465162678,0.00389921794624,-0.0078378220097795,0.0064626464661976
2020-02-13,78.42476654052734,174.03199768066406,6.739028930664063,53.59999847412109,116.4788818359375,29.961048126220703,25.781810760498047,46.15483474731445,35.8322868347168,40.74824142456055,3373.93994140625,-0.0071207296968264,-0.0054140215702781,-0.006458023410238,0.0478436525517798,-0.0008695449015199,-0.0002863922078917,-0.0214623798083709,-0.0055491501083939,0.0137246242895836,0.0072126368664158,-0.0016304457368023
2020-02-14,78.44406127929688,175.58560180664062,7.212141036987305,53.33533477783203,116.12407684326172,29.909547805786133,25.48858642578125,45.94272994995117,35.96959686279297,40.650978088378906,3380.159912109375,0.0002460286414696,0.0089271176949154,0.0702047893236483,-0.0049377556683484,-0.0030460885877624,-0.0017189091722562,-0.0113733025752428,-0.0045955055093253,0.0038320196729151,-0.0023869333443925,0.0018435333204338
2020-02-18,77.00772857666016,177.36656188964844,7.380878925323486,57.22666549682617,114.58654022216795,29.41176986694336,25.355939865112305,45.35945510864258,36.50048065185547,40.23411560058594,3370.2900390625,-0.0183102796975632,0.0101429733684488,0.0233963655828155,0.0729597130158357,-0.0132404636737741,-0.0166427771517988,-0.0052041552423941,-0.012695694007387,0.0147592365599082,-0.0102546730090152,-0.0029199426368901
2020-02-19,78.12300872802734,177.89849853515625,7.832087516784668,61.16133117675781,116.1494369506836,29.79798698425293,25.29311180114746,45.70790863037109,35.9055061340332,40.449501037597656,3386.14990234375,0.0144827041646469,0.002999080772839,0.0611320949749092,0.0687558089532556,0.013639444261825,0.0131313796842824,-0.0024778440199446,0.0076820482277379,-0.016300457067872,0.0053533036279436,0.0047057858811645
2020-02-20,77.32154846191406,175.1818084716797,7.682763576507568,59.96066665649414,116.1494369506836,29.909547805786133,25.027833938598636,45.34429550170898,35.90856170654297,40.35916519165039,3373.22998046875,-0.0102589528893265,-0.0152710117614606,-0.0190656628845232,-0.0196311050979861,0.0,0.0037439046332947,-0.0104881465212512,-0.0079551469222222,8.510038817899357e-05,-0.0022332993888676,-0.0038155197636281
2020-02-21,75.57135772705078,169.64382934570312,7.318660259246826,60.06666564941406,114.73015594482422,29.4890193939209,24.937068939208984,44.791316986083984,36.18012237548828,40.43559265136719,3337.75,-0.022635226139132,-0.0316127523416441,-0.0473922324479827,0.0017678087791648,-0.0122194393973859,-0.0140600056743045,-0.0036265623150739,-0.0121951065620624,0.0075625604602211,0.0018936828686586,-0.0105181030271228
2020-02-24,71.98168182373047,162.32957458496094,6.801248073577881,55.58599853515625,111.6467056274414,28.090087890625,24.20403861999512,42.69302749633789,35.490562438964844,40.28970718383789,3225.889892578125,-0.0475004818133019,-0.0431153599217397,-0.0706976642364586,-0.0745949032764651,-0.0268756744204696,-0.0474390648467709,-0.0293952076324939,-0.0468458985119371,-0.0190590824808986,-0.0036078478875556,-0.0335136266712231
2020-02-25,69.54352569580078,159.6508026123047,6.521764278411865,53.32733154296875,106.66246795654295,26.67400360107422,23.687423706054688,41.05680847167969,34.90169906616211,39.68524932861328,3128.2099609375,-0.0338718972126862,-0.0165020574932525,-0.0410930158909774,-0.0406337396414488,-0.0446429443922024,-0.0504122413238655,-0.0213441616934809,-0.0383252048545527,-0.0165921116019346,-0.015002786008509,-0.0302799955650561
2020-02-26,70.646728515625,161.6455841064453,6.661131858825684,51.91999816894531,106.9834976196289,26.28779602050781,24.23895072937012,40.1553840637207,34.715579986572266,39.69914627075195,3116.389892578125,0.0158634870577296,0.0124946537161152,0.0213696132617287,-0.0263904705767898,0.0030097715647903,-0.0144788006458413,0.0232835377185598,-0.021955540177478,-0.0053326653019677,0.0003501790305913,-0.003778540605322
2020-02-27,66.02867126464844,150.25624084472656,6.290336608886719,45.26666641235352,102.5314712524414,25.000438690185547,23.80610466003418,37.73892974853516,33.68431091308594,38.254032135009766,2978.760009765625,-0.0653683100124754,-0.0704587343024399,-0.0556655021695267,-0.1281458395846268,-0.041614141117505,-0.0489716722283587,-0.0178574590199346,-0.0601775919102399,-0.0297062320112529,-0.036401642642045,-0.0441632425840791
2020-02-28,65.99005126953125,153.89439392089844,6.725381851196289,44.53266525268555,98.08792877197266,24.45974922180176,23.331382751464844,38.966094970703125,32.854400634765625,37.62872695922852,2954.219970703125,-0.0005848973540962,0.0242129914585811,0.0691608842831967,-0.0162150478009942,-0.0433383275026685,-0.0216271992297496,-0.0199411837992252,0.0325172237354078,-0.0246378879610063,-0.0163461246013062,-0.0082383404443618
2020-03-02,72.13378143310547,164.13436889648438,6.88375997543335,49.574668884277344,102.658203125,25.206409454345703,24.350643157958984,40.81442260742188,35.35631561279297,39.82419967651367,3090.22998046875,0.0931008545285201,0.0665389733484982,0.0235493132942166,0.1132203429321523,0.046593647253496,0.0305260788151671,0.0436862408607199,0.0474342537559493,0.0761515939931616,0.05834565489457,0.04603922900611
2020-03-03,69.8428726196289,156.2691192626953,6.6212897300720215,49.70066833496094,98.80599212646484,23.816068649291992,23.94573402404785,38.860050201416016,34.45012283325195,38.69866561889648,3003.3701171875,-0.0317591670360589,-0.0479195776403751,-0.0381289072103077,0.0025416095259802,-0.0375246291214017,-0.055158225036847,-0.0166282726614056,-0.0478843575665449,-0.025630294442024,-0.0282625656450035,-0.0281078961210758
2020-03-04,73.08250427246094,162.006591796875,7.084970474243164,49.96666717529297,101.24742889404295,24.36534309387207,25.41179656982422,39.70845413208008,35.62786865234375,40.38002014160156,3130.1201171875,0.0463845705556154,0.0367153316103019,0.0700287652517659,0.0053520173720666,0.0247093998555598,0.0230631869881012,0.0612243727548318,0.0218322911644912,0.0341869846093847,0.0434473513702777,0.0422025907744911
2020-03-05,70.71189880371094,157.94097900390625,6.805567264556885,48.30266571044922,96.28009796142578,23.130231857299805,24.755556106567383,37.958621978759766,35.3685188293457,39.71303176879883,3023.93994140625,-0.0324373869279586,-0.0250953541326653,-0.0394360443282053,-0.0333022304450705,-0.0490613044388076,-0.0506913131415291,-0.0258242451081205,-0.0440669925729151,-0.0072794088675014,-0.0165177820730101,-0.0339220770468885
2020-03-06,69.7728500366211,153.4763946533203,6.625024795532227,46.89866638183594,91.3042984008789,22.206058502197266,24.448383331298828,36.125450134277344,35.768211364746094,39.51155471801758,2972.3701171875,-0.0132799257688801,-0.0282674222911808,-0.0265286436833731,-0.0290667048694489,-0.0516804580167794,-0.03995521362709,-0.0124082357086321,-0.0482939513849632,0.011300799372711,-0.0050733233351261,-0.0170538520003701
2020-03-09,64.25437927246094,143.07493591308594,6.11203670501709,40.53333282470703,78.9366683959961,18.94122886657715,23.568742752075195,31.70918846130371,35.74686050415039,38.78899383544922,2746.56005859375,-0.0790919499671251,-0.0677723682767612,-0.077431874800089,-0.1357252572024996,-0.1354550686166136,-0.147024274267181,-0.0359794988201741,-0.122247934809352,-0.0005969227920842,-0.0182873310788468,-0.0759696974774509
2020-03-10,68.88207244873047,152.85894775390625,6.501507759094238,43.02199935913086,85.0698013305664,20.392263412475582,24.14818572998047,32.883331298828125,36.549312591552734,39.26838684082031,2882.22998046875,0.0720214439648774,0.0683838282252582,0.06372197564806,0.0613980238236631,0.0776968810464948,0.0766072019993837,0.0245852307015508,0.0370284732754129,0.0224481835910925,0.0123589956317189,0.0493963062815614
2020-03-11,66.48976135253906,145.93414306640625,6.137685775756836,42.28200149536133,81.06552124023438,19.58037567138672,22.458723068237305,31.80010032653809,34.913902282714844,38.0942268371582,2741.3798828125,-0.0347305330856881,-0.0453019256592589,-0.055959632260454,-0.0172004526705585,-0.0470705235900587,-0.0398135177379165,-0.0699623019565259,-0.0329416433647231,-0.04474530963452,-0.0299008973406961,-0.0488684451312739
2020-03-12,59.92359161376953,132.093994140625,5.386629104614258,37.369998931884766,74.3832778930664,17.71474838256836,20.957752227783203,28.164066314697266,31.746845245361328,35.57221221923828,2480.639892578125,-0.0987545992826576,-0.0948383197719768,-0.1223680550915732,-0.116172423011135,-0.0824301533492323,-0.0952804644879539,-0.0668324212331056,-0.1143403314613585,-0.0907104858032858,-0.0662046411573282,-0.0951126809783365
2020-03-13,67.10293579101562,150.87368774414062,5.997484683990479,36.44133377075195,87.78157043457031,20.867305755615234,22.83571052551269,28.876121520996094,34.8132209777832,37.63567352294922,2711.02001953125,0.1198083089464949,0.1421691707158394,0.1134021978333266,-0.0248505535904755,0.1801250619899452,0.1779623003931034,0.0896068565616461,0.0252824005717968,0.0965883604724446,0.0580076743890269,0.0928712497297183
2020-03-16,58.47034454345703,128.63633728027344,4.8908233642578125,29.67133331298828,74.64514923095703,17.654294967651367,21.069454193115234,26.126375198364254,32.573699951171875,35.426307678222656,2386.1298828125,-0.128646998015762,-0.1473905145182004,-0.1845209080211173,-0.1857780645558401,-0.1496489654785199,-0.1539734369924239,-0.0773462393659328,-0.0952256112592015,-0.0643296128226837,-0.0587040336445513,-0.1198405524039344
2020-03-17,61.041290283203125,139.2278289794922,5.4105377197265625,28.68000030517578,79.20699310302734,18.984405517578125,22.45174598693848,27.8837890625,36.38759231567383,37.73295211791992,2529.18994140625,0.0439700802145142,0.0823367014573959,0.1062631619998439,-0.033410463808802,0.061113735039308,0.0753420372982307,0.0656064357981769,0.0672658893854427,0.1170850216653003,0.0651110598555324,0.0599548497440243
2020-03-18,59.5469970703125,133.36688232421875,5.0506978034973145,24.08133316040039,70.86894989013672,17.95659065246582,22.591365814208984,25.088592529296875,37.40056991577149,37.739891052246094,2398.10009765625,-0.0244800397560045,-0.0420960859494313,-0.0665072373337846,-0.1603440409986845,-0.105269028481425,-0.0541399552469855,0.006218662341527,-0.1002445014534374,0.0278385442848145,0.0001838958771231,-0.0518307627291578
2020-03-19,59.09075164794922,135.56117248535156,5.303456783294678,28.50933265686035,72.06010437011719,18.31071662902832,21.23700714111328,26.080930709838867,36.60683441162109,37.25355529785156,2409.389892578125,-0.0076619383816206,0.0164530363377501,0.0500443680519437,0.1838768421567878,0.016807847185926,0.019721225672306,-0.0599502785371157,0.0395533619266685,-0.0212225510450227,-0.0128865171794285,0.0047078080405855
2020-03-20,55.339332580566406,130.46971130371094,5.123660564422607,28.50200080871582,70.53950500488281,16.98923110961914,20.252641677856445,24.80074119567871,34.92741775512695,35.98906707763672,2304.919921875,-0.0634857226006027,-0.0375584032528989,-0.0339017034019036,-0.0002571736151377,-0.0211018201892163,-0.0721700600900678,-0.0463514212109095,-0.0490852695558603,-0.0458771342424788,-0.0339427528488205,-0.0433595123084619
2020-03-23,54.163700103759766,129.16827392578125,5.296482086181641,28.952667236328125,66.76332092285156,15.615930557250977,19.88962173461914,23.82355690002441,35.02241516113281,34.953861236572266,2237.39990234375,-0.0212440667782735,-0.0099750153880555,0.0337300880075979,0.0158117470642444,-0.0535328973710527,-0.0808335906143871,-0.0179245724588223,-0.0394014149796686,0.0027198519705029,-0.0287644533499931,-0.0292938678218044
2020-03-24,59.597694396972656,140.90916442871094,6.205171585083008,33.66666793823242,74.70427703857422,18.16388511657715,20.734352111816406,26.84600067138672,35.25226593017578,34.73153305053711,2447.330078125,0.1003253891961433,0.090896085749941,0.1715647261929027,0.1628174932356298,0.1189418981254517,0.1631637993000088,0.0424709121404234,0.1268678637722318,0.0065629616914042,-0.0063606187748589,0.0938277397622755
2020-03-25,59.26939010620117,139.560302734375,6.116518497467041,35.95000076293945,77.49208068847656,18.224346160888672,20.76925277709961,28.247392654418945,33.526885986328125,34.69679641723633,2475.56005859375,-0.0055086743554992,-0.0095725618685246,-0.0142869679589658,0.0678217645089267,0.0373178586342899,0.0033286405371693,0.0016832291211701,0.0522011453469817,-0.0489438025704537,-0.0010001468478295,0.0115350114482219
2020-03-26,62.38832473754883,148.28990173339844,6.405884265899658,35.21066665649414,82.89024353027344,19.62355613708496,22.165512084960938,29.406381607055664,33.65559768676758,37.19797134399414,2630.070068359375,0.0526230255745676,0.0625507313181921,0.0473089010607012,-0.020565621439638,0.0696608323565068,0.0767769643883926,0.0672272287716031,0.0410299444913691,0.0038390592103287,0.0720866242716087,0.0624141633038768
2020-03-27,59.8052978515625,142.2010040283203,6.293572902679443,34.29066848754883,76.98518371582031,18.65620231628418,21.57210731506348,27.98983383178711,33.58205795288086,36.66300582885742,2541.469970703125,-0.0414024081725618,-0.041060771056582,-0.0175325308042294,-0.026128393930185,-0.0712395037456544,-0.0492955412384535,-0.0267715344280304,-0.0481714409544584,-0.0021850669410524,-0.0143815776992121,-0.0336873525622525
2020-03-30,61.51203155517578,152.20350646972656,6.613819122314453,33.47533416748047,78.98735046386719,19.03623390197754,22.807785034179688,28.406471252441406,35.301300048828125,38.052528381347656,2626.64990234375,0.0285381691075163,0.0703405894336315,0.0508846444757424,-0.0237771485955257,0.0260071698398172,0.0203702543127786,0.0572812707200538,0.0148853124015739,0.0511952572519391,0.0378998535738317,0.0335160094837001
2020-03-31,61.386497497558594,149.80975341796875,6.5642619132995605,34.93333435058594,76.05593872070312,18.33662796020508,22.786842346191406,28.762496948242188,34.82016372680664,37.32997512817383,2584.590087890625,-0.0020408049359349,-0.0157273186885081,-0.0074929791847029,0.0435544623934431,-0.0371124202286673,-0.036751278922864,-0.0009182254198246,0.0125332602081007,-0.0136294221843383,-0.01898831126102,-0.0160127219145556
2020-04-01,58.156517028808594,144.4903106689453,6.053017616271973,32.104000091552734,71.26599884033203,17.075607299804688,22.165512084960938,28.42918968200684,34.97951889038086,36.767215728759766,2470.5,-0.0526171161480333,-0.0355079868143312,-0.0778829826993615,-0.0809923905527714,-0.0629791698181647,-0.0687705865624319,-0.0272670627983836,-0.0115882590734431,0.0045765196517884,-0.0150752685337134,-0.0441424303316654
2020-04-02,59.12695693969727,147.48252868652344,6.36180591583252,30.29800033569336,73.92709350585938,17.766572952270508,22.947416305541992,30.60323905944824,36.36165618896485,38.38602828979492,2526.89990234375,0.0166866924029849,0.0207087797356451,0.0510139436453067,-0.0562546645498724,0.0373403124748086,0.0404650704560138,0.0352757119972684,0.0764724356113948,0.0395127589637622,0.0440286959169688,0.0228293472348715
2020-04-03,58.27721405029297,146.1241455078125,6.073934555053711,32.000667572021484,71.74198150634766,17.300172805786133,23.48497009277344,29.70180320739746,36.61602783203125,38.00391006469727,2488.64990234375,-0.0143714970867001,-0.0092104684589332,-0.0452499438975949,0.0561973469358718,-0.0295576614186587,-0.0262515538442528,0.0234254601944718,-0.0294555700558263,0.0069956011284104,-0.0099546173991446,-0.0151371251249494
2020-04-06,63.36117172241211,156.99107360839844,6.683794021606445,34.41600036621094,76.3597412109375,18.47482109069824,24.13423156738281,30.65626335144043,38.63560485839844,39.393436431884766,2663.679931640625,0.0872374864682397,0.0743677785955294,0.1004059989492827,0.0754775752334993,0.0643662135841796,0.0678980665741812,0.0276458293131551,0.0321347541554397,0.0551555465172681,0.0365627211732157,0.0703313186527505
2020-04-07,62.6273078918457,155.30020141601562,6.450457572937012,36.36333465576172,77.36695861816406,19.122604370117188,23.46402740478516,31.23954963684082,37.385250091552734,39.587982177734375,2659.409912109375,-0.0115822326294957,-0.0107704989431473,-0.0349107779077475,0.056582237006908,0.013190424577844,0.0350630339660011,-0.0277698571312055,0.0190266595349097,-0.0323627589480822,0.0049385319858041,-0.0016030527844311
2020-04-08,64.23023223876953,156.85809326171875,6.647685050964356,36.589332580566406,80.49097442626953,20.25406646728516,24.155168533325195,33.21664047241211,37.33927917480469,40.15769577026367,2749.97998046875,0.0255946551253967,0.0100314863181012,0.0305757344804211,0.0062149944977303,0.0403791988712352,0.0591688284330194,0.0294553495278941,0.0632880710047019,-0.0012296538510634,0.0143910742904629,0.0340564528796303
2020-04-09,64.69371032714844,156.8675537109375,6.548075675964356,38.20000076293945,87.71212768554688,21.471908569335938,24.706687927246094,32.67123031616211,37.3270149230957,40.33676528930664,2789.820068359375,0.0072158868530316,6.031215235391407e-05,-0.0149840695274139,0.0440201574824166,0.0897138258139984,0.0601282761670534,0.0228323554505531,-0.0164197868445783,-0.0003284544313661,0.0044591582163329,0.0144874101533765
2020-04-13,65.9635009765625,157.21902465820312,6.719902038574219,43.39666748046875,83.81134033203125,20.66001510620117,24.53215217590332,32.39094161987305,38.39962768554688,39.79603576660156,2761.6298828125,0.0196277295426847,0.0022405586047022,0.0262407417251719,0.1360383930298492,-0.0444726112163209,-0.0378118908485962,-0.0070643119732086,-0.0085790676866676,0.0287355622907716,-0.0134053764308271,-0.0101046608226074
2020-04-14,69.29486846923828,164.99876403808594,7.071025848388672,47.32600021362305,81.51526641845703,20.49590492248535,25.43972396850586,32.14097595214844,39.53353118896485,40.82833099365234,2846.06005859375,0.0505031940900082,0.0494834476730541,0.0522513286352834,0.0905445731500638,-0.027395742682052,-0.0079433719129545,0.0369951965932284,-0.0077171473018013,0.0295290233723999,0.0259396496953878,0.030572589146256
2020-04-15,68.66241455078125,163.2699737548828,6.993579864501953,48.65533447265625,77.49497985839844,19.165794372558597,25.11160659790039,30.663837432861328,39.45997619628906,39.97862243652344,2783.360107421875,-0.0091269950059548,-0.0104775953521935,-0.0109525810748333,0.0280888782705652,-0.0493194310305081,-0.0648964051578682,-0.0128978353307478,-0.0459581103413373,-0.0018605722904995,-0.0208117387228247,-0.0220304385294157
2020-04-16,69.20796203613281,168.17147827148438,7.338726043701172,49.68066787719727,74.54164123535156,18.500736236572266,25.048770904541016,29.65635299682617,40.55405426025391,40.49125289916992,2799.550048828125,0.0079453583000359,0.030020856890442,0.0493518606902758,0.0210734016250007,-0.0381100637543659,-0.0347002645994447,-0.0025022569987468,-0.0328557845455923,0.0277262727813742,0.0128226144725327,0.0058166894621645
2020-04-17,68.2689208984375,169.65328979492188,7.279457569122314,50.25933456420898,81.24212646484375,20.10723876953125,25.767837524414062,32.73940658569336,40.48968505859375,41.05304336547852,2874.56005859375,-0.01356839748012,0.008811312944787,-0.0080761257779513,0.0116477235862062,0.0898891561608716,0.0868345190383963,0.0287066627984804,0.1039592963166151,-0.0015872445513603,0.0138743660935252,0.0267935948482234
2020-04-20,66.85188293457031,166.29063415527344,7.148222923278809,49.75733184814453,78.2802505493164,19.433542251586918,25.18839836120605,31.194089889526367,39.79402923583984,40.82131576538086,2823.159912109375,-0.0207567066421818,-0.0198207511549775,-0.0180280803339207,-0.0099882483605728,-0.0364573903270374,-0.0335051732197656,-0.0224869146531607,-0.0472005102512234,-0.0171810628249444,-0.00564459004987,-0.0178810480340146
2020-04-21,64.78543853759766,159.413330078125,6.711435317993164,45.78133392333984,76.0097885131836,18.69074821472168,24.867259979248047,31.027437210083008,39.59789657592773,39.90137100219727,2736.56005859375,-0.0309107882420475,-0.0413571342251709,-0.0611043625770549,-0.0799077799617377,-0.0290042765601833,-0.0382222668028821,-0.0127494562120553,-0.0053424440345449,-0.0049286956781814,-0.0225358919950287,-0.0306747956940633
2020-04-22,66.65149688720703,164.8278045654297,7.125810623168945,48.80733489990234,76.25733184814453,18.828935623168945,25.307077407836918,31.913726806640625,40.327274322509766,40.72299957275391,2799.31005859375,0.0288036693388502,0.0339650045868258,0.061741682001293,0.0660968284941083,0.0032567296897294,0.0073933588350638,0.0176866059612479,0.0285647051851771,0.0184196083542842,0.0205914872075798,0.0229302477038437
2020-04-23,66.39319610595703,162.8329620361328,7.072518825531006,47.04199981689453,76.29998779296875,18.88940048217773,25.61425399780273,32.91361999511719,39.38950347900391,40.44210052490234,2797.800048828125,-0.0038753935517324,-0.0121025850860314,-0.0074786996815022,-0.0361694627790737,0.0005593684409148,0.0032112733411433,0.0121379717229097,0.0313311320402889,-0.0232540100778001,-0.0068977985609761,-0.0005394221197431
2020-04-24,68.30995178222656,165.8061981201172,7.211475372314453,48.34333419799805,77.42668914794922,19.157155990600582,26.095962524414062,33.125732421875,39.66837692260742,40.68085861206055,2836.739990234375,0.0288697605882775,0.0182594239323892,0.0196473915745305,0.0276632453162877,0.0147667304749463,0.0141749077042165,0.018806268051088,0.0064445183115464,0.0070798923310155,0.0059037014413034,0.0139180573045454
2020-04-27,68.35823059082031,165.33123779296875,7.397993087768555,53.25,80.76412963867188,20.27134132385254,26.759178161621094,33.28480529785156,39.31900405883789,40.59660339355469,2878.47998046875,0.0007067609818796,-0.0028645510996178,0.0258640161443468,0.1014962224555282,0.0431045228389577,0.0581602683508255,0.0254144922451724,0.0048020938511088,-0.0088073395201209,-0.0020711268488536,0.0147140698047996
2020-04-28,67.25019073486328,161.3036346435547,7.255553722381592,51.27466583251953,81.33601379394531,20.63410377502441,26.465961456298828,34.06502914428711,39.22706604003906,40.610633850097656,2863.389892578125,-0.0162093115398137,-0.0243608116843443,-0.0192537846003755,-0.0370954773235768,0.0070809177023509,0.0178953353592354,-0.0109576125078013,0.0234408415327551,-0.0023382590937769,0.0003456066609059,-0.0052423806984989
2020-04-29,69.45906066894531,168.54188537597656,7.432358741760254,53.367332458496094,83.52965545654297,21.402809143066406,26.612573623657227,35.95122528076172,37.87864303588867,40.81429290771485,2939.510009765625,0.0328455564206588,0.0448734509201655,0.0243682324111613,0.0408128769246769,0.0269701152081902,0.0372541195112354,0.0055396501502689,0.0553704542123056,-0.0343748115847882,0.0050149194511206,0.026583916282167
2020-04-30,70.92435455322266,170.23275756835938,7.278463840484619,52.12533187866211,81.73717498779297,20.772294998168945,26.78013229370117,35.201297760009766,37.25038528442383,40.34377670288086,2912.429931640625,0.0210957918256511,0.0100323559844539,-0.0207060647397095,-0.0232726749233698,-0.0214592106115241,-0.0294594107101927,0.0062962219443138,-0.0208595816942366,-0.0165860680613503,-0.0115282213977803,-0.0092124463039876
2020-05-01,69.78251647949219,165.8251953125,7.041889667510986,46.75466537475586,79.59473419189453,19.93449592590332,26.27746963500977,32.67879867553711,37.67024612426758,39.90839385986328,2830.7099609375,-0.016099379133209,-0.0258913872912471,-0.0325033108851552,-0.1030337133662409,-0.0262113389191441,-0.0403325233123964,-0.018769984150139,-0.0716592638620934,0.0112713153605772,-0.010791821653784,-0.0280590340784921
2020-05-04,70.76985168457031,169.8813018798828,7.253808975219727,50.74599838256836,78.64728546142578,19.8049373626709,26.26350975036621,33.99686813354492,37.9092903137207,39.49407196044922,2842.739990234375,0.0141487474927661,0.0244601344188921,0.030094096572752,0.085367587936316,-0.0119034096927135,-0.0064992144127442,-0.0005312491970291,0.0403340854446556,0.0063457028835054,-0.0103818234547082,0.0042498275919764
2020-05-05,71.83203125,171.70513916015625,7.314820289611816,51.2140007019043,78.52779388427734,19.57173538208008,26.884849548339844,33.958984375,38.22493743896485,39.68367767333984,2868.43994140625,0.0150089273913409,0.0107359506908124,0.0084109348068739,0.0092224477644073,-0.0015193350469425,-0.0117749415875642,0.0236579118282151,-0.0011143308376556,0.0083263791706991,0.0048008651293414,0.0090405563857973
2020-05-06,72.57315063476562,173.3959503173828,7.415674209594727,52.172000885009766,77.0511245727539,19.30398941040039,26.884849548339844,33.32268142700195,37.78669738769531,39.07273483276367,2848.419921875,0.0103173942302463,0.0098471785148461,0.013787614184608,0.0187058259455572,-0.0188044160988342,-0.0136802366500846,0.0,-0.0187373962946454,-0.0114647683065353,-0.0153953180853145,-0.0069794103903862
2020-05-07,73.32390594482422,174.40286254882812,7.591983795166016,52.00266647338867,77.85347747802734,19.727203369140625,26.05989646911621,33.51205825805664,37.51891326904297,39.03059387207031,2881.18994140625,0.0103448080108423,0.0058070112341277,0.0237752604265129,-0.003245695176505,0.0104132536640115,0.0219236526576325,-0.0306846827519097,0.0056831210138219,-0.0070867299119806,-0.001078526007297,0.0115046307883139
2020-05-08,75.06912231445312,175.42874145507812,7.78198766708374,54.62799835205078,79.12530517578125,20.357711791992188,26.243221282958984,34.98162078857422,37.84211349487305,40.027774810791016,2929.800048828125,0.0238014648447966,0.0058822366287869,0.0250269069381712,0.0504845627484422,0.016336170701082,0.0319613688292923,0.0070347483559665,0.0438517538732279,0.0086143280193766,0.0255487001296761,0.0168715386387019
2020-05-11,76.25035858154297,177.3855438232422,8.034000396728516,54.08599853515625,76.7950668334961,19.50263977050781,26.86369514465332,34.648319244384766,38.06681060791016,39.6064453125,2930.18994140625,0.0157353147428822,0.0111544000825265,0.0323841080744369,-0.0099216488475673,-0.0294499760488556,-0.0420023640289831,0.0236432050396664,-0.0095279045589081,0.0059377527385608,-0.0105259285654177,0.0001330782209116
2020-05-12,75.37898254394531,173.36744689941406,7.772029876708984,53.96066665649414,74.28556060791016,18.88940048217773,26.34193229675293,34.06917190551758,38.100677490234375,38.946319580078125,2870.1201171875,-0.0114278287185468,-0.0226517721637564,-0.0326077305306341,-0.0023172703112921,-0.0326779613464878,-0.03144391198044,-0.019422601585182,-0.0167150197036194,0.0008896695515956,-0.0166671289789678,-0.0205003175288771
2020-05-13,74.4688491821289,170.74571228027344,7.7496161460876465,52.73066711425781,71.72489929199219,18.02568817138672,26.12335586547852,32.37806701660156,38.07911682128906,38.517948150634766,2820.0,-0.0120740998498594,-0.0151224158054408,-0.0028838966109107,-0.0227943726134135,-0.0344705121017192,-0.0457247074413997,-0.0082976612653944,-0.0496373934067395,-0.0005658867601721,-0.0109990220914861,-0.017462724604228
2020-05-14,74.92633056640625,171.4866180419922,7.999136447906494,53.55533218383789,74.70381927490234,18.751205444335938,26.73677635192871,32.66377639770508,37.98984909057617,38.56009292602539,2852.5,0.0061432584134404,0.0043392349466591,0.0321977627169078,0.0156391928020402,0.0415325781188338,0.0402490748786432,0.0234816877896155,0.008824164239237,-0.0023442699874536,0.0010941594091617,0.0115248226950355
2020-05-15,74.48335266113281,173.9849090576172,8.457589149475098,53.27799987792969,73.32105255126953,18.518007278442383,26.62396240234375,32.43212890625,38.765533447265625,38.41965103149414,2863.699951171875,-0.0059121793623782,0.01456843131056,0.0573127742668508,-0.0051784256506188,-0.0185099870000537,-0.0124364359713201,-0.0042194297509925,-0.0070918772108466,0.020418200526147,-0.0036421565373474,0.0039263632504382
2020-05-18,76.23827362060547,175.64723205566406,8.716075897216797,54.242000579833984,77.20476531982422,19.8049373626709,26.8425407409668,35.01124572753906,39.29498291015625,39.12890625,2953.909912109375,0.0235612508939653,0.0095544090981842,0.030562698562597,0.0180937855045799,0.0529685899672405,0.0694961431258689,0.0082098350095254,0.0795235128950182,0.0136577370619923,0.0184607407788388,0.0315011916316807
2020-05-19,75.79771423339844,174.43133544921875,8.771108627319336,53.867332458496094,75.68543243408203,19.18305969238281,26.567556381225582,33.930179595947266,38.46080780029297,38.18790435791016,2922.93994140625,-0.0057787167295976,-0.0069223784070789,0.006313934246501,-0.0069073433378705,-0.0196792630538837,-0.0314001331536765,-0.010244349161834,-0.0308776825596198,-0.0212285398309125,-0.0240487655360884,-0.0104843991944931
2020-05-20,77.27186584472656,176.85081481933594,8.934965133666992,54.37066650390625,77.95591735839844,19.78766822814941,26.532306671142575,35.0344123840332,38.61470031738281,38.1036376953125,2971.610107421875,0.0194484969136257,0.0138706693031169,0.0186813906097678,0.009343957133908,0.029998968775053,0.0315178363338293,-0.0013267953430567,0.0325442659377444,0.0040012814574494,-0.0022066322835598,0.0166511002590801
2020-05-21,76.69574737548828,174.72662353515625,8.740979194641113,55.17333221435547,76.96577453613281,19.779024124145508,26.27142143249512,34.408935546875,38.47311782836914,37.89998626708984,2948.510009765625,-0.0074557338940922,-0.012011204394787,-0.0217108781202669,0.014762844784909,-0.0127013170496537,-0.0004368429824189,-0.0098327387015769,-0.0178532133007391,-0.0036665437734845,-0.0053446715468774,-0.0077735964077371
2020-05-22,77.1895523071289,174.80282592773438,8.990996360778809,54.45866775512695,76.36827087402344,19.57173538208008,26.44063949584961,34.439823150634766,38.26996612548828,37.99128341674805,2955.449951171875,0.0064384916835484,0.000436123534218,0.0286028785300136,-0.012953077701596,-0.00776323847464,-0.0104802310146523,0.0064411460867961,0.0008976622865211,-0.0052803545526809,0.0024088966421997,0.0023537113264884
2020-05-26,76.66670227050781,172.95489501953125,8.683701515197754,54.5913314819336,81.78839874267578,20.9709529876709,26.4335880279541,35.45140075683594,38.12528610229492,38.1317253112793,2991.77001953125,-0.0067735855565106,-0.0105715162120266,-0.0341780636150137,0.0024360442933193,0.0709735575602248,0.0714917496213414,-0.0002666905199707,0.029372322900053,-0.0037805108768309,0.003696687289836,0.0122891840360801
2020-05-27,77.00074768066406,173.18350219726562,8.49195671081543,54.68199920654297,86.52567291259766,22.43926048278809,26.37718391418457,35.70621871948242,37.70050811767578,38.72160339355469,3036.1298828125,0.0043571120220824,0.0013217733890016,-0.0220809989895142,0.001660844719264,0.0579211018035257,0.0700162503812025,-0.0021338046772115,0.0071878108398113,-0.0111416340189397,0.015469483152416,0.0148272972159138
2020-05-28,77.03461456298828,172.79293823242188,8.45385456085205,53.72066879272461,85.2367935180664,21.471908569335938,26.92009735107422,34.77958679199219,38.07296752929688,39.12890625,3029.72998046875,0.000439825369809,-0.0022552030643131,-0.0044868516480838,-0.0175803816204168,-0.0148959187619747,-0.0431097947365134,0.0205826914145179,-0.0259515557995682,0.0098794268358011,0.0105187497610987,-0.0021079145460738
2020-05-29,76.95958709716797,174.55517578125,8.840835571289062,55.66666793823242,83.06021881103516,20.8327579498291,26.927146911621094,35.11164093017578,38.18685531616211,40.29463195800781,3044.31005859375,-0.0009739448460401,0.0101985507443467,0.0457756881966051,0.0362244028088376,-0.0255356239623198,-0.0297668284793093,0.0002618698013956,0.0095473859470938,0.0029913031280681,0.0297919318408705,0.0048123358249714
2020-06-01,77.9060287475586,174.1550750732422,8.77185344696045,59.87333297729492,84.16130065917969,21.2559757232666,25.00226783752441,35.73711395263672,38.15607833862305,39.17103576660156,3055.72998046875,0.0122979044728457,-0.002292115981191,-0.0078026702083041,0.07556883131087,0.0132564284552334,0.0203150141933545,-0.0714847020523349,0.0178138362631576,-0.000805957371568,-0.0278845130680727,0.0037512348135377
2020-06-02,78.2667007446289,176.1364288330078,8.79078197479248,58.77066802978516,84.44297790527344,21.454633712768555,25.495824813842773,36.532474517822266,38.1499137878418,39.6064453125,3080.820068359375,0.0046295774905817,0.0113769510244381,0.0021578709615344,-0.0184166287841017,0.0033468737280384,0.0093459830820423,0.0197404883239276,0.0222558700806019,-0.0001615614352854,0.0111155995080856,0.0082108327800534
2020-06-03,78.69754791259766,176.5650634765625,8.735251426696777,58.86399841308594,89.0009994506836,22.447900772094727,25.495824813842773,38.02280044555664,38.00524139404297,39.90839385986328,3122.8701171875,0.0055048592041018,0.0024335377207009,-0.0063169065340189,0.001588043601163,0.053977508355085,0.0462961555356238,0.0,0.0407945518994976,-0.0037922076207924,0.0076237224770077,0.013648979133831
2020-06-04,78.01982116699219,174.24085998535156,8.736248016357422,57.62533187866211,90.8532485961914,23.29154396057129,25.39006233215332,37.91469955444336,37.58663558959961,40.18227005004883,3112.35009765625,-0.0086117898661615,-0.013163439275287,0.0001140882628287,-0.021042854169221,0.0208115544425337,0.0375822753780747,-0.0041482275024117,-0.0028430544264635,-0.0110144229871664,0.0068626212106468,-0.0033687022311144
2020-06-05,80.24191284179688,178.31773376464844,8.889216423034668,59.04399871826172,94.94178771972656,24.44829750061035,25.37596702575684,40.9880256652832,37.41733551025391,40.54744338989258,3193.929931640625,0.028481117254147,0.0233979204397845,0.0175096227111264,0.0246188055382796,0.0450015732701774,0.0496640987818262,-0.0005551505235428,0.0810589599009408,-0.0045042626638427,0.0090879220957131,0.0262116508183987
2020-06-08,80.71631622314453,179.42274475097656,8.774614334106445,63.32799911499024,96.8367156982422,24.822284698486328,25.79901123046875,42.26987075805664,37.3188362121582,40.7932243347168,3232.389892578125,0.0059121644106736,0.0061968653537654,-0.0128922599556979,0.0725560681818036,0.0199588402960093,0.0152970650764798,0.0166710574727069,0.0312736481440032,-0.0026324508881375,0.0060615645346824,0.0120415794211692
2020-06-09,83.26520538330078,180.7944183349609,9.014782905578612,62.711334228515625,94.35283660888672,24.54396247863769,25.53108024597168,41.32778549194336,37.35269546508789,40.6317024230957,3207.179931640625,0.0315783633275545,0.0076449258754129,0.0273708407375403,-0.0097376341443361,-0.0256501789785562,-0.0112125947804316,-0.0103853198908895,-0.0222873940520321,0.0009072965924552,-0.0039595279425762,-0.0077991708226116
2020-06-10,85.40736389160156,187.5003662109375,9.33442497253418,68.336669921875,90.52889251708984,23.134994506835938,25.32661247253418,39.111595153808594,37.29420471191406,40.76511764526367,3190.139892578125,0.0257269347795352,0.0370915647603256,0.0354575446024068,0.0897020572526978,-0.0405281306766426,-0.0574058884350102,-0.0080085829298101,-0.0536247057942845,-0.001565904480133,0.0032835252822716,-0.0053130910724373
2020-06-11,81.30695343017578,177.43190002441406,8.76589584350586,64.85600280761719,82.974853515625,20.81279563903809,23.47929000854492,35.659889221191406,36.96484756469727,39.641544342041016,3002.10009765625,-0.0480100342006808,-0.0536983814484737,-0.0609067115222601,-0.0509341048991272,-0.0834434045466623,-0.1003760284927529,-0.072939974344876,-0.0882527526438938,-0.0088313224470388,-0.0275621258596613,-0.0589440592744382
2020-06-12,82.0089111328125,178.83213806152344,8.901674270629883,62.35200119018555,85.24531555175781,21.55207252502441,23.79657745361328,36.42435836791992,36.24150085449219,39.69772338867188,3041.31005859375,0.0086334276838886,0.0078916927391112,0.0154893954420658,-0.0386086331107897,0.027363254527533,0.0355203067770326,0.013513502535762,0.0214377880420957,-0.0195685024519324,0.0014171760349732,0.0130608439632347
2020-06-15,83.02311706542969,179.97518920898438,9.14209270477295,66.05999755859375,86.42325592041016,21.873878479003903,23.521595001220703,36.40119552612305,36.34615707397461,39.43087005615234,3066.590087890625,0.0123670210786568,0.0063917546356666,0.0270082264115527,0.0594687627923617,0.0138182416362473,0.0149315548936577,-0.0115555462935206,-0.0006359162613904,0.002887745182039,-0.0067221318942358,0.0083122170412852
2020-06-16,85.22341918945312,184.38552856445312,9.03720474243164,65.47533416748047,87.1146240234375,22.43920135498047,23.5497989654541,37.2197265625,36.82941436767578,39.97159957885742,3124.739990234375,0.0265022827592633,0.0245052630579403,-0.0114730801500785,-0.0088504906557814,0.0079997923668144,0.0258446565166394,0.0011990668248447,0.0224863778385944,0.0132959666882417,0.0137133550929777,0.0189623981938025
2020-06-17,85.10480499267578,185.0237274169922,9.204126358032228,66.11933135986328,84.9124526977539,21.743417739868164,23.6626091003418,36.00737380981445,36.63857650756836,39.781986236572266,3113.489990234375,-0.001391802839002,0.0034612198555266,0.0184704917458442,0.0098357221169047,-0.025279008551895,-0.0310075035249804,0.0047902801655836,-0.032572854898591,-0.0051816696894022,-0.0047437016352342,-0.003600299556174
2020-06-18,85.13867950439453,187.0050506591797,9.18618869781494,66.9306640625,84.45152282714844,21.7782039642334,23.43698501586914,36.2313117980957,36.318450927734375,39.95052719116211,3115.340087890625,0.0003980328927568,0.010708481932818,-0.0019488715734149,0.012270733625858,-0.0054282953319715,0.0015998508045702,-0.0095350467700284,0.006219225802583,-0.0087373913057964,0.0042366148735655,0.0005942198825281
2020-06-19,84.65217590332031,185.8905487060547,9.229291915893556,66.72666931152344,83.48701477050781,21.960845947265625,23.563899993896484,35.50544738769531,36.8909797668457,39.43789291381836,3097.739990234375,-0.0057142488456037,-0.0059597425267202,0.0046921764288239,-0.0030478518902198,-0.0114208486046455,0.0083864575486656,0.0054151580479062,-0.0200341741542612,0.0157641315773773,-0.0128317274736028,-0.0056494948094629
2020-06-22,86.86700439453125,191.05337524414065,9.49387264251709,66.28800201416016,82.58222961425781,21.412918090820312,23.34531784057617,35.845218658447266,37.45427322387695,39.08676910400391,3117.860107421875,0.026163869594332,0.0277734751660228,0.0286675000676817,-0.0065740925163715,-0.0108374357226342,-0.024950216296815,-0.0092761450089727,0.0095695532869051,0.0152691378920082,-0.0089032091694588,0.0064950955376916
2020-06-23,88.72115325927734,192.3298492431641,9.417390823364258,66.78533172607422,83.58941650390625,21.56077003479004,23.105592727661133,36.06142807006836,37.26650619506836,38.581153869628906,3131.2900390625,0.0213446852193146,0.0066812428589251,-0.0080559137490762,0.0075025599927995,0.0121961697371579,0.0069048012672832,-0.010268659204047,0.0060317503899545,-0.0050132338087631,-0.012935713182884,0.0043074195691641
2020-06-24,87.15504455566406,188.452880859375,9.203628540039062,64.0566635131836,80.79827117919922,20.70842170715332,22.69664764404297,34.36260223388672,37.02949142456055,37.87189865112305,3050.330078125,-0.0176520327574699,-0.0201579130802905,-0.0226986739039074,-0.0408572981876094,-0.0333911330099617,-0.0395323694961444,-0.0176989652868152,-0.0471092224323665,-0.0063599943946228,-0.0183834630996919,-0.0258551459390645
2020-06-25,88.31207275390625,190.83428955078125,9.45725154876709,65.73200225830078,83.61503601074219,21.49988555908203,22.78830909729004,34.879974365234375,36.84788131713867,38.11767959594727,3083.760009765625,0.0132755161120159,0.012636626622775,0.0275568497386304,0.0261540119830372,0.0348616967966526,0.0382194192836682,0.0040385458982585,0.0150562558628766,-0.0049044720960282,0.0064897972792008,0.0109594472678098
2020-06-26,85.59862518310547,187.0145568847656,9.123407363891602,63.982666015625,79.03138732910156,20.1343994140625,22.590879440307617,33.68307113647461,36.42002487182617,37.33116912841797,3009.050048828125,-0.0307256696189452,-0.0200159660772034,-0.0353003389149578,-0.0266131592310482,-0.0548184740487555,-0.0635113215494637,-0.0086636378390136,-0.0343149113650939,-0.0116114259495699,-0.0206337446525188,-0.0242269050447859
2020-06-29,87.5713882446289,189.0244598388672,9.168251991271973,67.29000091552734,79.38136291503906,20.343137741088867,23.01393318176269,34.22360610961914,36.6478157043457,38.40559768676758,3053.239990234375,0.0230466675989651,0.0107473075229114,0.0049153376136481,0.0516911080118898,0.0044283113047243,0.01036724874349,0.0187267495527527,0.0160476748380344,0.0062545490652794,0.0287810048127239,0.0146856784331186
2020-06-30,88.3023681640625,193.85389709472656,9.464972496032717,71.98733520507812,80.28612518310547,20.65624046325684,23.05624008178711,34.53248977661133,36.86943435668945,38.71458435058594,3100.2900390625,0.008347245990798,0.0255492715597558,0.0323639124495287,0.0698073149894527,0.0113976660873758,0.0153910732037945,0.0018383168009692,0.0090254564642553,0.006047254060969,0.0080453549073347,0.0154098757315546
2020-07-01,88.13536071777344,194.9874267578125,9.497111320495604,74.64199829101562,79.60327911376953,20.230070114135746,23.789525985717773,33.7525749206543,36.84172439575195,38.39155197143555,3115.860107421875,-0.0018913133335084,0.0058473400848477,0.0033955539201364,0.0368768072658178,-0.008505156622998,-0.0206315544147136,0.0318042274598757,-0.0225849587157559,-0.0007515700042866,-0.0083439454295859,0.0050221328208643
2020-07-02,88.13536071777344,196.4734039306641,9.57908058166504,80.57733154296875,79.86185455322266,20.25616836547852,24.33244514465332,34.03828811645508,36.6939697265625,38.4758186340332,3130.010009765625,0.0,0.0076208871390321,0.0086309677125233,0.0795173412803385,0.0032483013555706,0.001290072214062,0.0228217728785975,0.0084649303489419,-0.0040105253381269,0.0021949272241026,0.004541250844364
2020-07-06,90.49300384521484,200.70274353027344,9.805294036865234,91.43866729736328,81.8786392211914,20.57796669006348,24.33244514465332,34.27766418457031,36.59548568725586,38.79182815551758,3179.719970703125,0.026750252205707,0.0215262702991692,0.0236153619621053,0.1347939370342961,0.0252534164057596,0.0158864361106607,0.0,0.0070325530854036,-0.0026839298130054,0.0082131981255586,0.0158817258674588
2020-07-07,90.2122039794922,198.3690185546875,9.837682723999023,92.65733337402344,79.56881713867188,20.012636184692383,23.994001388549805,33.3896369934082,39.0764274597168,38.65139389038086,3145.320068359375,-0.003103000826483,-0.0116277681836168,0.0033031836691501,0.0133276885225916,-0.0282103135138781,-0.0274726125222118,-0.0139091552078515,-0.0259068758705514,0.0677936561264143,-0.0036202022903821,-0.0108185320281971
2020-07-08,92.31328582763672,202.7317047119141,10.180744171142578,91.05867004394533,80.4134750366211,20.09091567993164,23.79657745361328,33.31242370605469,38.3038215637207,38.8901481628418,3169.93994140625,0.0232904391585659,0.021992779865591,0.0348721804482123,-0.0172535003098448,0.0106154386645858,0.0039115034379695,-0.0082280538264341,-0.0023124925667433,-0.019771661490615,0.0061771193333433,0.0078274619154155
2020-07-09,92.71025848388672,204.15098571777344,10.472734451293944,92.9520034790039,78.67243957519531,19.80390739440918,23.59210205078125,31.93791961669922,39.32266998291016,38.30428695678711,3152.050048828125,0.0043002765278143,0.0070007846472566,0.0286806421262419,0.0207924564914558,-0.0216510412046351,-0.0142854755898033,-0.0085926391402552,-0.0412610052478903,0.0265991323475267,-0.0150645146323833,-0.0056436061593611
2020-07-10,92.8724365234375,203.5318298339844,10.44308853149414,102.97666931152344,82.97323608398438,20.891075134277344,23.852983474731445,32.93405532836914,40.22455596923828,38.694862365722656,3185.0400390625,0.0017492998315711,-0.0030328331828138,-0.0028307716516329,0.1078477650541864,0.0546671303446533,0.0548966281358738,0.0110579982821648,0.0311897494772663,0.0229355226061729,0.010196650034921,0.0104662012732443
2020-07-13,92.4439697265625,197.24497985839844,10.017560958862305,99.8040008544922,84.16262817382812,21.038928985595703,24.82599449157715,32.94176483154297,39.867488861083984,38.66645431518555,3155.219970703125,-0.0046134979646719,-0.0308887802989537,-0.0407472915075396,-0.0308095851054701,0.014334647483676,0.0070773691812426,0.0407920048188712,0.000234089094008,-0.0088768439961739,-0.0007341556165418,-0.0093625411277882
2020-07-14,93.97380065917967,198.46420288085935,10.34118938446045,101.12000274658205,84.64527893066406,20.995437622070312,24.840097427368164,34.03055953979492,40.63394165039063,39.369476318359375,3197.52001953125,0.0165487368958971,0.006181262627501,0.0323061099330608,0.0131858630999019,0.0057347396024642,-0.0020671852428973,0.0005680713332874,0.0330521061582405,0.0192250079250617,0.0181817033815208,0.0134063707826679
2020-07-15,94.62007904052734,198.16896057128903,10.19195556640625,103.06732940673828,85.95535278320312,21.395523071289062,25.18558883666992,34.46299743652344,40.63086700439453,39.09964370727539,3226.56005859375,0.0068772187228178,-0.0014876350761731,-0.0144310110284268,0.0192575811636046,0.015477222936582,0.0190558280527661,0.0139086173197171,0.0127073401841315,-7.566693929317303e-05,-0.0068538531958616,0.009082050740923
2020-07-16,93.45579528808594,194.2444610595703,10.09977912902832,100.04266357421876,86.1966781616211,20.81279563903809,25.10098648071289,34.192718505859375,40.69243621826172,39.61092758178711,3215.570068359375,-0.0123048275191434,-0.0198038053003105,-0.0090440383866814,-0.0293465043668995,0.0028075666099194,-0.0272359516665868,-0.0033591573540598,-0.0078425833725543,0.0015153310378666,0.0130764330831123,-0.0034061012455366
2020-07-17,93.26697540283205,193.25376892089844,10.166295051574709,100.05599975585938,84.60218811035156,20.19528579711914,25.55928421020508,33.60586166381836,40.55083465576172,39.98019027709961,3224.72998046875,-0.002020419222498,-0.0051002336605523,0.0065858789283035,0.0001333049437524,-0.0184982772570402,-0.0296697210998747,0.0182581561025236,-0.0171632109900957,-0.0034798005639301,0.0093222430742139,0.0028486121946174
2020-07-20,95.23247528076172,201.56005859375,10.474479675292969,109.53333282470705,83.86097717285156,20.508390426635746,25.735559463500977,32.81822204589844,40.46773147583008,39.67483901977539,3251.840087890625,0.0210739103465125,0.0429812557821391,0.0303143497365367,0.0947202875586945,-0.0087611319997208,0.01550384741578,0.0068967210445398,-0.0234375665114378,-0.0020493580622226,-0.0076375638837097,0.0084069387471426
2020-07-21,93.91810607910156,198.84527587890625,10.292856216430664,104.55733489990234,85.6795654296875,21.23896598815918,25.86952209472656,34.47843551635742,40.73244094848633,39.65353012084961,3257.300048828125,-0.0138016910490372,-0.0134688525781562,-0.0173396163334695,-0.0454290743875026,0.0216857508479482,0.0356232520605119,0.0052053514288497,0.0505881600818309,0.0065412481254194,-0.0005370884785483,0.0016790373419135
2020-07-22,94.18194580078124,201.7029266357422,10.402728080749512,106.15533447265624,85.05899047851562,21.143293380737305,27.18803596496582,33.67535400390625,40.83401870727539,39.589630126953125,3276.02001953125,0.0028092530045,0.0143712278011383,0.0106745748710117,0.0152834765182541,-0.0072429750087976,-0.0045045793413489,0.0509678480109239,-0.0232922840153281,0.002493780299529,-0.001611457887904,0.0057470820687397
2020-07-23,89.89511108398438,192.9298858642578,10.094791412353516,100.87133026123048,85.30892181396484,21.343339920043945,27.082263946533203,33.744842529296875,40.520057678222656,39.6606330871582,3235.659912109375,-0.0455165231547095,-0.0434948610702496,-0.02960153009919,-0.0497761533857427,0.0029383294351741,0.0094614654256699,-0.0038903883520278,0.0020634831450492,-0.007688712475336,0.0017934736944344,-0.012319859824193
2020-07-24,89.67242431640625,191.74876403808597,10.159319877624512,94.46666717529295,84.70560455322266,21.17808532714844,26.55345726013184,33.536354064941406,40.39692687988281,40.37076568603516,3215.6298828125,-0.0024771844085056,-0.0061220262525986,0.0063922534537987,-0.0634933937061315,-0.0070721472961275,-0.0077426772714381,-0.0195259409422104,-0.0061783801235539,-0.0030387616749623,0.0179052260037395,-0.0061904000546884
2020-07-27,91.79767608642578,194.1777801513672,10.385536193847656,102.63999938964844,83.51622009277344,20.995437622070312,26.468843460083008,34.03055953979492,40.38768768310547,40.38496398925781,3239.409912109375,0.0237001707740236,0.0126677015388676,0.0222668760259607,0.0865208063198523,-0.0140413903746109,-0.0086243728956928,-0.0031865455115659,0.014736410341342,-0.0002287103869266,0.0003516976450996,0.0073951387950395
2020-07-28,90.28968048095705,192.4345703125,10.18024444580078,98.43267059326172,83.87821197509766,21.186786651611328,27.512361526489254,33.6290283203125,40.55699157714844,40.81814193725586,3218.43994140625,-0.0164273832384274,-0.0089773909121234,-0.019767082239672,-0.0409911225779979,0.0043343901570509,0.0091138385865257,0.0394243922285439,-0.0117991365676157,0.0041919679921114,0.0107262185033338,-0.0064733921522979
2020-07-29,92.0203857421875,194.3778076171875,10.429383277893066,99.94066619873048,85.91224670410156,21.97824478149414,27.68158721923828,33.99966812133789,40.22763442993164,40.79682922363281,3258.43994140625,0.0191683617885376,0.0100981715579058,0.0244727750319446,0.0153200720490458,0.0242498579918202,0.0373562137051406,0.0061508966646173,0.0110214246303845,-0.0081208475877774,-0.0005221382603796,0.01242838167815
2020-07-30,93.13384246826172,194.22540283203125,10.57737159729004,99.16600036621094,83.61964416503906,21.60426139831543,27.581911087036133,32.33174514770508,40.05217742919922,40.69030380249024,3246.219970703125,0.0121001093083197,-0.0007840647398205,0.0141895561275096,-0.0077512574408813,-0.0266853984968949,-0.0170160714332205,-0.0036008098600962,-0.0490570369004877,-0.0043616037387937,-0.0026111201083456,-0.0037502519373892
2020-07-31,102.88390350341795,195.28273010253903,10.578118324279783,95.38400268554688,83.29212188720703,21.63904571533203,27.39679718017578,32.49388885498047,39.83055877685547,40.81814193725586,3271.1201171875,0.1046887015155513,0.0054438155621805,7.059664897601792e-05,-0.0381380479871881,-0.0039168102316436,0.0016100674017633,-0.0067114242474429,0.0050150001657705,-0.0055332485414933,0.0031417345858644,0.0076705049901413
2020-08-03,105.47632598876952,206.265625,10.97225570678711,99.0,82.82672882080078,21.734712600708008,27.304243087768555,32.625179290771484,39.799781799316406,40.64771270751953,3294.610107421875,0.0251975517750979,0.056240994232793,0.0372596874439066,0.0379098927770311,-0.0055874800144541,0.0044210306976797,-0.0033782814756974,0.0040404654665053,-0.000772697609177,-0.0041753304204367,0.0071810234393261
2020-08-04,106.18071746826172,203.1698303222656,11.189002990722656,99.13333129882812,82.35265350341797,21.752111434936523,27.33272171020508,33.56725311279297,40.520057678222656,41.12350082397461,3306.510009765625,0.0066781950631007,-0.0150087765604879,0.0197541225548976,0.0013467807962437,-0.0057236996333454,0.0008005090542557,0.0010430108736207,0.0288756672760404,0.0180974831102873,0.0117051633354774,0.0036119303819721
2020-08-05,106.56558990478516,202.8364715576172,11.247802734375,99.00133514404295,83.78337860107422,22.082612991333008,27.37544250488281,33.860679626464844,39.95676803588867,40.86074447631836,3327.77001953125,0.0036246923707072,-0.0016407887141492,0.0052551370038149,-0.0013315012524625,0.0173731511589589,0.0151939988623659,0.00156299087704,0.0087414514582382,-0.0139015014935854,-0.0063894450227123,0.0064297430531994
2020-08-06,110.28358459472656,206.08468627929688,11.296380996704102,99.30533599853516,83.80925750732422,22.152189254760746,27.247283935546875,33.69852066040039,39.81517028808594,41.06668472290039,3349.159912109375,0.0348892610950999,0.0160139579274676,0.0043189112999499,0.003070674289896,0.0003088787618987,0.0031507260239105,-0.0046815158992616,-0.004789005059949,-0.0035437738026147,0.0050400512575434,0.0064276955596642
2020-08-07,107.77619171142578,202.3982696533203,11.160850524902344,96.84733581542967,85.6536636352539,22.70882225036621,27.37544250488281,33.5440788269043,40.00601577758789,41.56377410888672,3351.280029296875,-0.0227358667431334,-0.0178878726630883,-0.0119976895114728,-0.0247519446804121,0.0220071884990569,0.0251276742539494,0.0047035355758426,-0.0045830449072971,0.0047932857782868,0.0121044440119884,0.0006330295486443
2020-08-10,109.34271240234376,198.3690185546875,11.126471519470217,94.5713348388672,86.73965454101562,23.10020065307617,27.33272171020508,34.37032699584961,40.59392547607422,41.89043426513672,3360.469970703125,0.0145349419574258,-0.0199075372805032,-0.0030803212851403,-0.0235009146859759,0.0126788611212975,0.0172346411625836,-0.0015605517488934,0.0246317143841974,0.0146955323358064,0.0078592515538706,0.002742218294476
2020-08-11,106.09088134765624,193.7300262451172,10.812557220458984,91.6259994506836,89.4804458618164,23.413307189941406,26.905536651611328,34.72553634643555,40.07681655883789,41.549564361572266,3333.68994140625,-0.029739806003,-0.0233856695131624,-0.0282132838305398,-0.0311440606522255,0.0315979045028911,0.0135542777990347,-0.0156290713790956,0.0103347678545167,-0.0127385787694049,-0.0081371776049632,-0.0079691321542361
2020-08-12,109.6167221069336,199.26438903808597,11.400771141052246,103.65066528320312,88.72198486328125,23.248056411743164,27.290002822875977,34.7176628112793,40.59701156616211,41.61348342895508,3380.35009765625,0.0332341546652186,0.0285673981480105,0.0544009995600551,0.1312363947417745,-0.0084762764783988,-0.007057985309706,0.0142894816127603,-0.0002267361712631,0.0129799483090307,0.0015383811687308,0.0139965494902376
2020-08-13,111.5566635131836,198.79759216308597,11.403509140014648,108.06666564941406,88.23069763183594,22.917558670043945,27.17608642578125,33.86724853515625,40.75154113769531,41.55666732788086,3373.429931640625,0.0176974951354369,-0.0023426005883608,0.0002401591022684,0.0426046504780761,-0.005537378725266,-0.0142161450336242,-0.0041742904108179,-0.024495147635536,0.0038064272608184,-0.0013653291287478,-0.0020471743504979
2020-08-14,111.45726776123048,198.98814392089844,11.52409553527832,110.04733276367188,88.26519775390625,23.02192687988281,27.097774505615234,34.016845703125,40.98334884643555,41.74840927124024,3372.85009765625,-0.0008909889272671,0.0009585214576248,0.0105744989356422,0.0183281967881143,0.0003910217531575,0.0045540718948953,-0.0028816481865366,0.0044171633197027,0.0056883176014614,0.0046139874943902,-0.0001718826227681
2020-08-17,111.166259765625,200.3026580810547,12.294426918029783,122.3759994506836,85.93811798095703,22.526172637939453,27.304243087768555,33.575904846191406,41.91057968139648,41.741310119628906,3381.989990234375,-0.0026109378190473,0.0066059923684638,0.0668452791278304,0.1120305815451947,-0.0263646355774037,-0.0215340029759437,0.0076193925855621,-0.0129624263455175,0.0226245746396971,-0.0001700460385259,0.0027098425110787
2020-08-18,112.09259033203124,201.4552764892578,12.218436241149902,125.80599975585938,84.74008178710938,22.204376220703125,27.311368942260746,33.41053771972656,41.6354866027832,42.02535629272461,3389.780029296875,0.0083328391938277,0.0057543839869398,-0.006180904355,0.0280283741956939,-0.0139406845529608,-0.0142854457527483,0.0002609797484327,-0.0049251725969077,-0.006563809918749,0.0068049175332933,0.0023033891540169
2020-08-19,112.23321533203124,200.2330322265625,12.09661102294922,125.23533630371094,84.93832397460938,22.178279876708984,27.240158081054688,33.04044723510742,40.92461013793945,41.93304061889648,3374.85009765625,0.0012545432270183,-0.006067074955768,-0.0099706063686277,-0.0045360591168615,0.0023394146349544,-0.0011752793113732,-0.0026073706285688,-0.011077058613176,-0.0170738118573167,-0.0021966660600117,-0.0044043954214108
2020-08-20,114.72362518310548,204.8927459716797,12.099102020263672,133.45533752441406,83.92130279541016,21.83038711547852,27.567670822143555,32.53648376464844,40.355918884277344,41.86912536621094,3385.510009765625,0.0221895972926251,0.0232714537321931,0.0002059252223391,0.0656364366744592,-0.0119736431284332,-0.0156861922188931,0.0120231586070218,-0.0152529252062754,-0.0138960701579146,-0.001524221753114,0.0031586327691348
2020-08-21,120.63562774658205,203.40316772460935,12.639732360839844,136.6653289794922,83.87821197509766,21.72601318359375,27.68158721923828,32.292388916015625,40.68354415893555,41.89043426513672,3397.159912109375,0.0515325640559272,-0.0072700389660268,0.0446835095423379,0.0240529267290705,-0.0005134670086992,-0.0047811306016999,0.004132245985875,-0.0075021889396058,0.0081183946175946,0.0005089406272378,0.0034411070444764
2020-08-24,122.07845306396484,204.0429229736328,12.676351547241213,134.27999877929688,86.23977661132812,22.34353256225586,27.653106689453125,33.24518585205078,40.5908317565918,42.30231094360352,3431.280029296875,0.0119601923936909,0.0031452570585805,0.0028971488759383,-0.0174538064482562,0.028154684996523,0.0284230416986226,-0.0010288618770155,0.0295053097035695,-0.002278867396153,0.0098322370176426,0.0100437183030086
2020-08-25,121.0769500732422,206.6974334716797,12.705999374389648,134.8893280029297,86.61898803710938,22.61315155029297,27.346954345703125,32.19001770019531,40.374473571777344,42.19578170776367,3443.6201171875,-0.008203765411394,0.0130095690620444,0.0023388296733446,0.0045377511853743,0.0043971754181404,0.0120669812298421,-0.0110711735642623,-0.0317389758791311,-0.0053302229949825,-0.0025182840715693,0.0035963511532906
2020-08-26,122.7234878540039,211.1661529541016,12.728919982910156,143.54466247558594,85.40373229980469,22.23046493530273,27.090648651123047,31.50494956970215,40.39610290527344,42.22418975830078,3478.72998046875,0.01359910189153,0.0216196176573919,0.0018039201675632,0.0641661916535625,-0.0140298999658602,-0.0169231880014212,-0.0093723670775188,-0.0212820053991149,0.0005357180312863,0.0006732438501519,0.0101956261394839
2020-08-27,121.25641632080078,216.3509979248047,12.584673881530762,149.25,88.21345520019531,22.656639099121094,26.95537376403809,31.292360305786133,42.22891616821289,42.20289611816406,3484.550048828125,-0.0119542848631257,0.0245533902956032,-0.011332155561749,0.0397460792064241,0.0328992987159773,0.0191707265259029,-0.0049934163196697,-0.0067478052439245,0.0453710415392616,-0.0005042995557429,0.0016730440109038
2020-08-28,121.06000518798828,218.5758056640625,13.102376937866213,147.55999755859375,88.5754623413086,22.874069213867188,26.990968704223636,32.040409088134766,43.36321640014648,42.08217239379883,3508.010009765625,-0.0016197999146937,0.0102833255247154,0.0411375822058632,-0.0113232994399078,0.0041037633124303,0.0095967505945984,0.0013205136941203,0.0239051568829824,0.0268607469681501,-0.0028605554468873,0.0067325653552858
2020-08-31,125.16539764404295,215.34841918945312,13.328344345092772,166.10667419433594,86.35179901123047,22.38701820373535,26.905536651611328,31.449831008911133,42.915069580078125,42.08927154541016,3500.31005859375,0.0339120459286252,-0.0147655247789394,0.0172462911346649,0.1256890549105465,-0.0251047329734466,-0.0212927138402014,-0.0031652088351663,-0.0184322889760585,-0.010334722773628,0.0001686973653569,-0.0021949627140287
2020-09-01,130.1510467529297,217.0098419189453,13.777425765991213,158.35000610351562,86.30870819091797,22.360923767089844,26.257640838623047,31.048254013061523,45.61637878417969,42.01115798950195,3526.64990234375,0.0398324872746811,0.007715044929262,0.0336937138830588,-0.046696908046846,-0.0004990147374566,-0.0011656057277495,-0.0240803898980948,-0.0127688125171745,0.0629454695176716,-0.0018559018258116,0.0075250030166134
2020-09-02,127.4545669555664,221.19210815429688,14.30126667022705,149.1233367919922,87.61015319824219,22.63054656982422,26.485462188720703,30.859270095825195,45.64419555664063,42.98403549194336,3580.840087890625,-0.0207180799896454,0.0192722422097042,0.0380216822164927,-0.0582675652408364,0.0150789536143371,0.0120577667337338,0.0086763830573288,-0.0060867808269291,0.0006097979103636,0.023157597862085,0.0153659101548075
2020-09-03,117.25041198730467,207.4899444580078,12.974465370178224,135.6666717529297,87.33435821533203,22.472898483276367,25.915889739990234,30.796281814575195,44.67371368408203,43.04084777832031,3455.06005859375,-0.080061116772843,-0.0619468922766939,-0.0927750898324981,-0.0902384920331604,-0.003147979690049,-0.0069661634579369,-0.0215050975766256,-0.0020411461792325,-0.0212618901642008,0.0013217066691562,-0.0351258437153412
2020-09-04,117.32801818847656,204.5776214599609,12.582704544067385,139.44000244140625,89.22186279296875,23.243602752685547,25.887413024902344,30.77264976501465,44.14518356323242,42.94852828979492,3426.9599609375,0.0006618842514625,-0.014035971746266,-0.0301947567728918,0.0278132472752659,0.0216123942078199,0.034294831616078,-0.0010988129434718,-0.0007673669731571,-0.0118308973502225,-0.0021449272793342,-0.0081330272642748
2020-09-08,109.4324188232422,193.5108642578125,11.875441551208496,110.06999969482422,86.11907958984375,22.31525611877441,25.58126640319824,30.063962936401367,42.79142761230469,42.57927322387695,3331.840087890625,-0.0672950884804924,-0.0540956392159166,-0.056209139329458,-0.2106282432039079,-0.0347760414992088,-0.0399398769540524,-0.0118260801652759,-0.0230297629234056,-0.0306659943771362,-0.0085976186058442,-0.0277563421023609
2020-09-09,113.79729461669922,201.7512664794922,12.67491340637207,122.09333038330078,86.9378662109375,22.341529846191406,25.75925636291504,29.88286018371582,43.23650741577149,42.63607406616211,3398.9599609375,0.03988649652812,0.0425836670891051,0.0673214424673089,0.1092334943382573,0.0095076099860025,0.0011773885666896,0.0069578244060093,-0.0060239148467772,0.0104011440679026,0.0013340021560843,0.0201449863367746
2020-09-10,110.08231353759766,196.0985565185547,12.27293586730957,123.77999877929688,86.04153442382812,22.017486572265625,25.38190650939941,29.13480758666992,42.284549713134766,42.27389907836914,3339.18994140625,-0.0326456010366033,-0.0280182130183163,-0.0317144209332754,0.0138145825877706,-0.0103100274503471,-0.0145040772121082,-0.0146490973263844,-0.0250328312767578,-0.0220174514440423,-0.0084945670004923,-0.0175847965901794
2020-09-11,108.63703155517578,194.8190155029297,12.126148223876951,124.23999786376952,87.1102523803711,22.3327751159668,25.68093490600586,29.056060791015625,42.25055313110352,42.45853805541992,3340.969970703125,-0.0131291025413292,-0.0065249894662224,-0.0119602713661696,0.0037162634432792,0.0124209541786948,0.014319915339398,0.0117811637394422,-0.0027028424821422,-0.0008039953662006,0.0043676826854435,0.000533072190594
2020-09-14,111.8961410522461,196.1367034912109,12.8316650390625,139.8733367919922,88.31689453125,22.551727294921875,26.350196838378903,28.86708068847656,42.44218063354492,42.83489227294922,3383.5400390625,0.029999986656622,0.0067636518174551,0.0581814441123482,0.1258317707423402,0.013851895935395,0.0098040739593769,0.0260606529638656,-0.0065039822121207,0.0045355028097922,0.0088640408918001,0.0127418290893575
2020-09-15,112.07076263427734,199.3545684814453,12.950042724609377,149.9199981689453,85.56749725341797,22.140106201171875,26.314598083496094,28.55998420715332,42.45454406738281,43.03374099731445,3401.199951171875,0.0015605684019943,0.0164062357170116,0.0092254345158253,0.0718268514026634,-0.0311310456784594,-0.0182523089414391,-0.0013509862981728,-0.0106382936548837,0.0002913006271907,0.004642213714421,0.005219359577689
2020-09-16,108.76314544677734,195.79299926757807,12.47504425048828,147.25332641601562,85.92949676513672,22.42035484313965,26.18644523620605,29.77261734008789,42.114559173583984,42.870399475097656,3385.489990234375,-0.0295136493207761,-0.0178655008560726,-0.0366792978387973,-0.017787298462508,0.0042305726279061,0.0126579628580525,-0.0048700286769881,0.0424591667887144,-0.0080082097515689,-0.0037956616931581,-0.0046189465962115
2020-09-17,107.0268783569336,193.7495880126953,12.424205780029297,141.14332580566406,84.9469223022461,22.20140647888184,26.214916229248047,29.76474952697754,42.247467041015625,43.02663803100586,3357.010009765625,-0.0159637447290762,-0.0104365899829245,-0.0040752136375783,-0.0414931245294233,-0.0114346586431921,-0.0097656065566154,0.0010872416162324,-0.000264263400845,0.0031558650984291,0.0036444390026959,-0.0084123658764024
2020-09-18,103.6319808959961,191.3433532714844,12.150818824768066,147.38333129882812,84.76594543457031,22.078792572021484,26.079647064208984,29.284412384033203,41.81475830078125,42.85620880126953,3319.469970703125,-0.031720045590936,-0.0124193024919012,-0.0220043808112606,0.0442104184349159,-0.002130469977851,-0.005522799061266,-0.0051600075261023,-0.0161377854871238,-0.0102422410274747,-0.0039610166523703,-0.0111825818074104
2020-09-21,106.77469635009766,193.3962554931641,12.477787971496582,149.79666137695312,82.14582061767578,21.43071174621582,25.64533805847168,28.685970306396484,42.36490631103516,42.330711364746094,3281.06005859375,0.0303257298271231,0.0107288922587605,0.0269092273898468,0.016374511668703,-0.0309101114069089,-0.0293530918274452,-0.0166531780383385,-0.0204355159935873,0.0131567903919616,-0.0122618740953088,-0.0115710979308057
2020-09-22,108.45275115966795,198.05599975585935,12.597904205322266,141.41000366210938,81.24946594238281,20.966535568237305,25.8090934753418,27.97728729248047,42.74816131591797,42.47983932495117,3315.570068359375,0.0157158471710208,0.0240942837844135,0.0096264044636813,-0.0559869468234628,-0.0109117502089947,-0.0216593916000237,0.0063853873361605,-0.0247048646549701,0.0090465207704939,0.003522925918256,0.0105179451608137
2020-09-23,103.9035873413086,191.53433227539065,12.085527420043944,126.7866668701172,79.93080139160156,20.37099266052246,25.631101608276367,27.079614639282227,42.03110504150391,41.8336296081543,3236.919921875,-0.0419460435048062,-0.0329284015051695,-0.0406715892522707,-0.1034109073848392,-0.0162298242269847,-0.0284044498327632,-0.0068964788412846,-0.0320857645637256,-0.0167739676360547,-0.0152121506829079,-0.0237214550930281
2020-09-24,104.97055053710938,194.01695251464844,12.309067726135254,129.26333618164062,79.86185455322266,20.441057205200195,25.460227966308597,27.02449607849121,42.25055313110352,42.03246307373047,3246.590087890625,0.010268781118172,0.0129617505632788,0.0184965288085456,0.0195341463945935,-0.0008625815978138,0.0034394271229361,-0.0066666522796895,-0.0020354263354641,0.0052210877963574,0.0047529575472795,0.002987459142957
2020-09-25,108.90866088867188,198.4379119873047,12.83316135406494,135.77999877929688,80.55995178222656,20.572423934936523,25.66670227050781,27.276472091674805,42.42673873901367,42.17449188232422,3298.4599609375,0.0375163351188703,0.0227864597157945,0.0425778490776278,0.0504138512137659,0.0087413100147664,0.0064266113253139,0.0081096801046887,0.0093239856333211,0.0041700189666971,0.0033790265477569,0.0159767237756141
2020-09-28,111.5081787109375,199.98480224609372,12.993902206420898,140.39999389648438,82.87842559814453,21.097904205322266,25.908767700195312,27.804052352905277,42.42054748535156,42.15318298339844,3351.60009765625,0.023868788772666,0.007795336300898,0.0125254290755911,0.0340255940397897,0.0287794836593917,0.0255429438965313,0.0094311075546953,0.0193419537342403,-0.0001459281068053,-0.0005052556171923,0.0161105901990838
2020-09-29,110.66429138183594,197.9031982421875,13.184053421020508,139.69000244140625,82.18031311035156,20.817651748657227,25.752132415771484,26.992996215820312,42.38655090332031,42.06796646118164,3335.469970703125,-0.0075679411040258,-0.0104088109722692,0.0146338806910248,-0.0050569194155491,-0.0084233319196714,-0.0132834263506771,-0.0060456477990903,-0.0291704290723728,-0.0008014178044964,-0.0020215916375841,-0.0048126645432444
2020-09-30,112.3326416015625,200.83462524414065,13.487842559814451,143.00332641601562,82.97323608398438,21.097904205322266,26.129487991333008,27.032371520996094,43.24267578125,42.24550628662109,3363.0,0.0150757773704084,0.014812428641834,0.0230421653411678,0.023719120314277,0.0096485757187134,0.0134622511726432,0.014653371979806,0.0014587230280387,0.0201980312076448,0.0042203091894938,0.0082537182282207
2020-10-01,113.28321075439452,202.8684539794922,13.571578025817873,149.3866729736328,83.5765609741211,21.106664657592773,25.89453125,26.08745765686035,44.22246170043945,42.21709060668945,3380.800048828125,0.00846209204448,0.0101268829161262,0.0062082179290039,0.044637748768495,0.0072713192664444,0.0004152285547063,-0.008992014746364,-0.034954900771537,0.0226578467101772,-0.0006726320129493,0.0052929077692909
2020-10-02,109.62642669677734,196.8815460205078,13.021068572998049,138.3633270263672,84.36946105957031,21.202999114990234,25.901649475097656,25.96934700012207,43.425048828125,42.06796646118164,3348.419921875,-0.0322800177825585,-0.0295112810372656,-0.0405634077166681,-0.0737906918190171,0.0094871106947644,0.0045641724526479,0.0002748929891387,-0.0045274882011057,-0.0180318517253987,-0.0035323169684313,-0.0095776521786163
2020-10-05,113.0019302368164,200.88235473632807,13.5994873046875,141.89332580566406,86.15274047851562,21.56207847595215,26.165082931518555,26.567790985107425,43.82684326171875,42.36621475219727,3408.60009765625,0.030790965661734,0.0203208924182438,0.0444217560522586,0.0255125317897579,0.02113655102865,0.0169353099066089,0.010170528200305,0.0230442446235765,0.0092525960116716,0.0070896769229584,0.017972708676142
2020-10-06,109.7622299194336,196.6141357421875,13.693191528320312,137.9933319091797,85.26544952392578,21.343122482299805,25.752132415771484,26.29219436645508,43.46521759033203,42.22418975830078,3360.969970703125,-0.0286694245894155,-0.0212473564427443,0.006890276194494,-0.0274853935119243,-0.0102990450409539,-0.0101546793782678,-0.0157825036071117,-0.0103733358489168,-0.0082512370153428,-0.0033523172822307,-0.0139735156922267
2020-10-07,111.62457275390624,200.357177734375,13.919977188110352,141.76666259765625,86.75294494628906,21.78978157043457,25.965728759765625,26.378808975219727,43.54558181762695,42.330711364746094,3419.43994140625,0.0169670644978661,0.0190375019479556,0.0165619285555891,0.0273442972661894,0.0174454650819131,0.0209275418114283,0.0082943167791156,0.0032943088567438,0.0018489318988892,0.002522762593079,0.0173967548692179
2020-10-08,111.5178680419922,201.07327270507807,13.795119285583496,141.97332763671875,88.53618621826172,22.10506629943848,26.264760971069336,27.76467704772949,43.69083786010742,42.4799919128418,3446.830078125,-0.000955924930161,0.0035740919232374,-0.0089696916050625,0.0014577830589765,0.0205553975496359,0.0144693845592147,0.011516418971728,0.052537173828115,0.0033357240026969,0.0035265305798766,0.0080101236424949
2020-10-09,113.45783233642578,206.0671844482422,13.71935749053955,144.6666717529297,88.03166198730469,22.21016502380371,26.193559646606445,27.355228424072266,44.12973403930664,42.58046340942383,3477.139892578125,0.0173959951754376,0.0248362782182836,-0.0054919275053402,0.0189707754339791,-0.0056985087398419,0.0047545084435192,-0.0027109070035443,-0.0147471055742284,0.0100454969667669,0.0023651486748907,0.0087935331206152
2020-10-12,120.66472625732422,211.4048309326172,14.181148529052734,147.43333435058594,89.11031341552734,22.49041748046875,26.214916229248047,27.26860237121582,44.58406829833984,42.73836135864258,3534.219970703125,0.0635204619415654,0.0259024574857316,0.0336598152523994,0.0191243951639483,0.0122529940236526,0.0126182068599975,0.000815337164163,-0.0031667091757937,0.0102954225517994,0.0037082252417151,0.0164158129636475
2020-10-13,117.46381378173828,212.7989501953125,14.203330039978027,148.88333129882812,87.66631317138672,21.85108757019043,26.27187728881836,26.94576072692871,45.19604110717773,42.60200500488281,3511.929931640625,-0.02652732554798,0.0065945477998072,0.0015641547565663,0.0098349328842701,-0.0162046365767692,-0.0284267693489251,0.0021728491928867,-0.011839317611228,0.0137262666283122,-0.0031904909178787,-0.0063069189940844
2020-10-14,117.55110931396484,210.88922119140625,14.050808906555176,153.76666259765625,87.17918395996094,20.686277389526367,26.24339866638184,26.890634536743164,44.488258361816406,41.93455123901367,3488.669921875,0.0007431695721098,-0.0089743347049101,-0.0107384066267242,0.0327997181163728,-0.0055566293802438,-0.053306737109649,-0.0010839964774287,-0.0020458205186412,-0.0156602819190044,-0.0156671913867114,-0.0066231417535027
2020-10-15,117.08552551269533,209.7433624267578,13.925952911376951,149.6266632080078,88.4840087890625,21.150447845458984,26.02268409729004,27.126867294311523,44.67061614990234,41.74077606201172,3483.340087890625,-0.0039606925360951,-0.0054334629251081,-0.0088860361000265,-0.0269239074303192,0.0149671603911873,0.0224385686797194,-0.0084102890748879,0.0087849454517547,0.0040990093746273,-0.0046208954496137,-0.0015277553060997
2020-10-16,115.44625854492188,209.7433624267578,13.767955780029297,146.55667114257812,88.30133819580078,21.22927665710449,27.01944923400879,26.851266860961918,44.72624588012695,41.66183090209961,3483.81005859375,-0.0140005945277643,0.0,-0.0113455167020259,-0.0205176804695688,-0.0020644475285606,0.0037270516549572,0.0383037019929297,-0.010159685243397,0.0012453316076486,-0.001891319888131,0.0001349195574553
2020-10-19,112.49754333496094,204.54901123046875,13.455195426940918,143.61000061035156,86.81385040283203,20.773860931396484,26.912656784057617,26.315813064575195,44.18228149414063,41.12355422973633,3426.919921875,-0.0255418863038644,-0.0247652709301011,-0.0227165425343712,-0.0201060143441705,-0.0168455860733431,-0.0214522488478474,-0.0039524288236325,-0.0199414723766795,-0.012162084594451,-0.0129201396268006,-0.016329861778318
2020-10-20,113.98161315917967,204.9595947265625,13.602477073669434,140.64666748046875,87.30967712402344,21.14168930053711,26.691940307617188,26.53629302978516,44.47588348388672,41.087677001953125,3443.1201171875,0.0131920198452684,0.0020072621892615,0.0109460800869245,-0.0206345875446588,0.0057113780680235,0.017706307477235,-0.0082012147002586,0.008378231167281,0.0066452428398253,-0.0008724252671054,0.0047273340731102
2020-10-21,113.3608169555664,205.1028289794922,13.482110023498535,140.8800048828125,86.4397964477539,21.06287002563477,26.400033950805664,26.111083984375,44.63042449951172,40.72883224487305,3435.56005859375,-0.0054464591823797,0.0006988414136981,-0.0088489066747919,0.0016590325709362,-0.0099631645073416,-0.0037281446048087,-0.0109361235431888,-0.0160236791526567,0.0034747149133302,-0.0087336345898314,-0.0021956999281005
2020-10-22,112.2744369506836,205.1887359619141,13.318876266479492,141.92999267578125,89.4930648803711,21.78102302551269,26.64922332763672,27.44970703125,44.36771011352539,41.14509582519531,3453.489990234375,-0.0095833819308891,0.0004188483545026,-0.0121074339798841,0.007453064711647,0.0353224852219851,0.0340956858682548,0.0094389794079583,0.0512664678217127,-0.0058864415683341,0.0102203661970854,0.0052189253963921
2020-10-23,111.58577728271484,206.46823120117188,13.54740047454834,140.2100067138672,90.30205535888672,21.807300567626957,27.183204650878903,26.898513793945312,44.46044158935547,41.59723281860352,3465.389892578125,-0.0061337174041784,0.0062356992125303,0.0171579195944622,-0.0121185517556048,0.0090397002225484,0.0012064420520323,0.0200374065944508,-0.0200801136666844,0.0020900667533394,0.0109888428824935,0.0034457613537031
2020-10-26,111.59548950195312,200.59591674804688,13.099818229675291,140.0933380126953,88.06645965576172,21.49201202392578,26.998092651367188,26.260690689086918,43.93810272216797,41.48958206176758,3400.969970703125,8.703814657029518e-05,-0.0284417337183623,-0.0330382382741195,-0.0008320996760948,-0.0247568639965068,-0.0144579354387962,-0.0068097931016286,-0.023712206174081,-0.011748395843926,-0.0025879307237908,-0.0185895162945356
2020-10-27,113.09891510009766,203.622802734375,13.35451316833496,141.55999755859375,86.4050064086914,20.88771247863769,26.64922332763672,25.84336280822754,44.15754699707031,41.18098068237305,3390.679931640625,0.0134721000360702,0.0150894695933914,0.019442631507871,0.0104691598237565,-0.0188659025645481,-0.0281174021592468,-0.0129219989069413,-0.0158917328489309,0.0049943957819469,-0.007438045023811,-0.0030256189119989
2020-10-28,107.86106872558594,193.52993774414065,12.587187767028809,135.33999633789062,83.97803497314453,20.55491065979004,25.23950958251953,24.859073638916016,43.28286361694336,40.41305541992188,3271.030029296875,-0.0463120832757413,-0.0495664771071855,-0.0574581335638325,-0.0439389751905624,-0.0280883196057809,-0.015932899267357,-0.0528988679251765,-0.038086729525701,-0.0198082420698093,-0.0186475710322232,-0.0352878787606047
2020-10-29,111.85735321044922,195.47787475585935,12.98293685913086,136.94332885742188,84.52605438232422,20.616214752197266,25.118480682373047,25.96147727966309,43.24577713012695,40.73601150512695,3310.110107421875,0.0370502956449505,0.0100653006683337,0.0314406283140293,0.0118467013663008,0.00652574699271,0.0029824548217156,-0.0047952159985829,0.0443461271630531,-0.0008568399527495,0.0079913800589763,0.0119473308942383
2020-10-30,105.5913314819336,193.3294219970703,12.49448585510254,129.34666442871094,85.28284454345703,20.75634002685547,25.260873794555664,25.685869216918945,42.88417053222656,40.90107727050781,3269.9599609375,-0.0560179688565193,-0.0109907720322431,-0.0376225355886863,-0.0554730521894949,0.0089533359466862,0.0067968478376112,0.0056688584784725,-0.0106160392867952,-0.0083616626153418,0.0040520846121638,-0.0121295501301756
2020-11-02,105.50403594970705,193.19577026367188,12.54108428955078,133.50332641601562,87.2052993774414,21.089147567749023,25.794857025146484,26.764646530151367,43.394134521484375,41.41062927246094,3310.239990234375,-0.0008267301018122,-0.0006913160553516,0.0037295199649378,0.0321358266613487,0.0225421049717069,0.016034018543874,0.0211387474136348,0.041998863426504,0.0118916603242817,0.0124581560183145,0.0123182026012718
2020-11-03,107.12389373779295,197.11070251464844,12.978452682495115,141.3000030517578,89.95409393310547,21.623380661010746,25.76637077331543,26.307939529418945,44.12973403930664,41.4465217590332,3369.159912109375,0.0153535149011558,0.0202640681296153,0.0348748467713235,0.0584006170111943,0.0315209577317858,0.025332133105214,-0.0011043384269695,-0.0170638158892898,0.0169515886405815,0.0008667457414401,0.0177992900964345
2020-11-04,111.49848175048828,206.62106323242188,13.75075912475586,140.32666015625,87.2052993774414,20.73883056640625,26.57802963256836,26.16620635986328,43.87628173828125,41.066139221191406,3443.43994140625,0.0408367158815474,0.048248829700491,0.0595068195843102,-0.0068884846035798,-0.0305577482410995,-0.0409071138538218,0.0315007055667115,-0.0053874675132642,-0.0057433453099816,-0.0091776709286561,0.0220470477016834
2020-11-05,115.45594787597656,213.2095184326172,14.115355491638184,146.02999877929688,90.77178955078124,21.55331420898437,26.175216674804688,26.118955612182617,44.34299850463867,41.73360061645508,3510.449951171875,0.0354934530350314,0.0318866581031196,0.0265146355611691,0.0406433005438622,0.0408976312082063,0.0392733640390245,-0.0151558623168238,-0.0018057928241803,0.0106371084300478,0.0162533271430405,0.0194601941389629
2020-11-06,115.32479858398438,213.6201019287109,14.51608943939209,143.31666564941406,89.5626449584961,21.290576934814453,26.18241310119629,25.81186294555664,45.05386352539063,42.00631713867188,3509.43994140625,-0.0011359249515068,0.0019257277963575,0.0283899295339247,-0.0185806557047475,-0.0133207089809406,-0.0121901101437289,0.0002749328298217,-0.0117574634754056,0.0160310543879345,0.0065346990958952,-0.0002877151874185
2020-11-09,113.02200317382812,208.5306854248047,13.587774276733398,140.4199981689453,101.6887435913086,24.312070846557617,28.196443557739254,29.079683303833008,44.364627838134766,42.94648361206055,3550.5,-0.0199679118318967,-0.0238246141536092,-0.0639507745205493,-0.0202116583395449,0.1353923685307843,0.1419169579572268,0.0769230264895233,0.1266014919252043,-0.0152980373562733,0.0223815496675172,0.0116998892356872
2020-11-10,112.6819076538086,201.48390197753903,12.729741096496582,136.7866668701172,101.35820770263672,24.2244930267334,27.822412490844727,29.724815368652344,44.988956451416016,43.85078048706055,3545.530029296875,-0.0030091089386945,-0.0337925492016218,-0.0631474414250494,-0.0258747425310226,-0.0032504668363325,-0.0036022361228278,-0.0132651859490224,0.0221849756092185,0.014072666529721,0.0210563659453144,-0.001399794593191
2020-11-11,116.10211944580078,206.7738037109375,13.375696182250977,139.0433349609375,99.84461212158205,23.944238662719727,27.692947387695312,29.41838264465332,45.73691940307617,43.77901077270508,3572.659912109375,0.0303528034198716,0.0262547115748641,0.0507437724662107,0.0164977197153513,-0.0149331328499339,-0.0115690497094982,-0.0046532666134547,-0.0103089866227457,0.01662547902101,-0.0016366804320996,0.0076518553187603
2020-11-12,115.83004760742188,205.71389770507807,13.41432285308838,137.25332641601562,98.61809539794922,23.374971389770508,27.009601593017575,28.41035270690918,45.81418991088867,43.628299713134766,3537.010009765625,-0.0023433839078701,-0.0051259201448029,0.0028878250755022,-0.01287374576728,-0.0122842554802985,-0.0237747076016054,-0.0246758059050574,-0.0342653078491841,0.001689455888612,-0.0034425414578868,-0.009978532303877
2020-11-13,115.87862396240234,206.73562622070312,13.255078315734863,136.1666717529297,99.2356948852539,23.64646339416504,27.779253005981445,29.095813751220703,46.52814483642578,43.82207107543945,3585.14990234375,0.0004193761116726,0.0049667452078996,-0.0118712318987354,-0.0079171462831602,0.0062625371622977,0.0116146454199872,0.0284954744820389,0.0241271571452481,0.0155837072951807,0.0044414144850652,0.0136103354090635
2020-11-16,116.88914489746094,207.4231109619141,13.47264003753662,136.02999877929688,102.0367202758789,24.15443229675293,26.851362228393555,30.77318000793457,47.11539077758789,43.70005798339844,3626.909912109375,0.0087205120366846,0.0033254294568321,0.0164134618158757,-0.0010037182511209,0.0282259865652558,0.0214818129087852,-0.0334022940569387,0.0576497454601521,0.0126213057328339,-0.0027842840159464,0.0116480512400123
2020-11-17,116.00495147705078,204.7781524658203,13.37993335723877,147.20333862304688,101.00155639648438,24.128156661987305,27.323331832885746,31.1844539642334,46.166542053222656,43.599586486816406,3609.530029296875,-0.0075643758125342,-0.0127515130007833,-0.0068811071949934,0.0821387925017795,-0.0101450132520501,-0.0010878183532865,0.0175771195694911,0.0133646882185327,-0.0201388274342104,-0.0022991158643359,-0.0047919256980916
2020-11-18,114.6834716796875,202.0784149169922,13.386411666870115,162.2133331298828,100.25345611572266,23.628950119018555,27.535614013671875,30.0070743560791,46.07999038696289,43.29098129272461,3567.7900390625,-0.0113915809673409,-0.013183718655137,0.0004841810088569,0.1019677586611877,-0.0074068193347934,-0.0206897920119701,0.0077692640884532,-0.0377553382690194,-0.001874770394542,-0.007078167913017,-0.011563829610944
2020-11-19,115.27621459960938,203.3612823486328,13.397875785827637,166.42333984375,100.52310943603516,23.628950119018555,27.437055587768555,30.160289764404297,47.01649856567383,43.2120361328125,3581.8701171875,0.0051685121773903,0.0063483644810238,0.0008563997016388,0.0259535183245156,0.0026897159535452,0.0,-0.003579307360075,0.0051059762277076,0.0203235324236503,-0.0018235936805935,0.0039464424674215
2020-11-20,114.01305389404295,201.41781616210935,13.04648780822754,163.20333862304688,99.66193389892578,23.48006248474121,27.82370376586914,29.78933906555176,46.43543243408203,43.09003448486328,3557.5400390625,-0.0109576872380289,-0.0095567168149131,-0.0262271410197575,-0.0193482550207578,-0.0085669408948929,-0.0063010685420807,0.0140921891878571,-0.0122993081880247,-0.0123587708425404,-0.0028233256024836,-0.0067925629151801
2020-11-23,110.62203216552734,201.1498107910156,13.098573684692385,173.9499969482422,102.53252410888672,23.988025665283203,27.68724250793457,31.74088478088379,46.64868927001953,43.22638702392578,3577.590087890625,-0.0297423988981737,-0.0013305941659006,0.0039923293709742,0.0658482750160953,0.0288032762124825,0.0216338087205729,-0.0049044965071101,0.065511547974852,0.004592545492932,0.0031643636560652,0.0056359306172162
2020-11-24,111.9045867919922,204.73989868164065,12.916895866394045,185.1266632080078,107.27336883544922,25.380542755126957,27.74789428710937,33.853721618652344,46.78159713745117,43.520633697509766,3635.409912109375,0.0115940251806776,0.0178478313079546,-0.0138700459051245,0.0642521785331859,0.04623747213643,0.0580505085860016,0.0021906038189762,0.0665651525580983,0.0028491232982414,0.006807107737714,0.0161616682734162
2020-11-25,112.74020385742188,204.7494201660156,13.193022727966309,191.3333282470703,106.1512222290039,25.424331665039062,27.694826126098636,32.91020584106445,46.9268684387207,43.35557556152344,3629.64990234375,0.0074672280143701,4.650527052252329e-05,0.0213771841492245,0.0335265862383566,-0.0104606261426041,0.0017252944641328,-0.0019125112868614,-0.0278703708920452,0.003105308714508,-0.0037926409145042,-0.0015844182375249
2020-11-27,113.28433227539062,206.05145263671875,13.219440460205078,195.2533264160156,105.4466323852539,25.389299392700195,28.22552490234375,32.41021728515625,46.85577392578125,43.47758102416992,3638.35009765625,0.0048263919999371,0.006359150954603,0.0020024017833888,0.0204877958527087,-0.0066376046262562,-0.001377903372266,0.0191623797827349,-0.0151925077078773,-0.0015150065475239,0.002814066266364,0.0023969791981541
2020-11-30,115.67459106445312,204.9409027099609,13.359247207641602,189.1999969482422,102.5412368774414,24.662389755249023,29.04431533813477,30.748979568481445,47.22357177734375,43.35557556152344,3621.6298828125,0.0210996414160067,-0.0053896728828979,0.010575844556915,-0.0310024396453861,-0.0275532318300836,-0.0286305512494831,0.029008864799642,-0.0512566053494385,0.007849573718387,-0.0028061695193819,-0.0045955486401709
2020-12-01,119.24053192138672,206.98963928222656,13.347786903381348,194.9199981689453,104.1592025756836,25.12656593322754,29.878257751464844,31.04735565185547,47.177207946777344,43.47758102416992,3662.449951171875,0.0308273478567706,0.0099967187866107,-0.0008578555424664,0.0302325650790993,0.015778683264529,0.0188212165400445,0.0287127585422928,0.0097036092761877,-0.0009817942358322,0.002814066266364,0.0112711871947761
2020-12-02,119.59033966064452,206.18544006347656,13.501797676086426,189.60667419433597,106.15991973876952,25.45060539245605,30.93207550048828,32.2086067199707,46.52197647094727,44.037376403808594,3669.010009765625,0.0029336311539469,-0.0038852148423403,0.0115383002305844,-0.027258998689319,0.0192082611388291,0.012896289134362,0.0352703881795708,0.0374025756375755,-0.013888729417164,0.012875495058648,0.0017911667548251
2020-12-03,119.45431518554688,205.10366821289065,13.357708930969238,197.7933349609375,105.46400451660156,25.4770450592041,30.39379501342773,32.426353454589844,46.14489364624024,44.31010437011719,3666.719970703125,-0.0011374202588907,-0.0052465967056299,-0.0106718193068756,0.0431770706457868,-0.0065553480435969,0.0010388619972037,-0.0174020164619103,0.00676051393692,-0.0081054773101163,0.0061931020551215,-0.0006241572130915
2020-12-04,118.78385162353516,205.21853637695312,13.519495010375977,199.67999267578125,106.42091369628906,25.811920166015625,30.58333396911621,33.611793518066406,46.02436447143555,44.17373275756836,3699.1201171875,-0.005612719481672,0.0005600492914794,0.01211181350356,0.0095385302806909,0.0090733249137802,0.0131441894471409,0.0062361069292184,0.0365579208632467,-0.0026119721009372,-0.0030776639885505,0.0088362751296118
2020-12-07,120.24132537841795,205.15151977539065,13.567856788635254,213.9199981689453,106.02075958251952,25.635665893554688,31.273242950439453,32.98277282714844,45.777099609375,44.03020095825195,3691.9599609375,0.0122699654453199,-0.0003265621261393,0.0035771882176192,0.0713141326897253,-0.0037601078572914,-0.0068284060746862,0.0225583313454291,-0.0187142852278878,-0.0053724774888311,-0.0032492567495739,-0.0019356376714373
2020-12-08,120.85346221923828,206.79820251464844,13.311842918395996,216.6266632080078,106.12515258789062,25.494665145874023,32.26639938354492,34.06338882446289,46.191253662109375,44.10197067260742,3702.25,0.0050909023074541,0.0080266660518071,-0.0188691459695904,0.012652697560912,0.0009846468350367,-0.0055001788627661,0.0317573855285613,0.0327630427853229,0.0090471885783161,0.0016300110559004,0.0027871480653562
2020-12-09,118.3271713256836,202.7677154541016,12.893789291381836,201.4933319091797,105.29875183105467,25.380107879638672,31.728126525878903,34.514991760253906,45.82654571533203,44.109134674072266,3672.820068359375,-0.020903752752832,-0.0194899520959875,-0.0314046394309867,-0.0698590426253157,-0.0077870395159295,-0.0044933818734187,-0.0166821482393392,0.01325772189368,-0.0078956061562042,0.0001624417538623,-0.0079492016045985
2020-12-10,119.74576568603516,201.5422821044922,12.935171127319336,209.02333068847656,104.6202392578125,25.653295516967773,31.63714027404785,35.490760803222656,45.61251449584961,43.42734146118164,3668.10009765625,0.0119887456486813,-0.006043532851692,0.0032094394442414,0.0373709576785941,-0.0064436905608415,0.0107638485472423,-0.0028676843480448,0.0282708757326839,-0.0046704637266782,-0.0154569618726024,-0.0012851080682624
2020-12-11,118.9393310546875,204.1654510498047,12.97605323791504,203.3300018310547,104.0026397705078,25.17741584777832,31.174684524536133,35.321414947509766,45.60011672973633,43.3125114440918,3663.4599609375,-0.0067345565559459,0.0130154770399617,0.0031605388280764,-0.0272377673758681,-0.0059032505726045,-0.0185504302507525,-0.0146174953079142,-0.0047715476332509,-0.0002718062411228,-0.0026441871232777,-0.0012649972997506
2020-12-14,118.3271713256836,205.06536865234372,13.270711898803713,213.27667236328125,102.90658569335938,24.868976593017575,29.726634979248047,34.04726028442383,45.18133163452149,43.04695892333984,3647.489990234375,-0.005146823372686,0.004407785930047,0.0227078800838842,0.0489188533057269,-0.010538714013096,-0.012250631940369,-0.0464495332470291,-0.0360731489658447,-0.0091838601575715,-0.0061310811102408,-0.0043592589719577
2020-12-15,124.25422668457033,204.9983062744141,13.322311401367188,211.0833282470703,104.66374206542967,25.239103317260746,29.347562789916992,34.70853805541992,45.15961837768555,43.4560432434082,3694.6201171875,0.0500904001378779,-0.0003270292705703,0.003888224155339,-0.0102840319661164,0.0170752567508776,0.0148830701922446,-0.0127519374323963,0.0194223489782119,-0.0004805802761986,0.009503210686657,0.0129212491547088
2020-12-16,124.18621826171876,209.92872619628903,13.204649925231934,207.58999633789065,104.96820068359376,25.30960464477539,28.6879825592041,35.24076843261719,45.11307907104492,42.996726989746094,3701.169921875,-0.0005473328728221,0.0240510275986134,-0.0088319115647739,-0.0165495396447925,0.0029089215821631,0.0027933372524542,-0.022474787273971,0.0153342781637024,-0.0010305513711696,-0.0105696749952444,0.001772795166959
2020-12-17,125.05097198486328,210.0627593994141,13.303118705749512,218.63333129882807,104.09832000732422,25.406543731689453,28.83202171325684,35.0633544921875,45.3209228515625,43.06850051879883,3722.47998046875,0.006963363046631,0.0006384700443509,0.007457129198815,0.0531978185642547,-0.0082870876189602,0.003830130429717,0.0050208882327462,-0.0050343380215704,0.0046071734582837,0.0016692788981322,0.0057576547533797
2020-12-18,123.06881713867188,209.2681427001953,13.234065055847168,231.6666717529297,103.58507537841795,25.26553726196289,28.56668281555176,34.45854568481445,45.274391174316406,43.39145660400391,3709.409912109375,-0.0158507752057404,-0.0037827585503049,-0.0051907865689042,0.0596127789695875,-0.0049303833997528,-0.0055500059833281,-0.009202923761086,-0.0172490286834309,-0.0010267151310774,0.0074986610008425,-0.0035111185091528
2020-12-21,124.59429931640624,213.0975646972656,13.29414176940918,216.6199951171875,107.47347259521484,26.208484649658203,28.33924102783203,33.82951736450195,45.28058624267578,42.6953010559082,3694.919921875,0.0123953590617147,0.0182991158981922,0.0045395510229464,-0.0649496818937741,0.0375381994229551,0.0373214857027763,-0.0079617850342745,-0.0182546392429354,0.0001368338303109,-0.0160436086404961,-0.0039062790518439
2020-12-22,128.1407928466797,214.39002990722656,13.240297317504885,213.44667053222656,105.83808135986328,25.74141502380371,27.85403060913086,33.25697326660156,44.73152923583984,42.33645248413086,3687.260009765625,0.0284643322345523,0.0060651336480408,-0.0040502390329697,-0.0146492690263622,-0.01521669669604,-0.0178213136737221,-0.0171215036501735,-0.016924394508246,-0.012125660297182,-0.0084048727354666,-0.002073092860288
2020-12-23,127.24683380126952,211.5944976806641,12.972065925598145,215.32666015625,108.79566192626952,26.48166847229004,28.384729385375977,33.68436813354492,44.42753601074219,42.31492614746094,3690.010009765625,-0.0069763814125903,-0.0130394693623214,-0.0202587136432437,0.0088077720741002,0.0279443894712156,0.0287572943368419,0.0190528539187844,0.0128512857594462,-0.0067959497538054,-0.0005084586782038,0.0007458112508249
2020-12-24,128.228271484375,213.2507476806641,12.956610679626465,220.58999633789065,108.31722259521484,26.40235710144043,28.25584602355957,33.54727935791016,44.514381408691406,42.228797912597656,3703.06005859375,0.0077128652539855,0.0078274719718827,-0.0011914251793294,0.0244434951892225,-0.0043975956631332,-0.0029949536953307,-0.0045405880065499,-0.0040698039841881,0.0019547651242288,-0.0020354102607467,0.0035365890047962
2020-12-28,132.8144073486328,215.36648559570312,12.863128662109377,221.22999572753903,109.03052520751952,26.552173614501957,27.91468811035156,33.66018295288086,45.04793548583984,42.32927703857422,3735.360107421875,0.0357654034571981,0.009921362236944,-0.0072150055156078,0.002901307404113,0.00658531113718,0.0056743612884984,-0.0120738877513544,0.0033655067454545,0.0119861056194359,0.0023793982055688,0.0087225290211445
2020-12-29,131.04605102539062,214.5910186767578,12.906256675720217,221.9966735839844,108.74349212646484,26.446420669555664,28.089054107666016,33.28116226196289,44.76255416870117,42.207275390625,3727.0400390625,-0.0133144916921574,-0.0036006852078231,0.0033528401016371,0.0034655239852265,-0.0026325937668222,-0.0039828356985633,0.0062463888768937,-0.011260208877906,-0.0063350587337874,-0.0028822048587798,-0.0022273805256001
2020-12-30,129.9286346435547,212.22637939453125,13.108177185058594,231.5933380126953,109.04792022705078,26.41998672485352,27.85403060913086,33.54727935791016,44.7253303527832,41.72641754150391,3732.0400390625,-0.008526898545149,-0.0110192835506711,0.0156451645439716,0.0432288658824446,0.0027995063854662,-0.0009995282549738,-0.008367084830778,0.0079960277184014,-0.0008315838228908,-0.0113927716174707,0.0013415471654707
2020-12-31,128.9278564453125,212.9348297119141,13.01768684387207,235.22332763671875,110.53541564941406,26.710792541503903,27.907102584838867,33.24082946777344,44.71601486206055,42.16421127319336,3756.070068359375,-0.0077025222422117,0.0033381821779365,-0.0069033504742115,0.0156739811912225,0.0136407500415058,0.0110070387119771,0.0019053607161116,-0.0091348656583225,-0.00020828221165,0.0104920038067966,0.0064388455229198
2021-01-04,125.74085998535156,208.40655517578125,13.076017379760742,243.2566680908203,109.49156951904295,26.46404457092285,27.907102584838867,33.46663284301758,45.45430374145508,42.2359733581543,3700.64990234375,-0.0247192231983843,-0.0212660114940297,0.0044808679597427,0.0341519718082907,-0.0094435446253885,-0.0092377629827961,0.0,0.0067929524882359,0.0165106144112348,0.0017019667342044,-0.014754827521051
2021-01-05,127.29550170898438,208.60757446289065,13.366436004638672,245.0366668701172,110.0873565673828,26.666736602783203,28.19519424438477,35.07948684692383,45.21234893798828,42.04220962524414,3726.860107421875,0.0123638547073237,0.0009645535714548,0.0222100213270932,0.0073173689061312,0.0054413965473043,0.0076591479173617,0.0103232379165874,0.04819289742926,-0.0053230339825034,-0.004587646915748,0.0070825951575492
2021-01-06,123.01052856445312,203.19857788085935,12.578446388244627,251.9933319091797,115.2565689086914,28.33230400085449,27.952587127685547,35.9746208190918,45.49463272094727,42.55176162719727,3748.139892578125,-0.0336616226575492,-0.0259290516941105,-0.0589528589461381,0.0283903022674965,0.0469555496878937,0.0624586136234401,-0.0086045556060511,0.0255173052010155,0.0062435106688696,0.0121200100207665,0.0057098427477522
2021-01-07,127.2080307006836,208.98092651367188,13.30586051940918,272.0133361816406,119.04153442382812,28.957990646362305,28.096635818481445,36.2568588256836,45.49152374267578,42.45600891113281,3803.7900390625,0.0341231127547845,0.0284566392792515,0.0578302048370908,0.079446563608581,0.0328394776191476,0.022083860369737,0.0051533223074449,0.0078454755092796,-6.833725399124635e-05,-0.0022502644403624,0.0148474038001011
2021-01-08,128.30599975585938,210.2542266845703,13.238799095153809,293.3399963378906,119.17295837402344,28.667177200317383,28.149707794189453,36.66007614135742,45.485328674316406,41.92648696899414,3824.679931640625,0.008631287263296,0.0060929013577473,-0.0050399915253545,0.0784029947046744,0.0011040176089078,-0.0100425975543801,0.0018889085529982,0.0111211320763449,-0.0001361807178501,-0.0124722496466176,0.0054918626852689
2021-01-11,125.32301330566406,208.21507263183597,13.58256721496582,270.39666748046875,120.9515151977539,29.1430606842041,28.634910583496094,37.77294921875,45.69007110595703,41.67986679077149,3799.610107421875,-0.0232490020409905,-0.0096985163384779,0.0259667147557101,-0.0782141172150082,0.0149241644077382,0.0166002910074261,0.017236512465923,0.0303565402619856,0.0045012850870358,-0.0058822046885309,-0.0065547508985924
2021-01-12,125.1481475830078,205.76422119140625,13.446206092834473,283.14666748046875,122.85274505615234,29.662988662719727,28.187610626220703,38.61163711547852,46.21121597290039,41.534786224365234,3801.18994140625,-0.0013953201255204,-0.0117707686069552,-0.0100394218539996,0.0471529479960064,0.0157189420512009,0.0178405413264446,-0.0156207911308511,0.0222033998952935,0.0114060857059032,-0.0034808308561672,0.0004157884466327
2021-01-13,127.17889404296876,207.11407470703125,13.493071556091309,284.8033447265625,122.96664428710938,29.48674201965332,27.94500541687012,39.047096252441406,45.73969268798828,41.38971328735352,3809.840087890625,0.0162267400611264,0.0065601954888423,0.0034854042049683,0.0058509508899942,0.00092711995084,-0.0059416347108648,-0.0086068029166298,0.0112779247266963,-0.0102036545670779,-0.0034928056744543,0.0022756417379066
2021-01-14,125.25503540039062,203.9357147216797,13.162521362304688,281.6666564941406,123.68505859375,29.95381164550781,27.86161231994629,40.57124328613281,45.59080505371094,41.37519836425781,3795.5400390625,-0.0151271848765105,-0.0153459391393242,-0.0244977722390716,-0.0110135231572978,0.0058423510766321,0.0158399875287402,-0.0029841861069559,0.0390335563965555,-0.003255107883933,-0.0003506891433371,-0.0037534511943366
2021-01-15,123.53523254394533,203.5814666748047,12.822742462158203,275.3866577148437,121.46842193603516,29.09017944335937,27.82370376586914,38.61968612670898,44.86802291870117,41.6218376159668,3768.25,-0.0137304089288528,-0.0017370574220334,-0.0258141195591564,-0.022295854459534,-0.0179216203065845,-0.0288321303602093,-0.001360601591962,-0.0481019806482212,-0.0158536822097844,0.0059610409486772,-0.0071900279753709
2021-01-19,124.20565032958984,207.20985412597656,12.988019943237305,281.51666259765625,120.9427490234375,28.87868309020996,27.84644889831543,39.38578796386719,44.48027420043945,41.38246536254883,3798.909912109375,0.0054269358776333,0.0178227788139857,0.0128894019018832,0.022259629183488,-0.0043276507936726,-0.0072703694922614,0.0008174732105288,0.0198370808774746,-0.008641983600755,-0.0057511216978594,0.0081363795155244
2021-01-20,128.2865753173828,214.77291870117188,13.327547073364258,283.4833374023437,119.12914276123048,28.499740600585938,27.67207908630371,39.94221878051758,45.13789749145508,41.534786224365234,3851.85009765625,0.0328561943596277,0.036499541043049,0.0261415621173064,0.0069859978679067,-0.0149955766414368,-0.0131218756908096,-0.0062618329772837,0.0141277055866158,0.0147846051499638,0.0036808068461346,0.0139356254219462
2021-01-21,132.9893341064453,215.3760986328125,13.827860832214355,281.663330078125,118.1303482055664,27.997426986694336,27.65691375732422,38.79710006713867,44.93316268920898,41.54203414916992,3853.070068359375,0.0366582300402658,0.0028084543213748,0.0375398230519101,-0.0064201562634899,-0.0083841328201778,-0.0176251995037903,-0.0005480372086316,-0.0286693816302827,-0.004535762931467,0.0001745025185764,0.0003167233075522
2021-01-22,135.126953125,216.3142852783203,13.673306465148926,282.2133178710937,117.21914672851562,27.80355453491211,27.70997810363769,38.24874114990234,45.39226913452149,41.6871223449707,3841.469970703125,0.0160736124661224,0.0043560388151857,-0.0111770265076264,0.0019526425140827,-0.0077135257018385,-0.0069246524644698,0.001918664778691,-0.0141340181685588,0.0102175412954577,0.0034925635870355,-0.0030106116552376
2021-01-25,138.86778259277344,219.7416076660156,13.614224433898926,293.6000061035156,115.7559814453125,27.459863662719727,28.26342391967773,37.82133483886719,45.35193634033203,42.37621688842773,3855.360107421875,0.0276838142299631,0.0158441796078585,-0.0043209761589554,0.0403478061146038,-0.0124823062105363,-0.0123614004734833,0.019972798750331,-0.0111743889651186,-0.0008885388406103,0.0165301537907702,0.0036158389430824
2021-01-26,139.10104370117188,222.4222412109375,13.396851539611816,294.36334228515625,115.2828598022461,27.2659912109375,28.286169052124023,36.9907112121582,45.7583122253418,41.03428649902344,3849.6201171875,0.0016797352419926,0.0121990258167046,-0.0159666013545258,0.0025999188207492,-0.0040872327905571,-0.0070602117389764,0.0008047550258218,-0.0219617744917716,0.0089604969005121,-0.0316670644040135,-0.0014888337468982
2021-01-27,138.03216552734375,222.9678955078125,12.880828857421877,288.0533447265625,112.02359771728516,26.287797927856445,27.47495651245117,36.57137298583984,44.61986541748047,39.98974990844727,3750.77001953125,-0.0076841851461904,0.0024532362137179,-0.038518205614518,-0.0214360847706407,-0.0282718705152856,-0.0358759480083988,-0.0286787701147511,-0.0113363115381392,-0.0248795629142727,-0.025455215130913,-0.025677883699462
2021-01-28,133.203125,228.7407684326172,13.013696670532228,278.4766540527344,113.99494934082033,26.7196102142334,27.48262596130371,37.14393615722656,44.59194564819336,40.16383361816406,3787.3798828125,-0.0349848928972076,0.0258910499722702,0.0103151601951292,-0.0332462401466606,0.0175976460648075,0.0164263392301633,0.0002791432572082,0.0156560480135219,-0.0006257250896183,0.0043532082625006,0.0097606259756297
2021-01-29,128.21856689453125,222.0679931640625,12.95262050628662,264.510009765625,112.7332992553711,26.12917137145996,27.513280868530277,36.16009140014648,43.58066940307617,39.71410369873047,3714.239990234375,-0.0374207294721408,-0.0291717795401231,-0.004693221748737,-0.0501537349140389,-0.0110675963518099,-0.0220975844347801,0.0011154286082315,-0.0264873586072184,-0.0226784507923385,-0.0111973852822208,-0.0193114751731245
2021-02-01,130.3367462158203,229.43002319335935,13.19916534423828,279.9366760253906,113.56562042236328,26.40235710144043,27.436641693115234,36.22461318969727,43.20222473144531,39.37317657470703,3773.860107421875,0.0165200670432654,0.0331521437394077,0.0190343597136963,0.0583216728676345,0.0073830995144279,0.0104552006681259,-0.0027855338584029,0.0017843370149925,-0.0086837737192753,-0.0085845352726501,0.0160517676144393
2021-02-02,131.16265869140625,229.29600524902344,13.518001556396484,290.92999267578125,117.06147003173828,27.34530258178711,26.815868377685547,36.79717254638672,43.66752624511719,39.532752990722656,3826.31005859375,0.0063367584320259,-0.0005841342927597,0.0241557859033401,0.0392707265317158,0.0307826399959207,0.0357144430977807,-0.0226257033340002,0.0158058100908111,0.0107703137179693,0.0040529220626341,0.0138982234844169
2021-02-03,130.14239501953125,232.63720703125,13.491827011108398,284.89666748046875,118.4019546508789,27.829988479614254,26.700912475585938,38.240665435791016,43.8009147644043,39.74311828613281,3830.169921875,-0.0077786138376123,0.0145715655996618,-0.0019362732855804,-0.0207380653325632,0.0114511172529885,0.0177246492840039,-0.0042868610660122,0.0392283642876263,0.0030546387843992,0.0053212913216422,0.0010087690809532
2021-02-04,133.49459838867188,231.68939208984372,13.625192642211914,283.3299865722656,121.12674713134766,28.6407413482666,26.73923110961914,38.97452545166016,44.21348190307617,39.99699401855469,3871.739990234375,0.0257579658699038,-0.0040742190533561,0.0098849200329733,-0.0054991198109066,0.0230130700840462,0.0291323465421564,0.0014351057877981,0.019190566050723,0.0094191443464362,0.0063879167858467,0.0108533222304207
2021-02-05,133.0809783935547,231.87130737304688,13.552149772644045,284.07666015625,120.89021301269533,28.52617835998535,26.76222038269043,40.28093338012695,44.78116607666016,40.127567291259766,3886.830078125,-0.0030984024830197,0.0007851688053659,-0.0053608687587709,0.0026353496607176,-0.0019527818937945,-0.0040000007991477,0.0008597581948801,0.0335195339347267,0.0128396169934874,0.0032645771490853,0.0038974951646253
2021-02-08,133.22694396972656,232.12977600097656,14.397480010986328,287.8066711425781,122.78263854980467,29.160690307617188,26.68558692932129,42.01474380493164,44.98899459838867,39.93171310424805,3915.590087890625,0.0010968177265739,0.0011147072523027,0.0623760991815955,0.0131302972383458,0.0156540838993362,0.0222431459140663,-0.0028634938459256,0.0430429555453171,0.0046409805714466,-0.004880788949655,0.0073993483603735
2021-02-09,132.3511962890625,233.37435913085935,14.222481727600098,283.1533203125,122.2920150756836,29.037303924560547,26.800539016723636,41.52266693115234,45.237152099609375,39.89544296264648,3911.22998046875,-0.0065733526159923,0.0053615832976012,-0.012154785646703,-0.0161683216431521,-0.0039958700995179,-0.0042312572766636,0.0043076469596416,-0.0117120046254225,0.005515960146164,-0.0009083041718466,-0.0011135249921484
2021-02-10,131.7478790283203,232.46487426757807,14.72204875946045,268.2733459472656,122.36207580566406,29.063745498657227,26.6242733001709,41.92453384399414,44.709808349609375,39.86643981933594,3909.8798828125,-0.0045584571780107,-0.0038971070629542,0.0351251660173268,-0.0525509443039983,0.0005728970116087,0.0009106070648079,-0.006576946696585,0.0096782538922206,-0.0116573154039144,-0.0007269788516371,-0.0003451849323593
2021-02-11,131.49488830566406,234.0636444091797,15.207157135009766,270.5533447265625,122.02041625976562,28.97561454772949,26.386695861816406,40.87477111816406,44.67570495605469,39.60528945922852,3916.3798828125,-0.0019202641023303,0.0068774697538234,0.0329511458272806,0.0084987898117356,-0.0027922012898919,-0.0030323328743643,-0.0089233398288833,-0.0250393416355292,-0.0007627720809719,-0.0065506315911548,0.0016624551635393
2021-02-12,131.72840881347656,234.5423126220703,14.918485641479492,272.0400085449219,123.7551498413086,29.407440185546875,26.608945846557617,41.43245315551758,44.81529235839844,39.31514739990234,3934.830078125,0.0017758903849529,0.0020450344353941,-0.0189826073977822,0.0054949009034128,0.0142167485959885,0.0149030708945299,0.0084228046552363,0.0136436736426321,0.0031244588637393,-0.0073258411512147,0.0047110331133788
2021-02-16,129.60704040527344,233.30731201171875,15.286432266235352,265.4066772460937,126.7340087890625,30.20055389404297,26.585956573486328,42.67904281616211,45.18442535400391,39.27888107299805,3932.590087890625,-0.0161041071346038,-0.0052655770148458,0.0246638052680641,-0.0243836608236719,0.0240705857620768,0.0269698315627584,-0.0008639678251013,0.030087276173714,0.0082367641976635,-0.0009224517597606,-0.0005692724183511
2021-02-17,127.32027435302734,234.32444763183597,14.863394737243652,266.04998779296875,127.12830352783205,30.323945999145508,26.73923110961914,43.34332656860352,45.66214370727539,41.33893585205078,3931.330078125,-0.0176438412997897,0.00435963884435,-0.0276740524946493,0.0024238672272685,0.0031111991369721,0.004085756358491,0.0057652443578302,0.0155646356761744,0.0105726331480089,0.0524468804298221,-0.0003204020092266
2021-02-18,126.22069549560548,233.9310302734375,14.786616325378418,262.4599914550781,127.55763244628906,30.13006019592285,26.486328125,42.662635803222656,42.70278549194336,41.331687927246094,3913.969970703125,-0.0086363217720769,-0.0016789428605272,-0.0051656040374712,-0.0134936910453242,0.0033771308712777,-0.0063938183779946,-0.0094581247898396,-0.01570462673887,-0.0648098835285412,-0.0001753292544981,-0.0044158356273545
2021-02-19,126.37637329101562,231.2250823974609,14.883835792541504,260.4333190917969,129.68663024902344,30.438495635986328,26.39435577392578,42.94967651367188,42.91373825073242,40.94723129272461,3906.7099609375,0.0012333777341257,-0.0115672891826862,0.0065748285492623,-0.0077218335337335,0.0166904775661373,0.0102368013225946,-0.0034724462613376,0.0067281522823197,0.0049400233815861,-0.0093017404756907,-0.0018548966445751
2021-02-22,122.61048889160156,225.02633666992188,14.314717292785645,238.1666717529297,130.9044647216797,30.9760684967041,26.25640296936035,44.53249740600586,42.71209716796875,40.94723129272461,3876.5,-0.0297989592622831,-0.0268082755697056,-0.0382373541127787,-0.0854984585555993,0.0093905938516389,0.0176609536537746,-0.0052266024504264,0.0368529176658671,-0.0046987536155796,0.0,-0.0077328394581538
2021-02-23,122.47425079345705,223.8364715576172,14.101579666137695,232.94667053222656,131.9558563232422,31.302125930786133,25.98817253112793,45.14759826660156,42.0234489440918,41.367942810058594,3881.3701171875,-0.001111145542083,-0.0052876704563253,-0.0148894052385768,-0.0219174294299173,0.0080317474564208,0.0105261077310931,-0.0102158105413536,0.013812404343457,-0.0161230253145564,0.010274480204202,0.0012563181187927
2021-02-24,121.97795867919922,225.06468200683597,14.45755672454834,247.33999633789065,134.27764892578125,32.06000900268555,25.865550994873047,46.50079345703125,41.3223762512207,41.43323516845703,3925.429931640625,-0.0040522159641114,0.0054870881437327,0.0252437717502995,0.0617880726639228,0.0175952221237649,0.0242118721768358,-0.0047183593270365,0.0299726949468921,-0.0166828927774063,0.0015783322535092,0.011351613765979
2021-02-25,117.73523712158205,219.72955322265625,13.269464492797852,227.4066619873047,132.45526123046875,31.66343688964844,25.91919708251953,45.72988128662109,40.9315299987793,40.9835090637207,3829.340087890625,-0.0347826902791141,-0.0237048689141624,-0.0821779401863356,-0.0805908249604527,-0.0135717873368469,-0.0123696818988381,0.0020740361439475,-0.0165784734645983,-0.009458465071448,-0.0108542358063002,-0.0244788075251262
2021-02-26,117.99799346923828,222.982421875,13.675302505493164,225.1666717529297,128.94195556640625,30.58831214904785,25.66628837585449,44.58991622924805,40.30180358886719,40.11305618286133,3811.14990234375,0.0022317562191249,0.0148039651682518,0.030584354999072,-0.0098501522110203,-0.0265244704621392,-0.0339547707454358,-0.0097575826079739,-0.024928231285537,-0.0153848734687144,-0.0212391008175021,-0.0047502141699028
2021-03-01,124.35233306884766,227.3580780029297,13.802188873291016,239.47666931152344,131.85951232910156,31.54006576538086,25.81957054138184,46.2547607421875,40.751609802246094,40.156585693359375,3901.820068359375,0.0538512513034039,0.0196233231800782,0.0092785053746988,0.0635529114819255,0.0226269002193995,0.0311149438941054,0.0059721204438563,0.0373367939150202,0.0111609450030458,0.0010851706312182,0.0237907635068002
2021-03-02,121.7541275024414,224.41217041015625,13.367931365966797,228.81333923339844,131.43014526367188,31.310943603515625,25.681615829467773,45.9841194152832,40.36074066162109,39.88093948364258,3870.2900390625,-0.0208939028507632,-0.0129571274469318,-0.0314629448496073,-0.044527636486599,-0.0032562464235272,-0.0072644795216858,-0.0053430289126211,-0.0058511020825031,-0.0095915018454918,-0.0068642840260789,-0.0080808516908706
2021-03-03,118.7764663696289,218.3574066162109,12.768152236938477,217.73333740234372,133.97097778320312,32.09525680541992,26.356035232543945,46.35317611694336,39.57903289794922,40.17109298706055,3819.719970703125,-0.0244563465230597,-0.0269805500427142,-0.044867011402773,-0.0484237582833957,0.0193321898445284,0.0250491716837377,0.0262607854410128,0.008025742503128,-0.0193680232537256,0.0072754931848326,-0.0130662218719981
2021-03-04,116.89839935302734,217.5609436035156,12.33488941192627,207.14666748046875,131.91204833984375,32.32551956176758,26.21042251586914,48.14923477172852,39.5604133605957,39.75037384033203,3768.469970703125,-0.0158117771474786,-0.0036475200225069,-0.0339330873388845,-0.0486221818311274,-0.0153684736606999,0.007174354694952,-0.0055248338906075,0.0387472618975219,-0.0004704394218404,-0.0104731814706667,-0.0134172139301002
2021-03-05,118.15369415283205,222.2340240478516,12.42588233947754,199.3166656494141,132.21864318847656,32.706336975097656,26.356035232543945,49.96990585327149,40.05364990234375,40.62082290649414,3841.93994140625,0.0107383403601084,0.0214794087897147,0.0073768742071811,-0.0377993135312829,0.0023242368873155,0.0117807051052161,0.0055555272558709,0.0378130844690391,0.0124679319513718,0.0218978837698105,0.0194959681977822
2021-03-08,113.22980499267578,218.1942901611328,11.560114860534668,187.6666717529297,133.97097778320312,32.88346099853516,26.32538414001465,49.92069625854492,39.668975830078125,41.19386291503906,3821.35009765625,-0.0416735946807317,-0.0181778370977476,-0.0696745273526607,-0.0584496728285433,0.0132533094612734,0.0054155873087338,-0.0011629629517055,-0.0009847846195881,-0.0096039705046484,0.0141070507080571,-0.0053592310301612
2021-03-09,117.83255004882812,224.3258514404297,12.48877239227295,224.52667236328125,133.02474975585938,32.16610336303711,26.402023315429688,49.14977645874024,39.98229598999024,40.76589584350586,3875.43994140625,0.0406495891823717,0.0281013828307277,0.0803328983268709,0.1964120760817838,-0.0070629329053264,-0.0218151500394075,0.0029112272401201,-0.0154428895745363,0.0078983677636201,-0.010389097823039,0.0141546423038221
2021-03-10,116.75241088867188,223.0207977294922,12.436904907226562,222.6866607666016,135.91604614257812,33.09602355957031,26.769893646240234,50.658809661865234,41.00287628173828,41.40422058105469,3898.81005859375,-0.0091667299036527,-0.005817669709298,-0.0041531291801328,-0.0081950691083264,0.0217350259408504,0.0289099424334313,0.0139334143605409,0.0307027480458996,0.0255258050213911,0.0156583027145842,0.0060303133427013
2021-03-11,118.67914581298828,227.54037475585935,12.960832595825195,233.1999969482422,135.20639038085938,32.980892181396484,26.601280212402344,50.28154754638672,40.98735046386719,40.26538848876953,3939.340087890625,0.016502742081734,0.020265271545881,0.0421268549134117,0.0472113423653142,-0.0052212802083303,-0.0034787072823597,-0.0062986217302948,-0.0074471176483743,-0.0003786519210119,-0.0275052174948138,0.0103954870044358
2021-03-12,117.774169921875,226.2162170410156,12.823678016662598,231.2433319091797,136.8096923828125,33.60082244873047,26.77754783630371,50.82282257080078,41.60466766357422,40.35243225097656,3943.340087890625,-0.0076253994323427,-0.0058194406872384,-0.0105822352189608,-0.008390501992574,0.0118581821276111,0.0187966494030646,0.0066262834906414,0.0107648839549878,0.015061163815681,0.0021617514563732,0.0010153984958789
2021-03-15,120.65452575683594,225.3141632080078,13.158084869384766,235.97999572753903,136.12631225585938,33.432559967041016,27.137754440307617,49.52703475952149,41.390621185302734,40.359676361083984,3968.93994140625,0.0244566006015716,-0.0039875736797606,0.0260772964111897,0.0204834612062225,-0.0049951148566355,-0.0050076893786215,0.0134518144157904,-0.0254961795849519,-0.0051447707743351,0.0001795210276884,0.0064919213014971
2021-03-16,122.1920394897461,228.09695434570312,13.257835388183594,225.6266632080078,134.49667358398438,33.335140228271484,27.459636688232425,48.47728729248047,41.37821578979492,40.359676361083984,3962.7099609375,0.0127431086672109,0.0123507155434621,0.0075809298837188,-0.0438737719594042,-0.0119715185467742,-0.0029139180148206,0.011861049470133,-0.0211954435014749,-0.0002997151323792,0.0,-0.0015696837343783
2021-03-17,121.40383911132812,227.4540100097656,13.307709693908691,233.9366607666016,135.88101196289062,33.60968399047852,27.428979873657227,48.69050979614258,41.03389358520508,40.439483642578125,3974.1201171875,-0.0064505051369088,-0.0028187326647206,0.0037618739609295,0.0368307426101173,0.0102927332105491,0.0082358664258503,-0.0011164319077949,0.0043984000667294,-0.0083213400582333,0.001977401423642,0.0028793821305308
2021-03-18,117.28762817382812,221.38961791992188,12.690513610839844,217.72000122070312,138.12393188476562,34.4864616394043,27.413654327392575,46.591007232666016,40.49810409545898,40.84568786621094,3915.4599609375,-0.033905113443121,-0.0266620583632856,-0.0463788358226175,-0.0693207276395118,0.0165064999846156,0.0260870542303868,-0.0005587355539741,-0.043119338291317,-0.0130572422681156,0.010044743083839,-0.0147605393194591
2021-03-19,116.76213836669922,221.03453063964844,12.813451766967772,218.2899932861328,135.9248046875,34.12335205078125,27.229713439941406,46.32857894897461,41.03700637817383,40.79490661621094,3913.10009765625,-0.0044803515537895,-0.001603902132402,0.0096874058763798,0.0026180050626212,-0.0159214059957424,-0.0105290473815428,-0.0067098273456877,-0.0056325951997752,0.0133068521292896,-0.0012432462923952,-0.0006027039747036
2021-03-22,120.0707015991211,226.44650268554688,13.153100967407228,223.3333282470703,132.2713165283203,33.35285949707031,27.58991813659668,45.8529052734375,41.23325729370117,41.04878616333008,3940.590087890625,0.0283359253153716,0.0244847356213384,0.0265072368177208,0.0231038302993886,-0.0268787449618139,-0.0225796267777068,0.0132283689819119,-0.0102673918848451,0.0047822912256028,0.0062233148247545,0.0070251180773117
2021-03-23,119.24356842041016,227.97219848632807,13.03788948059082,220.72000122070312,130.9483184814453,32.67976760864258,27.099437713623047,45.28702163696289,41.72230529785156,41.28090286254883,3910.52001953125,-0.006888717794558,0.0067375551518225,-0.0087592642299254,-0.0117014645636592,-0.0100021537669637,-0.0201809349656169,-0.0177775236789498,-0.0123412820430905,0.0118605231856154,0.0056546543981879,-0.0076308541839406
2021-03-24,116.85946655273438,225.93788146972656,12.611214637756348,210.08999633789065,131.96463012695312,32.67976760864258,27.29103660583496,46.2055549621582,41.46376037597656,41.35344314575195,3889.139892578125,-0.019993546815626,-0.008923531159101,-0.032725760060296,-0.0481605872781021,0.0077611660637844,0.0,0.007070216520234,0.020282484738312,-0.0061968033652328,0.0017572358687176,-0.0054673360183149
2021-03-25,117.34600830078124,222.944091796875,12.50373649597168,213.4633331298828,133.6555938720703,33.35285949707031,27.33700942993164,46.074337005615234,41.74410629272461,41.6218376159668,3909.52001953125,0.0041634774006718,-0.0132504990016589,-0.0085224258623664,0.0160566274015578,0.0128137648966275,0.0205965934791325,0.0016845393145252,-0.0028398740508676,0.0067612274961552,0.0064902569120757,0.0052402658469594
2021-03-26,117.94932556152344,226.9166412353516,12.806973457336426,206.23666381835935,135.88101196289062,34.25619888305664,27.781517028808597,47.32911682128906,42.09297943115234,42.20212936401367,3974.5400390625,0.0051413530760737,0.01781859033114,0.0242517075965604,-0.0338543824157676,0.0166503924478491,0.0270843159959246,0.0162602862619734,0.0272338116448838,0.0083574226258744,0.0139420021143965,0.0166312026045196
2021-03-29,118.12448120117188,225.726806640625,12.915694236755373,203.76333618164065,133.7694549560547,33.92852020263672,28.06508445739746,47.07488250732422,42.57270431518555,42.67361831665039,3971.090087890625,0.0014850075556986,-0.0052434876007728,0.0084891859720899,-0.0119926670211124,-0.0155397503766943,-0.0095655294838329,0.0102070534267373,-0.0053716259892364,0.0113967908785799,0.0111721602616279,-0.0008680126852336
2021-03-30,116.674560546875,222.4738922119141,12.839390754699709,211.8733367919922,135.34657287597656,34.53074264526367,27.674222946166992,46.49259567260742,42.28300857543945,42.4995346069336,3958.550048828125,-0.0122745144745024,-0.0144108467980491,-0.0059078111216446,0.0398010788512122,0.011789820930645,0.0177497408973394,-0.01392696721878,-0.0123693741482243,-0.0068047295657175,-0.0040794222890836,-0.0031578329337678
2021-03-31,118.86402893066406,226.23536682128903,13.314692497253418,222.6433258056641,133.37521362304688,34.26504898071289,27.766189575195312,45.78729248046875,42.31103897094727,42.18037796020508,3972.889892578125,0.01876560214606,0.0169074877594717,0.0370190261854699,0.0508322055844403,-0.0145652690795217,-0.0076944092190621,0.0033231874010417,-0.0151702261819341,0.0006629233929229,-0.0075096503921823,0.0036224990395776
2021-04-01,119.6911849975586,232.54925537109372,13.77702522277832,220.5833282470703,134.67189025878906,34.97355651855469,27.8198356628418,47.066673278808594,42.2456283569336,42.289180755615234,4019.8701171875,0.0069588425896032,0.0279084947615295,0.0347235000448018,-0.00925245592312,0.0097220210601269,0.0206772661623977,0.0019320651651248,0.0279418312162831,-0.0015459467695554,0.0025794646864665,0.0118252017749447
2021-04-05,122.51317596435548,238.99752807617188,13.9523344039917,230.3500061035156,135.38575744628906,35.24810028076172,27.80451202392578,46.33677291870117,43.43244934082031,42.70263671875,4077.909912109375,0.0235772665034141,0.0277286319183789,0.012724748512729,0.0442765912277189,0.0053007883540374,0.0078500384157778,-0.0005508170178188,-0.0155077958406729,0.0280933443304298,0.0097768733219043,0.0144382264177436
2021-04-06,122.81482696533205,237.8364715576172,13.826652526855469,230.5399932861328,134.4339599609375,35.15068054199219,27.628236770629883,46.2055549621582,43.64114761352539,42.87672805786133,4073.93994140625,0.0024621923201495,-0.004858027310578,-0.0090079461613443,0.0008247761127986,-0.007030263029914,-0.0027638294828247,-0.0063398074795995,-0.0028318320046412,0.0048051232631942,0.0040768287976673,-0.0009735307519511
2021-04-07,124.45935821533205,239.79391479492188,14.107942581176758,223.6566619873047,136.54026794433594,35.46951675415039,27.520946502685547,46.410587310791016,43.54769134521485,42.79693603515625,4079.949951171875,0.0133903315310961,0.0082302063450789,0.0203440459485721,-0.0298574282089308,0.0156679754431876,0.0090705558823338,-0.0038833555986602,0.0044373960836685,-0.0021414713732591,-0.0018609634251335,0.0014752327849856
2021-04-08,126.85318756103516,243.0084686279297,14.281006813049316,227.93333435058597,136.70770263671875,35.15953826904297,27.559268951416016,45.92670822143555,43.51966094970703,42.23093032836914,4097.169921875,0.0192338236355151,0.0134054854384315,0.0122671488685717,0.0191215961343642,0.0012262660305535,-0.008739292594708,0.0013924829484599,-0.010426049688084,-0.0006436712175076,-0.0132253791795318,0.0042206328286402
2021-04-09,129.42218017578125,245.5033416748047,14.363797187805176,225.67333984375,137.7300262451172,35.41637420654297,28.049753189086918,45.820098876953125,43.541465759277344,42.1502799987793,4128.7998046875,0.020251699339522,0.0102666094764578,0.0057972365561935,-0.0099151557330349,0.0074781712272287,0.0073048723090354,0.0177974328178143,-0.0023212929602619,0.0005010335350614,-0.0019097455102869,0.0077199343487381
2021-04-12,127.7095184326172,245.5609130859375,15.170762062072754,233.9933319091797,137.43919372558594,35.478370666503906,28.333314895629883,45.51665115356445,43.54769134521485,42.18692779541016,4127.990234375,-0.0132331393339063,0.0002345035743305,0.0561804698100785,0.0368674123012944,-0.0021116130408169,0.0017505027363722,0.0101092406992475,-0.0066225898857957,0.0001429806238477,0.0008694555915624,-0.0001960788487688
2021-04-13,130.813720703125,248.03659057617188,15.640079498291016,254.10667419433597,135.8000030517578,34.822998046875,28.47892951965332,45.68887710571289,43.413761138916016,42.24558639526367,4141.58984375,0.0243067416478095,0.0100817245673294,0.0309356533507019,0.085956903647848,-0.0119266610156413,-0.0184724553951306,0.0051393430158042,0.0037838010438724,-0.0030754835023775,0.0013904449297179,0.0032944868090414
2021-04-14,128.478271484375,245.2538299560547,15.238593101501465,244.07666015625,133.2618408203125,35.3189582824707,28.48659324645996,47.009273529052734,43.39817810058594,42.304237365722656,4124.66015625,-0.0178532435756504,-0.0112191536484719,-0.0256703552455357,-0.039471667046475,-0.0186904431105051,0.0142423186805482,0.00026910164588,0.0288997346177881,-0.0003589423703745,0.0013883336808306,-0.0040877267278285
2021-04-15,130.8817901611328,249.00572204589844,16.096681594848633,246.2833404541016,134.10787963867188,34.3093376159668,28.816139221191406,46.730430603027344,43.65984344482422,42.304237365722656,4170.419921875,0.0187075888318604,0.015297995919232,0.0563102175923722,0.0090409312239807,0.0063486952690392,-0.0285857996838201,0.0115684586036766,-0.0059316578430649,0.0060294085072374,0.0,0.0110941905251664
2021-04-16,130.55096435546875,250.195556640625,15.872496604919434,246.5933380126953,135.103759765625,34.67243957519531,29.55953025817871,46.46799850463867,43.80001449584961,42.729488372802734,4185.47021484375,-0.0025276687097324,0.004778342380852,-0.0139274041427858,0.0012587029151958,0.007425962811703,0.0105831818524977,0.0257977320029261,-0.0056158716066201,0.0032105257363677,0.010052208326172,0.0036088195555097
2021-04-19,131.21266174316406,248.2764129638672,15.323128700256348,238.2100067138672,134.53089904785156,34.69015121459961,29.835432052612305,46.32036972045898,43.51966094970703,42.81013107299805,4163.259765625,0.0050684986584519,-0.0076705745798452,-0.0346113102643738,-0.0339965846863086,-0.0042401537808216,0.0005108276089396,0.0093337678922436,-0.0031769989870547,-0.0064007637752984,0.0018872844788528,-0.005306560094486
2021-04-20,129.52920532226562,247.8158721923828,15.133108139038086,239.663330078125,131.55209350585938,33.724815368652344,29.91206741333008,45.344425201416016,43.8560905456543,42.81013107299805,4134.93994140625,-0.0128299845345233,-0.0018549517692258,-0.0124008983371054,0.0061010172675219,-0.02214216632071,-0.0278273749795877,0.002568602344442,-0.0210694457952891,0.0077305196916872,0.0,-0.0068023197717759
2021-04-21,129.90872192382812,250.0420837402344,15.32188320159912,248.0399932861328,132.6713104248047,34.291622161865234,30.295263290405277,45.92670822143555,43.98379135131836,42.626834869384766,4173.419921875,0.0029299693502964,0.0089833291473895,0.0124743087029199,0.0349517934398941,0.0085077849323276,0.0168068167910488,0.0128107453015577,0.0128413364472717,0.0029118146208477,-0.0042816080918026,0.0093060554721535
2021-04-22,128.39071655273438,246.76995849609372,14.812917709350586,239.89666748046875,129.8776397705078,33.972801208496094,29.61318016052246,45.32802581787109,43.50719833374024,41.99631118774414,4134.97998046875,-0.0116851690064646,-0.0130862980950841,-0.0332182072889978,-0.0328306967669932,-0.0210570819369442,-0.0092973424197964,-0.0225145140131143,-0.0130356044826447,-0.0108356511100045,-0.014791707701795,-0.0092106574765618
2021-04-23,130.70664978027344,250.5889892578125,15.2268705368042,243.13333129882807,132.3629150390625,34.699012756347656,29.62850379943848,45.57405853271485,43.57884216308594,42.01096725463867,4180.169921875,0.0180381673202036,0.0154760765248467,0.0279453943899457,0.0134919082134512,0.0191355130332375,0.0213762634230452,0.0005174600915185,0.0054278277159549,0.0016467120864946,0.000348984624602,0.0109286965401769
2021-04-26,131.09588623046875,250.9727783203125,15.4390869140625,246.0666656494141,132.68896484375,34.9027099609375,29.64383316040039,45.66426849365234,42.95895385742188,41.74702835083008,4187.6201171875,0.0029779391549675,0.0015315479887472,0.0139369660197321,0.0120647150060257,0.0024633017835189,0.005870403461337,0.0005173855914453,0.0019794146898883,-0.0142245244456985,-0.0062826190648931,0.0017822709248045
2021-04-27,130.77479553222656,251.3759002685547,15.343079566955566,234.913330078125,133.29708862304688,35.3189582824707,29.467573165893555,46.26296615600586,43.10535430908203,41.29246139526367,4186.72021484375,-0.0024492812663678,0.0016062377399659,-0.0062184601745771,-0.0453264790736829,0.0045830772740822,0.0119259599612482,-0.0059459245217413,0.0131108563019408,0.0034079147305599,-0.0108886062918384,-0.0002148958880143
2021-04-28,129.98655700683594,244.26547241210935,15.238343238830566,231.46665954589844,134.16073608398438,35.451805114746094,29.743465423583984,47.65715789794922,42.95273208618164,41.37310409545898,4183.18017578125,-0.0060274498781103,-0.0282860363656539,-0.0068262911410934,-0.0146720943042283,0.0064791172099776,0.0037613462779089,0.0093625713979648,0.0301362376385883,-0.0035406790025672,0.0019529642329472,-0.0008455399168898
2021-04-29,129.8892822265625,242.2983856201172,15.286222457885742,225.6666717529297,136.76942443847656,36.40827178955078,29.582529067993164,48.33786392211914,43.4947395324707,42.02563095092773,4211.47021484375,-0.0007483449251473,-0.008053069361655,0.0031420226139262,-0.0250575517197484,0.0194444994164251,0.0269793504649173,-0.0054108138812638,0.0142833952798351,0.0126186954813856,0.0157717645251658,0.0067628067340457
2021-04-30,127.923583984375,241.9817352294922,14.971765518188477,236.47999572753903,135.55320739746094,35.894615173339844,29.620849609375,46.943660736083984,43.58195877075195,42.37023162841797,4181.169921875,-0.0151336446586777,-0.0013068613305639,-0.0205712654361539,0.047917239575582,-0.0088924629609939,-0.0141082394456953,0.0012953774605868,-0.0288428795339708,0.0020052824598739,0.008199774035341,-0.0071947066993264
2021-05-03,128.9745635986328,241.67466735839844,14.799448013305664,228.3000030517578,135.15663146972656,35.92118453979492,30.52517890930176,48.23944854736328,44.27037811279297,42.46553802490234,4192.66015625,0.0082156830001431,-0.0012689712750532,-0.0115094979729325,-0.0345906327113005,-0.0029256108014585,0.000740204800268,0.0305301607432806,0.0276030414109411,0.0157959706598367,0.0022493716182672,0.0027480907472536
2021-05-04,124.41072082519533,237.769287109375,14.315167427062988,224.5333404541016,137.0249786376953,36.31086349487305,30.617151260375977,48.54288864135742,43.83427047729492,42.96410369873047,4164.66015625,-0.0353856035337332,-0.0161596591471949,-0.0327228816782406,-0.0164987408992819,0.0138235700879185,0.0108481655065251,0.0030129995747933,0.0062902894442544,-0.0098510031783989,0.011740477031888,-0.0066783376082272
2021-05-05,124.65399932861328,236.5026397705078,14.422149658203123,223.64666748046875,138.82286071777344,36.65626525878906,30.632474899291992,50.00270462036133,43.79689407348633,43.030086517333984,4167.58984375,0.0019554464583464,-0.0053272117449068,0.0074733482290876,-0.0039489590803736,0.0131208345949234,0.0095123533474985,0.0005004919884838,0.0300727051863201,-0.000852675393057,0.001535766207674,0.0007034637617677
2021-05-06,126.24987030029295,239.6307830810547,14.486488342285156,221.17999267578125,141.6165771484375,37.20534133911133,30.33063697814941,50.47837829589844,44.109619140625,43.46998977661133,4201.6201171875,0.0128024048989605,0.0132266739753192,0.0044611022355767,-0.0110293385207849,0.0201243254620986,0.0149790513694139,-0.0098535270863654,0.0095129589318936,0.0071403480487441,0.0102231553520149,0.0081654564660518
2021-05-07,126.92244720458984,242.25042724609372,14.775012969970703,224.1233367919922,142.10125732421875,37.355899810791016,30.632476806640625,51.2000846862793,43.84379959106445,43.05208206176758,4232.60009765625,0.0053273472891268,0.0109320018545069,0.0199168094343031,0.0133074609534211,0.0034224819264854,0.0040466897026265,0.009951648186903,0.014297337092533,-0.0060263397131834,-0.0096137063061515,0.0073733416169683
2021-05-10,123.64728546142578,237.18392944335935,14.229886054992676,209.67999267578125,142.0836639404297,37.24077224731445,30.849180221557617,51.32310485839844,44.03769302368164,43.63862609863281,4188.43017578125,-0.0258044326696974,-0.0209142987293372,-0.0368951902841617,-0.0644437313978407,-0.000123808783401,-0.0030819111321019,0.0070743027501456,0.0024027337625109,0.0044223683719397,0.0136240573922465,-0.0104356473221881
2021-05-11,122.73101043701172,236.27235412597656,14.270281791687012,205.73333740234372,139.72177124023438,36.815673828125,30.454465866088867,49.69105911254883,43.64052581787109,42.920108795166016,4152.10009765625,-0.0074103933700987,-0.0038433266516924,0.0028387955137674,-0.0188222787642885,-0.0166232530517059,-0.011414865845595,-0.0127949706486177,-0.0317994351735433,-0.0090188013617555,-0.0164651678502157,-0.0086739128027181
2021-05-12,119.67029571533205,229.3347625732422,13.723907470703123,196.6300048828125,138.7611541748047,36.47026824951172,30.717601776123047,49.95732498168945,42.51160430908203,42.82478713989258,4063.0400390625,-0.0249383974822768,-0.0293626885735237,-0.0382875635505791,-0.0442482129268541,-0.0068752139119251,-0.0093820251729145,0.0086403061932267,0.0053584261212371,-0.0258686504718225,-0.0022209089853046,-0.0214494006645027
2021-05-13,121.8147430419922,233.2017974853516,13.630894660949709,190.56333923339844,142.33042907714844,37.05479049682617,31.03492927551269,49.34159469604492,43.23086166381836,43.11806869506836,4112.5,0.0179196292099192,0.0168619657513735,-0.0067774290924047,-0.0308532039808964,0.0257224359624981,0.0160273635311767,0.0103304776753863,-0.0123251252117724,0.0169190828345819,0.0068484066066163,0.0121731414069234
2021-05-14,124.2321319580078,238.11471557617188,14.207193374633787,196.5800018310547,144.54246520996094,37.51531982421875,30.97300910949707,50.56473159790039,43.63114547729492,43.030086517333984,4173.85009765625,0.0198447975643003,0.0210672393772131,0.0422788619543132,0.0315730329971135,0.0155415545864299,0.0124283343993545,-0.0019951766432565,0.0247891643833211,0.0092592143221512,-0.0020404944005397,0.0149179568768997
2021-05-17,123.08192443847656,235.26483154296875,14.12988567352295,192.27667236328125,145.1241455078125,37.85186004638672,31.042665481567383,51.74626541137695,43.43413543701172,42.480201721191406,4163.2900390625,-0.0092585348202832,-0.0119685338485158,-0.00544144779847,-0.0218909829468402,0.0040242865444879,0.0089707411197574,0.0022489378356509,0.0233667573452645,-0.0045153533818113,-0.0127790771678105,-0.0025300521932207
2021-05-18,121.6977767944336,233.2497100830078,13.980511665344238,192.6233367919922,143.0795440673828,37.33819961547852,30.996225357055664,50.28182220458984,44.37855911254883,41.9229850769043,4127.830078125,-0.0112457426251475,-0.0085653322969901,-0.0105714944642908,0.0018029458511532,-0.0140886372372791,-0.0135702824188485,-0.0014960095659083,-0.0283004617849221,0.0217438120048854,-0.0131170903552734,-0.0085172929593646
2021-05-19,121.54180908203124,233.8267974853516,14.030387878417969,187.82000732421875,141.98672485351562,37.169921875,30.82596015930176,49.07533264160156,44.381683349609375,41.73235702514648,4115.68017578125,-0.0012815986989295,0.0024741184121446,0.0035675527668537,-0.0249363838658884,-0.0076378438370793,-0.0045068520231693,-0.0054930945878913,-0.0239945473352026,7.039969577693483e-05,-0.0045471011047549,-0.0029434114568177
2021-05-20,124.09567260742188,237.0583953857422,14.575763702392578,195.5933380126953,141.73997497558594,37.081356048583984,31.05039978027344,48.95883941650391,44.53804397583008,41.637054443359375,4159.1201171875,0.0210122224169542,0.0138204771016163,0.0388710439583446,0.0413871280233637,-0.0017378376618254,-0.0023827283445431,0.007280863915084,-0.0023737633313339,0.0035230891309145,-0.0022836616136893,0.0105547417561433
2021-05-21,122.26313018798828,235.7984771728516,14.954057693481444,193.6266632080078,143.3527374267578,37.55074691772461,30.918834686279297,49.02540588378906,44.32851791381836,41.72502517700195,4155.85986328125,-0.0147671742368556,-0.005314801067646,0.0259536308911738,-0.0100549171289251,0.0113783175949457,0.012658406249373,-0.0042371465399851,0.0013596414473564,-0.0047044289175659,0.0021127991597544,-0.0007838806801412
2021-05-24,123.8909683227539,241.19400024414065,15.572748184204102,202.14666748046875,144.1282958984375,37.754432678222656,30.810482025146484,49.59953689575195,44.33165740966797,41.7763557434082,4197.0498046875,0.0133142193583846,0.0228819250063854,0.0413727500190366,0.0440022264046771,0.0054101406474775,0.0054242798670378,-0.0035044225383078,0.0117108874799287,7.082338858510617e-05,0.0012302105556198,0.0099112921901385
2021-05-25,123.6960220336914,242.0980987548828,15.608409881591797,201.56333923339844,142.63888549804688,37.20534133911133,30.43899726867676,48.47624206542969,44.51303482055664,41.40977096557617,4188.1298828125,-0.0015735310789938,0.0037484286915387,0.0022900066812785,-0.0028856683829658,-0.0103339208384185,-0.0145437581804281,-0.0120570900567712,-0.0226472846446772,0.0040913744598485,-0.0087749343213086,-0.0021252837802967
2021-05-26,123.64728546142578,241.8768768310547,15.660528182983398,206.3766632080078,142.6212615966797,37.2319221496582,30.12167739868164,49.04204559326172,44.45986175537109,41.32178497314453,4195.990234375,-0.0003940027453134,-0.000913769769221,0.0033391166548661,0.0238799575007826,-0.0001235560787343,0.0007144353361685,-0.0104247806586473,0.0116717695870143,-0.0011945504367407,-0.002124764044331,0.0018768165702687
2021-05-27,122.116943359375,239.7801971435547,15.44906234741211,210.2833404541016,144.84217834472656,37.68358612060547,29.912715911865234,48.725868225097656,44.30976104736328,41.27046203613281,4200.8798828125,-0.0123766736676819,-0.0086683758901207,-0.0135031100548106,0.0189298401542437,0.0155721294509891,0.012131094632497,-0.0069372460255334,-0.0064470672937734,-0.0033760947983531,-0.0012420309782134,0.0011653145418315
2021-05-28,121.46385192871094,240.1361083984375,16.203662872314453,208.4066619873047,144.74520874023438,37.54189300537109,29.974628448486328,48.56776809692383,44.41608810424805,41.4171028137207,4204.10986328125,-0.0053480820326635,0.0014843229721333,0.0488444222654553,-0.0089245228021594,-0.00066948457694,-0.0037600751367159,0.0020697731628085,-0.0032446857066447,0.0023996305638189,0.0035531653961011,0.0007688818911402
2021-06-01,121.14217376708984,237.94320678710935,16.22361183166504,207.96665954589844,146.3403778076172,38.01127243041992,29.796615600585938,50.30679321289063,44.30037689208984,41.33644485473633,4202.0400390625,-0.0026483448080495,-0.0091319111730154,0.001231138879387,-0.0021112685996239,0.0110205310508451,0.0125028171856353,-0.0059387841356005,0.0358061567189238,-0.0026051644144488,-0.0019474553627554,-0.0004923335226864
2021-06-02,121.90247344970705,237.84706115722656,16.736066818237305,201.7066650390625,146.34918212890625,38.02898406982422,30.021072387695312,50.70618438720703,44.20343399047852,41.53440475463867,4208.1201171875,0.0062760941047579,-0.0004040696567093,0.0315869851848935,-0.0301009523377681,6.0163308452265696e-05,0.0004659575507954,0.0075329624719178,0.0079391101839116,-0.0021883087326198,0.0047889919076982,0.0014469348384307
2021-06-03,120.4208526611328,236.31781005859372,16.927085876464844,190.94667053222656,146.4461212158203,38.46477127075195,30.160371780395508,50.9058837890625,44.28160858154297,41.7763557434082,4192.85009765625,-0.0121541486948213,-0.0064295564182814,0.0114136170882985,-0.0533447643128309,0.0006623821568656,0.0114593437502195,0.0046400538562136,0.0039383638163446,0.0017685185065323,0.0058253149454972,-0.0036287033416374
2021-06-04,122.71150207519533,241.20361328125,17.534059524536133,199.68333435058597,146.68406677246094,38.4825553894043,30.29969024658203,51.13053894042969,44.35979461669922,42.01096725463867,4229.89013671875,0.0190220328410102,0.0206747143664072,0.0358581301294875,0.0457544705755155,0.0016247993095697,0.0004623482231873,0.0046192555980719,0.0044131470597403,0.0017656548093158,0.0056158922207447,0.0088340957105059
2021-06-07,122.72126007080078,244.10818481445312,17.574703216552734,201.7100067138672,145.99664306640625,38.349151611328125,30.175853729248047,50.79771041870117,44.06271743774414,41.93766021728516,4226.52001953125,7.951981224607607e-05,0.012041990141401,0.002317985287989,0.0101494316983057,-0.0046864238303471,-0.0034666039384927,-0.004087055554898,-0.0065093881000605,-0.0066969917584615,-0.0017449500010122,-0.0007967387044511
2021-06-08,123.5400619506836,242.9156036376953,17.413116455078125,201.19667053222656,145.41497802734375,38.13571166992188,30.067502975463867,51.69635009765625,43.72809600830078,41.900997161865234,4227.259765625,0.0066720458982447,-0.0048854616557174,-0.00919428109161,-0.0025449217418787,-0.0039840987220365,-0.0055657017805628,-0.0035906441871157,0.0176905547818597,-0.0075942077316529,-0.000874227489802,0.0001750248645058
2021-06-09,123.92019653320312,243.8965759277344,17.31857681274414,199.5933380126953,143.59950256347656,37.637672424316406,30.810482025146484,52.1290283203125,43.49354553222656,41.82767868041992,4219.5498046875,0.0030770146664753,0.0040383255556617,-0.0054292201271308,-0.007968981371759,-0.0124847900023462,-0.0130596552102182,0.0247103675449509,0.0083696087216778,-0.0053638392128871,-0.0017498027830239,-0.0018238673194856
2021-06-10,122.92594909667967,247.40707397460935,17.385173797607422,203.3733367919922,141.3610076904297,37.077369689941406,31.483816146850582,52.21222305297852,43.74372482299805,42.04030227661133,4239.18017578125,-0.008023288086515,0.0143933879904696,0.0038454074825753,0.0189385017402556,-0.0155884584074891,-0.0148867530398348,0.0218540599642207,0.001595938680361,0.0057521015523123,0.0050833228832978,0.0046522430122621
2021-06-11,124.1346435546875,248.03225708007807,17.784515380859375,203.29666137695312,141.26406860351562,37.22856140136719,31.073627471923828,51.72962188720703,44.01579666137695,42.03297424316406,4247.43994140625,0.0098327038911629,0.0025269411073221,0.0229702381984189,-0.0003770180312155,-0.0006857554887155,0.0040777356293102,-0.0130285564181135,-0.0092430687213185,0.0062196769817797,-0.0001743097230616,0.001948434669559
2021-06-14,127.18565368652344,249.9558258056641,17.977563858032227,205.89666748046875,138.8668975830078,36.78388977050781,30.67117500305176,51.64642333984375,43.95638656616211,41.9229850769043,4255.14990234375,0.024578232510023,0.007755316781095,0.0108548629545801,0.0127892218490233,-0.0169694321012084,-0.0119443678219337,-0.0129515766781879,-0.001608334728305,-0.0013497448580085,-0.0026167352713007,0.0018152018730952
2021-06-15,126.36683654785156,248.4842529296875,17.747844696044922,199.7866668701172,136.76060485839844,36.8105697631836,30.64021873474121,53.526893615722656,43.78126907348633,42.00364303588867,4246.58984375,-0.0064379677655314,-0.0058873317764583,-0.0127781029621912,-0.0296750825796204,-0.0151677092328669,0.0007253173289243,-0.001009295154407,0.0364104647383816,-0.0039838919064059,0.0019239555302756,-0.0020116937805257
2021-06-16,126.86396026611328,247.54173278808597,17.76954460144043,201.6233367919922,137.72122192382812,37.01511001586914,30.415775299072266,53.33551788330078,42.88999557495117,41.52706909179688,4223.7001953125,0.003933972961913,-0.0037930779535886,0.0012226783458582,0.009193155632698,0.0070240773388237,0.0055565630741774,-0.0073251251112793,-0.00357531923664,-0.0203574157943928,-0.0113460145274684,-0.0053901246128557
2021-06-17,128.46258544921875,250.9271697998047,18.61460304260254,205.5333404541016,133.74655151367188,35.396480560302734,30.55508041381836,51.57985305786133,43.06824493408203,41.44643020629883,4221.85986328125,0.012601097898506,0.0136762273318047,0.0475565615279531,0.0193926145867886,-0.0288602610014205,-0.043728884092806,0.0045800284022463,-0.0329173671713638,0.004155965901637,-0.0019418390765743,-0.0004357155920517
2021-06-18,127.1661376953125,249.5133819580078,18.596155166625977,207.7700042724609,130.36231994628906,34.48933029174805,30.036540985107425,50.25687026977539,42.27080154418945,40.92586517333984,4166.4501953125,-0.0100920260118752,-0.0056342557201949,-0.0009910432113079,0.0108822433062085,-0.0253033183217203,-0.0256282617422721,-0.0169706451983817,-0.0256492159177312,-0.0185158088311493,-0.0125599485979344,-0.0131244687799005
2021-06-21,128.95968627929688,252.5910186767578,18.3851318359375,206.94332885742188,132.57440185546875,35.35201644897461,30.508649826049805,52.079097747802734,42.65544891357422,41.34378433227539,4224.7900390625,0.0141039793807504,0.0123345557444609,-0.0113476860564808,-0.003978800587379,0.0169687215607323,0.0250131315954538,0.0157178165480658,0.0362582760972929,0.0090995996132852,0.0102116145172612,0.0140022899627207
2021-06-22,130.59725952148438,255.3610076904297,18.843584060668945,207.90333557128903,132.38052368164062,35.54768371582031,30.655691146850582,53.07757568359375,42.85246276855469,41.32911682128906,4246.43994140625,0.0126983345682223,0.0109663004970761,0.0249360313987689,0.0046389836249738,-0.001462410322918,0.0055348261994649,0.0048196600517937,0.0191723355236725,0.0046187265636248,-0.0003547694344679,0.0051244919022186
2021-06-23,130.3243408203125,255.1301727294922,19.013696670532227,218.85667419433597,133.18251037597656,35.75222396850586,30.2222900390625,53.46864700317383,42.51785659790039,41.10916519165039,4241.83984375,-0.0020897735693066,-0.0009039553964218,0.0090276143495624,0.0526847661820755,0.0060581924895888,0.0057539685094734,-0.014137704666711,0.0073679197767309,-0.0078083300010433,-0.0053219532996497,-0.0010832833431588
2021-06-24,130.0416717529297,256.4958801269531,19.161603927612305,226.60667419433597,134.4075164794922,36.3125228881836,30.33063697814941,53.68497848510742,42.81494140625,41.32911682128906,4266.490234375,-0.0021689660243326,0.0053529826866418,0.0077789847836011,0.0354113029841545,0.0091979502417953,0.0156717221331827,0.0035850009693796,0.0040459501793781,0.006987295036041,0.0053504280277465,0.0058112497248854
2021-06-25,129.7492218017578,254.8897399902344,18.98750114440918,223.9566650390625,135.76470947265625,37.01511001586914,30.16810607910156,53.80147171020508,43.32155227661133,41.33644485473633,4280.7001953125,-0.0022488941216282,-0.006261855496173,-0.0090860234801242,-0.0116943120263123,0.0100975974313992,0.0193483424395766,-0.0053586378408386,0.0021699407988022,0.0118325718480924,0.0001773092195256,0.0033305973193167
2021-06-28,131.37704467773438,258.4482727050781,19.9393253326416,229.5733337402344,136.01148986816406,36.961761474609375,30.276464462280277,52.42856597900391,43.18708038330078,41.18981552124024,4290.60986328125,0.0125459162943089,0.0139610669106573,0.0501289864839684,0.0250792656704021,0.0018177065046312,-0.0014412638848538,0.0035918192177726,-0.0255179958384066,-0.0031040414353561,-0.0035472168448779,0.0023149642620619
2021-06-29,132.88792419433594,261.0258178710937,19.980976104736328,226.9199981689453,135.8440399169922,36.36587905883789,30.260988235473636,52.10406112670898,42.93690490722656,40.94052505493164,4291.7998046875,0.0115003311294428,0.0099731568682484,0.0020888756966386,-0.011557681931349,-0.0012311456284626,-0.0161215913960383,-0.0005111636078222,-0.0061894664909372,-0.0057928314174938,-0.0060522355624547,0.0002773361932608
2021-06-30,133.50201416015625,260.5449523925781,19.956787109375,226.5666656494141,137.077880859375,36.66825866699219,30.30742454528809,52.48680877685547,44.10023498535156,41.079833984375,4297.5,0.0046211118846455,-0.0018422142393326,-0.0012106012856696,-0.0015570796861551,0.0090827756825897,0.0083149264084902,0.0015345272088642,0.00734583143559,0.0270939435583119,0.0034027147735999,0.0013281596467464
2021-07-01,133.80418395996094,261.2181396484375,20.165807723999023,225.97332763671875,138.43504333496094,36.9439697265625,30.61700820922852,52.63658142089844,43.568607330322266,41.27046203613281,4319.93994140625,0.002263410044452,0.0025837662548344,0.0104736605886741,-0.0026188230779432,0.0099006671760428,0.0075190660694912,0.010214779664891,0.0028535292492199,-0.0120549846323014,0.0046404289713126,0.0052216268542757
2021-07-02,136.42633056640625,267.0369567871094,20.440174102783203,226.3000030517578,138.30213928222656,36.59711456298828,30.748565673828125,52.56169509887695,43.8156623840332,41.38043975830078,4352.33984375,0.0195968954695016,0.0222757008625174,0.0136055238916941,0.0014456370513082,-0.0009600463114877,-0.0093886814584744,0.0042968752433476,-0.0014227048945802,0.0056704831494349,0.0026648047233317,0.0075000816639139
2021-07-06,138.43429565429688,267.0465087890625,20.65118980407715,219.8600006103516,135.9798126220703,35.6366081237793,30.408035278320312,51.06396865844727,43.762489318847656,41.35844802856445,4343.5400390625,0.0147183104577692,3.5770337065033075e-05,0.0103235765132359,-0.0284578097859473,-0.0167916900794802,-0.0262454144453336,-0.0110746757790285,-0.0284946373516344,-0.0012135629656696,-0.0005314522964178,-0.0020218560598241
2021-07-07,140.919921875,269.229736328125,20.32518768310547,214.88333129882807,136.1393280029297,35.35201644897461,30.454465866088867,50.26518249511719,43.6905632019043,41.44643020629883,4358.1298828125,0.0179552776929665,0.0081754580839212,-0.0157861180912354,-0.0226356285713992,0.0011730813404098,-0.0079859360861783,0.0015269183735016,-0.0156428531568501,-0.001643556343866,0.0021273084926594,0.0033589753101825
2021-07-08,139.62347412109375,266.8157653808594,19.857261657714844,217.60333251953125,133.79042053222656,34.48933029174805,30.3770809173584,50.04052734375,43.65303421020508,41.281837463378906,4320.81982421875,-0.0091998898144169,-0.0089662122029625,-0.0230219780838516,0.0126580372905733,-0.0172537025498802,-0.0244027425839123,-0.0025410049570639,-0.0044693989003026,-0.0008589724862503,-0.0039712163894614,-0.0085610249343169
2021-07-09,141.4462890625,267.3157958984375,20.00442123413086,218.98333740234372,138.07164001464844,35.60992431640625,30.655691146850582,50.94749069213867,43.87507247924805,41.570987701416016,4369.5498046875,0.0130552183497836,0.0018740666124597,0.0074108695827574,0.0063418370795795,0.0319994470859044,0.032491034623723,0.0091717249017491,0.018124576149215,0.0050864338083298,0.0070042967029657,0.0112779478087958
2021-07-12,140.85165405273438,266.7195129394531,20.46561622619629,228.5666656494141,140.0482940673828,36.13465118408203,30.771785736083984,50.897560119628906,43.79689407348633,41.63029479980469,4384.6298828125,-0.0042039633114933,-0.0022306312164617,0.023054653102313,0.0437628194032986,0.0143161481425488,0.0147354109212196,0.0037870485019331,-0.0009800398769682,-0.0017818410624551,0.0014266463624739,0.003451174331237
2021-07-13,141.96286010742188,270.2396545410156,20.20372009277344,222.8466644287109,137.96530151367188,35.4498405456543,30.686655044555664,50.65625381469727,43.9626350402832,41.585819244384766,4369.2099609375,0.0078891942175665,0.0131979155284436,-0.0127968848105153,-0.025025526817094,-0.0148733875523591,-0.0189516327399724,-0.0027665177529327,-0.0047410191051293,0.0037843086890769,-0.0010683459157279,-0.0035168126585656
2021-07-14,145.3842315673828,271.7111511230469,19.796152114868164,217.7933349609375,137.49551391601562,34.560489654541016,30.918834686279297,49.532962799072266,44.26597213745117,41.7563362121582,4374.2998046875,0.0241004686533647,0.0054451541707691,-0.0201729174643959,-0.0226762625356233,-0.0034051141301618,-0.0250875850899223,0.0075661436994849,-0.0221747747027257,0.0068998843424652,0.0041003633178746,0.0011649345752446
2021-07-15,144.7311248779297,270.2876281738281,18.92290306091309,216.86666870117188,137.79689025878906,34.53379821777344,31.02718162536621,49.05036926269531,44.30037689208984,41.92687225341797,4360.02978515625,-0.0044922800940102,-0.0052391038915222,-0.0441120602068524,-0.0042547962265779,0.0021918994604981,-0.000772310723441,0.0035042374716338,-0.0097428764423918,0.0007772280371891,0.0040840757769862,-0.0032622408541723
2021-07-16,142.6939697265625,270.0184326171875,18.11949348449707,214.7400054931641,134.65020751953125,33.7244873046875,31.22840690612793,47.69410705566406,44.26911163330078,41.86012649536133,4327.16015625,-0.014075446128712,-0.0009959595948191,-0.042456993719718,-0.0098063165757306,-0.0228356585794367,-0.0234353287171699,0.0064854514725631,-0.0276503974876849,-0.0007057560450379,-0.0015919565297695,-0.0075388542110778
2021-07-19,138.8533935546875,266.4213256835937,18.73683357238769,215.4066619873047,130.27149963378906,32.84401321411133,31.073627471923828,46.054931640625,44.16590881347656,41.40045928955078,4258.490234375,-0.0269147755804572,-0.0133217088134628,0.0340704936602567,0.0031044820577776,-0.032519132100907,-0.0261078569592899,-0.004956366639815,-0.0343685104142105,-0.0023312602403022,-0.0109810276340537,-0.0158695124274093
2021-07-20,142.4600067138672,268.6430358886719,18.569459915161133,220.1666717529297,132.70016479492188,33.51992416381836,31.77016830444336,46.562496185302734,44.36603546142578,41.20768737792969,4323.06005859375,0.0259742528925606,0.0083390854668921,-0.0089328677964678,0.0220977834283766,0.0186431043471528,0.0205794263112959,0.0224158197541912,0.0110208511140208,0.004531247138928,-0.0046562747111781,0.0151626094378556
2021-07-21,141.72889709472656,270.6435852050781,19.365636825561523,218.42999267578125,135.49224853515625,34.204742431640625,31.746944427490234,48.06021499633789,44.14714813232422,41.48201751708984,4358.68994140625,-0.0051320341477244,0.0074468683313841,0.0428756094166393,-0.0078880198502402,0.0210405446334549,0.0204301854764177,-0.0007309963463391,0.0321657757581284,-0.0049336688938969,0.0066572563668563,0.0082418199908353
2021-07-22,143.09359741210938,275.202392578125,19.549219131469727,216.4199981689453,133.78158569335938,33.76005554199219,32.09523010253906,47.51936340332031,44.17841720581055,41.48201751708984,4367.47998046875,0.0096289489677654,0.0168443208051374,0.0094797970013507,-0.0092020078479763,-0.0126255402821291,-0.0130007378519853,0.0109706833627503,-0.0112536240850938,0.0007082920371799,0.0,0.0020166699583279
2021-07-23,144.8091278076172,278.5975036621094,19.5132999420166,214.4600067138672,133.52450561523438,33.52882385253906,32.25775146484375,47.461124420166016,44.54117584228516,41.43013000488281,4411.7900390625,0.0119888690097509,0.0123367789508608,-0.0018373720817985,-0.0090564248759862,-0.0019216402376501,-0.0068492686324378,0.0050637232319399,-0.0012255842457314,0.0082112184957794,-0.0012508435055177,0.0101454520208228
2021-07-26,145.22830200195312,278.0011291503906,19.249906539916992,219.2066650390625,134.41978454589844,33.91124725341797,32.35835266113281,48.659305572509766,44.60371780395508,41.35597610473633,4422.2998046875,0.0028946669362777,-0.0021406312112618,-0.0134981475651109,0.0221330699272443,0.0067049784347743,0.0114058101936656,0.0031186673503484,0.0252455281450232,0.0014041380921636,-0.0017898543919061,0.0023821998626283
2021-07-27,143.06431579589844,275.587158203125,19.164098739624023,214.9266662597656,134.24249267578125,33.77784729003906,32.582801818847656,48.11845397949219,44.60684967041016,41.667362213134766,4401.4599609375,-0.0149005818853792,-0.008683313462226,-0.0044575697089768,-0.0195249481968726,-0.0013189417816441,-0.0039337970196734,0.0069363592165938,-0.0111150701115457,7.021536789486582e-05,0.0075294102020426,-0.0047124448070912
2021-07-28,141.3195037841797,275.27935791015625,19.458431243896484,215.66000366210935,134.46408081054688,33.91124725341797,33.62761306762695,48.44295883178711,44.42546463012695,41.311485290527344,4400.64013671875,-0.0121959973177935,-0.0011168890995344,0.0153585362020649,0.0034120354402995,0.0016506556929094,0.0039493328936401,0.032066341457932,0.006743875279809,-0.004066304651044,-0.0085409035682906,-0.0001862618826539
2021-07-29,141.96286010742188,275.5486145019531,19.617061614990234,225.7833404541016,135.61639404296875,34.40039825439453,33.41676330566406,49.033721923828125,44.481746673583984,41.50425338745117,4419.14990234375,0.0045524949211872,0.0009781212577688,0.0081522692711164,0.04694118807423,0.0085696732203555,0.0144244473617012,-0.0062701376258511,0.012195024958991,0.0012668869965821,0.0046662107539383,0.0042061529800074
2021-07-30,142.17730712890625,274.0194396972656,19.454435348510746,229.0666656494141,134.5349884033203,34.115806579589844,33.43238067626953,47.902122497558594,44.57869338989258,41.35597610473633,4395.259765625,0.0015105853835439,-0.0055495644841163,-0.0082900420904636,0.0145419285085826,-0.0079740037867825,-0.0082729180255444,0.000467351384771,-0.0230779835156593,0.0021794718858503,-0.0035725804131601,-0.0054060480514769
2021-08-02,141.84591674804688,273.932861328125,19.70486068725586,236.55667114257807,133.99429321289062,33.76005554199219,34.33047103881836,47.91043472290039,44.47550582885742,41.34114456176758,4387.16015625,-0.0023308247114212,-0.0003159570329618,0.0128724033496188,0.0326979286660042,-0.0040189931024392,-0.0104277481104751,0.0268628899402996,0.0001735251990602,-0.0023147282521868,-0.0003586311910808,-0.0018428056148913
2021-08-03,143.63946533203125,276.1449279785156,19.76971244812012,236.5800018310547,135.51889038085938,34.28478240966797,35.673702239990234,48.42631912231445,44.97584533691406,41.31890869140625,4423.14990234375,0.0126443441242665,0.0080752146334899,0.0032911555120105,9.862621233192036e-05,0.0113780753747956,0.0155428318837658,0.0391265007594288,0.0107676835411281,0.0112497766744228,-0.0005378629594569,0.0082034265474622
2021-08-04,143.23977661132812,275.5582580566406,20.2276668548584,236.97332763671875,134.05636596679688,34.0357666015625,35.29103469848633,47.294700622558594,44.66939163208008,41.0519905090332,4402.66015625,-0.0027825829049086,-0.0021245000810612,0.0231644444976144,0.0016625488317687,-0.0107920335678092,-0.0072631584803422,-0.0107268805163411,-0.0233678404690976,-0.0068137397427072,-0.006459952375958,-0.0046323879014122
2021-08-05,143.3470001220703,278.453125,20.58983612060547,238.2100067138672,135.74929809570312,34.70278549194336,35.18951797485352,47.59425735473633,45.49811553955078,41.000099182128906,4429.10009765625,0.0007485596059895,0.0105054624883147,0.0179046485363725,0.0052186424923073,0.0126285097816656,0.0195975868030027,-0.0028765584375785,0.006333832929156,0.0185523884967249,-0.0012640392405059,0.0060054468134942
2021-08-06,142.6636505126953,278.3955078125,20.3194522857666,233.0333404541016,139.6051025390625,35.707759857177734,35.19731903076172,48.1434211730957,45.41679382324219,40.94078063964844,4436.52001953125,-0.0047671008726591,-0.0002069188036586,-0.013131908056727,-0.0217315230840982,0.0284038628372209,0.028959472589533,0.0002216869214795,0.011538447049741,-0.0017873644950833,-0.0014467902191398,0.0016752662417647
2021-08-09,142.61488342285156,277.30865478515625,20.24861717224121,237.9199981689453,139.45440673828125,36.17020797729492,35.907989501953125,47.59425735473633,45.52626037597656,40.866641998291016,4432.35009765625,-0.0003418326228754,-0.0039039890976824,-0.0034860739615019,0.0209697792827467,-0.0010794433587345,0.0129509138060428,0.0201910398507993,-0.0114068299463991,0.0024102659725477,-0.0018108751274181,-0.0009399082741974
2021-08-10,142.1365509033203,275.4908447265625,19.89043235778809,236.663330078125,141.16514587402344,36.84613037109375,37.633880615234375,48.40968322753906,46.49570083618164,41.1335563659668,4436.75,-0.0033540154298833,-0.0065551868909468,-0.017689346951759,-0.0052818934956782,0.0122673723674633,0.0186872686555499,0.0480642647282543,0.0171328626209057,0.0212940938306593,0.006531350623008,0.0009926793341701
2021-08-11,142.3903045654297,275.9814453125,19.65397453308105,235.94000244140625,142.84925842285156,37.3086051940918,36.16570281982422,48.55112457275391,46.91162109375,41.20027923583984,4442.41015625,0.0017852808478655,0.0017808235566754,-0.0118880183423691,-0.0030563570472872,0.0119300875467591,0.0125515167628258,-0.0390121287363555,0.0029217572969861,0.0089453487115673,0.0016221031140464,0.0012757437876824
2021-08-12,145.3482666015625,278.7320861816406,19.85951042175293,240.75,143.4076690673828,37.48646926879883,36.891971588134766,48.44133377075195,46.78607177734375,41.25217056274414,4460.830078125,0.0207736197008665,0.0099667601422479,0.0104577264169101,0.020386528392057,0.0039090902584757,0.0047673740088036,0.020081699280912,-0.0022613441597514,-0.0026762945615405,0.0012594896895543,0.0041463802816776
2021-08-13,145.55328369140625,281.6559143066406,20.141855239868164,239.05667114257807,141.80331420898438,37.02400970458984,37.86035919189453,47.95142364501953,46.9335823059082,41.42270278930664,4468.0,0.0014105231155301,0.0104897436282045,0.0142171086859206,-0.0070335570401741,-0.0111873714204545,-0.012336706369781,0.0262492776089857,-0.0101134730940918,0.0031528727025098,0.0041338970588982,0.0016073066558082
2021-08-16,147.52520751953125,283.3390197753906,19.90440368652344,228.72332763671875,140.8726348876953,36.72163391113281,38.19616317749024,47.25034713745117,47.31651306152344,41.50425338745117,4479.7099609375,0.0135477797416494,0.0059757504929138,-0.0117889613700886,-0.0432254973537061,-0.0065631704483116,-0.0081670190740993,0.0088695404048781,-0.0146205566858321,0.0081589927041862,0.0019687415994877,0.0026208507022158
2021-08-17,146.61734008789062,281.8771057128906,19.413530349731445,221.90333557128903,139.17074584960938,36.54375457763672,39.37538528442383,46.92937850952149,47.300819396972656,41.65254211425781,4448.080078125,-0.0061539817289898,-0.0051595931391973,-0.0246615444764289,-0.0298176497163503,-0.0120810478162965,-0.004843992887859,0.0308727895378906,-0.0067929369279761,-0.0003316741563431,0.0035728561461481,-0.0070606988149475
2021-08-18,142.87841796875,280.1521911621094,18.99648666381836,229.663330078125,137.90321350097656,36.27694320678711,38.50853729248047,45.94112777709961,46.79862976074219,41.12613677978516,4400.27001953125,-0.0255012273234482,-0.0061193850647033,-0.0214821147107256,0.0349701571040286,-0.0091077499146446,-0.0073011482791888,-0.0220149716804489,-0.0210582531413957,-0.0106169331236281,-0.0126380121777118,-0.0107484707455859
2021-08-19,143.21034240722656,285.9725036621094,19.75275421142578,224.4900054931641,136.75094604492188,35.74332809448242,38.110260009765625,44.53899383544922,47.11563491821289,41.0519905090332,4405.7998046875,0.0023231250961159,0.0207755380240166,0.0398109166705991,-0.0225256882899028,-0.0083556244035352,-0.0147094839072563,-0.0103425710431389,-0.0305202333833284,0.0067738128037377,-0.0018028989970292,0.0012566922329095
2021-08-20,144.66490173339844,293.2862854003906,20.76842498779297,226.7533264160156,137.14097595214844,35.903411865234375,38.04779052734375,44.54744338989258,47.53622817993164,41.1632080078125,4441.669921875,0.0101568036338866,0.0255751222394542,0.0514191978240523,0.0100820565168564,0.0028521185301229,0.0044787035591311,-0.0016391775444688,0.0001897113903062,0.0089268299673526,0.002709186507164,0.0081415676557379
2021-08-23,146.14874267578125,293.5657653808594,21.90781784057617,235.43333435058597,138.89601135253906,36.38367462158203,38.99273681640625,46.380348205566406,47.22235870361328,41.08906555175781,4479.52978515625,0.0102570901760079,0.0009529255010585,0.0548617843410321,0.0382795175345982,0.0127973086687307,0.0133765213776995,0.0248357730098256,0.0411450057780351,-0.0066027425468069,-0.0018011826493361,0.0085237903642483
2021-08-24,146.0608367919922,291.6096496582031,21.74319267272949,236.163330078125,139.7557830810547,36.89060974121094,37.782257080078125,46.76045608520508,46.73584365844727,40.78508758544922,4486.22998046875,-0.0006014823130163,-0.0066632964512005,-0.0075144484514459,0.0031006472789956,0.0061900390093521,0.0139330379600581,-0.0310437233997592,0.0081954511844966,-0.0103026417680568,-0.0073980257819611,0.0014957363013194
2021-08-25,144.8308563232422,291.0218811035156,22.162233352661133,237.0666656494141,142.63650512695312,37.48646926879883,37.10283660888672,46.84490585327149,46.75468063354492,40.72577667236328,4496.18994140625,-0.0084210148029045,-0.0020156004966791,0.0192722700037151,0.0038250458739308,0.0206125426969108,0.0161520650313959,-0.0179825273474636,0.0018060082201194,0.000403051996564,-0.001454230371865,0.0022201182241796
2021-08-26,144.03036499023438,288.20806884765625,22.017562866210938,233.72000122070312,143.3722381591797,37.388648986816406,37.00131607055664,46.21141815185547,46.24934005737305,40.48110961914063,4470.0,-0.0055270772632954,-0.0096687309050088,-0.006527793663576,-0.0141169759972081,0.0051580977224008,-0.0026094824049978,-0.0027361934452677,-0.0135230862326897,-0.0108083419525981,-0.0060076706502366,-0.0058249188196125
2021-08-27,145.06515502929688,288.81512451171875,22.58426284790039,237.30667114257807,144.52452087402344,37.788856506347656,36.39217758178711,47.10676193237305,45.98882293701172,40.60715103149414,4509.3701171875,0.0071845269511929,0.0021063104391549,0.0257385426867173,0.0153460119080182,0.0080370002563845,0.0107039845080352,-0.0164626168325467,0.0193749470655799,-0.0056328829781819,0.0031135859056075,0.0088076324804251
2021-08-30,149.4776153564453,292.54443359375,22.636150360107425,243.6366729736328,142.21107482910156,37.05069351196289,36.517127990722656,46.59151458740234,46.35920333862305,40.60715103149414,4528.7900390625,0.030417093107282,0.0129124438629595,0.0022975074527109,0.0266743526449433,-0.0160072908799913,-0.0195338801601676,0.0034334413942318,-0.0109378637765509,0.0080537047473168,0.0,0.0043065708447795
2021-08-31,148.2183074951172,290.8965759277344,22.337779998779297,245.2400054931641,141.77674865722656,37.1307258605957,35.978271484375,46.05093765258789,46.4847526550293,40.77767181396485,4522.68017578125,-0.0084247253899868,-0.0056328457382441,-0.0131811441690172,0.0065808340754383,-0.0030540952763132,0.0021600769390988,-0.0147562674283847,-0.0116024761075401,0.0027081853734456,0.004199279637679,-0.001349116039505
2021-09-01,148.88211059570312,290.8483581542969,22.39366149902344,244.69667053222656,141.57286071777344,36.632694244384766,35.95484161376953,45.41743469238281,46.384307861328125,40.733192443847656,4524.08984375,0.0044785499969888,-0.0001657557270439,0.0025016586360506,-0.0022155233598405,-0.001438091516304,-0.0134129243279745,-0.0006512227975055,-0.0137565702784224,-0.0021608116202443,-0.0010907775784776,0.0003116886257619
2021-09-02,149.9949951171875,290.1930847167969,22.348756790161133,244.1300048828125,142.22879028320312,36.6684455871582,36.5796012878418,46.52393341064453,46.62913131713867,40.9926872253418,4536.9501953125,0.0074749378352545,-0.0022529727919329,-0.0020052419236695,-0.0023157881477566,0.0046331589409447,0.0009759408504035,0.0173762321298338,0.0243628625384977,0.0052781526145109,0.0063705976852137,0.0028426384105229
2021-09-03,150.6295928955078,290.1834716796875,22.79481315612793,244.52333068847656,141.36900329589844,36.69525909423828,36.5796012878418,46.346561431884766,46.845699310302734,41.09648513793945,4535.43017578125,0.0042307930196239,-3.3126347992573635e-05,0.0199588894431554,0.0016111325842673,-0.0060450980817082,0.000731241988874,0.0,-0.0038124888795233,0.0046444783989458,0.0025321080325149,-0.0003350311257153
2021-09-07,152.96273803710938,289.2584228515625,22.61418914794922,250.97332763671875,141.1208038330078,36.93661880493164,36.50931930541992,46.07626724243164,46.22422790527344,40.64421463012695,4520.02978515625,0.0154892879729156,-0.0031878067443692,-0.007923908256741,0.0263778385893962,-0.0017556851721669,0.0065774085440715,-0.0019213435889809,-0.0058320225083013,-0.013266349188486,-0.0110050897611916,-0.0033955744059817
2021-09-08,151.4202880859375,289.2872619628906,22.2918758392334,251.2899932861328,140.49147033691406,36.45390701293945,36.3218879699707,45.6539421081543,46.28385925292969,40.7109489440918,4514.06982421875,-0.0100838280679682,9.970016099725144e-05,-0.0142527024341728,0.0012617502122473,-0.0044595373538153,-0.013068651317043,-0.0051337943027985,-0.0091657844602572,0.0012900452935298,0.0016419142200714,-0.0013185667397751
2021-09-09,150.405029296875,286.4350280761719,22.130216598510746,251.6199951171875,141.10305786132812,36.58799362182617,35.947025299072266,45.68773651123047,45.95744323730469,40.36247253417969,4493.27978515625,-0.0067049059402548,-0.0098595211810074,-0.0072519352740219,0.0013132310870769,0.0043532003967743,0.0036782506972194,-0.010320572300877,0.0007402296826002,-0.0070524805168302,-0.0085597712396896,-0.0046056086573933
2021-09-10,145.4263458251953,284.9510498046875,22.430578231811523,245.42333984375,139.4810333251953,35.998008728027344,35.60341262817383,45.594818115234375,45.79109573364258,40.20678329467773,4458.580078125,-0.0331018417067197,-0.0051808547350212,0.0135724669464369,-0.0246270383661343,-0.0114953181080377,-0.0161250955681504,-0.0095588624660774,-0.0020337710530539,-0.0036195987405818,-0.0038572770627498,-0.0077225787599254
2021-09-13,145.9925537109375,286.1844787597656,22.105270385742188,247.6666717529297,141.69699096679688,36.596923828125,34.81466293334961,46.76889801025391,45.53056335449219,40.49593353271485,4468.72998046875,0.0038934340440814,0.0043285643478889,-0.0145028738317578,0.0091406624594381,0.0158871610625017,0.0166374508274218,-0.0221537666364055,0.0257502923260317,-0.0056895860423575,0.0071915784935572,0.0022764876184568
2021-09-14,144.59657287597656,288.88262939453125,22.19508171081543,248.163330078125,139.2239532470703,35.61363220214844,34.91617965698242,46.10160446166992,45.29202651977539,40.34024429321289,4443.0498046875,-0.0095620002491698,0.0094280117721916,0.0040628919486627,0.0020053498586631,-0.0174530009624979,-0.0268681496454326,0.0029159186124294,-0.0142678912049133,-0.0052390486113601,-0.0038445647728106,-0.0057466385065755
2021-09-15,145.48489379882812,293.7295837402344,22.29387092590332,251.94332885742188,140.19012451171875,35.881797790527344,34.963035583496094,47.6557846069336,45.37049102783203,40.458866119384766,4480.7001953125,0.0061434438256948,0.0167782824320792,0.0044509507275096,0.015231899000174,0.0069396913542156,0.0075298578605169,0.0013419545601491,0.0337120619425699,0.0017324132763718,0.0029405331635989,0.0084739969795697
2021-09-16,145.25064086914062,294.11505126953125,22.19508171081543,252.3300018310547,140.12808227539062,36.15892028808594,34.728759765625,47.14899444580078,45.52114868164063,40.355072021484375,4473.75,-0.0016101529414553,0.0013123210961201,-0.0044312275520133,0.0015347617076681,-0.0004425578231292,0.0077232054864249,-0.0067006715510046,-0.0106343891998178,0.0033206088449908,-0.0025654228073055,-0.001551140448935
2021-09-17,142.58555603027344,288.9596862792969,21.853797912597656,253.163330078125,139.76466369628906,36.20361328125,34.27579498291016,46.59151458740234,45.4269905090332,40.24385833740234,4432.990234375,-0.0183481795530817,-0.0175283956668709,-0.01537655065498,0.0033025333532406,-0.0025934742929496,0.0012360156998048,-0.0130429300030227,-0.0118237910468967,-0.0020684489590967,-0.0027558787163811,-0.009110872450405
2021-09-20,139.53981018066406,283.59228515625,21.068458557128903,243.38999938964844,135.58090209960938,34.96106719970703,34.51789093017578,45.349857330322266,44.80238723754883,40.22903060913086,4357.72998046875,-0.0213608301878958,-0.0185749133111217,-0.0359360582819356,-0.0386048433059422,-0.0299343302236326,-0.0343210516555397,0.0070631752636614,-0.026649858200055,-0.0137496071054975,-0.000368446985057,-0.0169773110084148
2021-09-21,140.0181427001953,284.0741882324219,21.2011833190918,246.4600067138672,135.59866333007812,34.97895050048828,34.29923248291016,45.30762100219727,44.89026641845703,40.05850601196289,4354.18994140625,0.0034279286958462,0.0016992813323759,0.0062996902029164,0.0126135310896808,0.0001310009757546,0.0005115204487065,-0.0063346410042238,-0.0009313442337282,0.00196148433882,-0.0042388443018873,-0.0008123585165593
2021-09-22,142.38058471679688,287.71661376953125,21.89471244812012,250.64666748046875,138.1957244873047,35.881797790527344,34.32266616821289,46.633750915527344,44.78668212890625,40.080753326416016,4395.64013671875,0.0168723993265642,0.0128220925659365,0.0327118122885052,0.0169871810945057,0.0191525572114581,0.0258111600582886,0.0006832131102176,0.0292694669019535,-0.0023074999953262,0.0005553705484293,0.0095196111952602
2021-09-23,143.3372802734375,288.6610107421875,22.434568405151367,251.2133331298828,142.866943359375,37.267372131347656,34.51008605957031,48.2132682800293,44.811805725097656,40.34766006469727,4448.97998046875,0.0067192838022371,0.0032823859570818,0.0246569101243254,0.0022608146164888,0.0338014717126753,0.0386149643033242,0.0054605283412101,0.0338706909371948,0.000560961317007,0.0066592245935992,0.0121347157844948
2021-09-24,143.42510986328125,288.4585876464844,22.03442001342773,258.1300048828125,144.51564025878906,37.66963195800781,34.314842224121094,48.64404678344727,44.93735122680664,40.310585021972656,4455.47998046875,0.0006127477071993,-0.0007012484823727,-0.017836242021565,0.0275330599166629,0.0115400866053867,0.0107938876195081,-0.005657587614015,0.0089348538024005,0.0028016166650179,-0.0009188895382078,0.0014610090466882
2021-09-27,141.9119873046875,283.4671325683594,21.61431121826172,263.78668212890625,148.00796508789062,38.67081832885742,34.02589416503906,50.08840560913086,44.64858627319336,40.38472366333008,4443.10986328125,-0.0105499138891099,-0.0173038879474866,-0.0190660246518854,0.0219140632204373,0.0241657222903191,0.0265780767904948,-0.0084204979639661,0.0296924068039314,-0.0064259451376168,0.0018391854476189,-0.0027763826213396
2021-09-28,138.53427124023438,273.2045288085937,20.655332565307617,259.1866760253906,147.21023559570312,38.58143997192383,33.611995697021484,50.61209487915039,44.09930038452149,40.15489196777344,4352.6298828125,-0.0238014851923756,-0.0362038578045403,-0.0443677637131397,-0.0174383561231787,-0.0053897740686711,-0.0023112610696137,-0.0121642201674408,0.0104552992583988,-0.0123024251050397,-0.0056910552978558,-0.0203641105560982
2021-09-29,139.4324188232422,273.6671447753906,20.473716735839844,260.4366760253906,147.0950164794922,38.50098037719727,33.99466323852539,50.57831954956055,44.08047866821289,40.317996978759766,4359.4599609375,0.0064832158495302,0.0016932953813553,-0.0087926848378521,0.0048227787753933,-0.0007826841370417,-0.0020854482047613,0.0113848503657227,-0.0006673371191311,-0.0004268030591071,0.0040618963965144,0.0015691842194003
2021-09-30,138.13406372070312,271.66278076171875,20.672292709350582,258.49334716796875,145.09178161621094,37.946754455566406,33.588565826416016,49.68297576904297,43.74776458740234,40.043678283691406,4307.5400390625,-0.009311716123816,-0.0073240944407737,0.0096990681307573,-0.0074618094773734,-0.0136186453574417,-0.0143951119218541,-0.0119459166063793,-0.0177021259008072,-0.0075478781279768,-0.0068038770679226,-0.0119097141251951
2021-10-01,139.25669860839844,278.58160400390625,20.698244094848636,258.4066772460937,148.14096069335938,38.50991439819336,33.526100158691406,51.4652099609375,43.01643753051758,40.2586784362793,4357.0400390625,0.0081271400946054,0.0254684253131316,0.0012553704546915,-0.0003352887910834,0.0210155188886849,0.0148407933881771,-0.0018597301250499,0.0358721305297704,-0.0167169011669993,0.0053691409431648,0.0114914776301819
2021-10-04,135.83018493652344,272.80938720703125,19.69037437438965,260.510009765625,147.9813995361328,38.742332458496094,33.127811431884766,52.13249969482422,42.60212326049805,40.4069709777832,4300.4599609375,-0.0246057367876474,-0.020720021400961,-0.0486934889665267,0.0081396213981275,-0.0010770900666483,0.0060352785492983,-0.0118799599393127,0.0129658410874684,-0.0096315337532448,0.0036834925353701,-0.0129858981367484
2021-10-05,137.75331115722656,278.25396728515625,20.407859802246094,260.1966552734375,150.39794921875,39.52898025512695,33.04971694946289,52.04802703857422,42.8814697265625,40.41438293457031,4345.72021484375,0.0141583126136641,0.0199574513687579,0.0364383842690998,-0.001202850103416,0.0163300907424324,0.0203046060139404,-0.0023573692026848,-0.0016203454034333,0.0065571019631189,0.0001834326258007,0.0105245146606092
2021-10-06,138.62216186523438,282.44561767578125,20.656333923339844,260.9166564941406,150.718994140625,39.54684829711914,32.815425872802734,51.093563079833984,43.19535827636719,40.4292106628418,4363.5498046875,0.0063072945449285,0.0150641172577761,0.0121754129782096,0.0027671424905384,0.0021346363001801,0.0004520238538121,-0.0070890494166233,-0.0183381390812922,0.0073199111832273,0.0003668923584825,0.0041027928541854
2021-10-07,139.8814697265625,284.1223449707031,21.030540466308597,264.53668212890625,151.6731414794922,39.43958282470703,33.37771987915039,51.23714828491211,43.70382308959961,40.43671417236328,4399.759765625,0.0090844627178185,0.0059364606493792,0.0181158256037841,0.0138742603994963,0.0063306376499363,-0.0027123646265364,0.0171350513178523,0.0028102405943732,0.0117712836175412,0.0001855962408976,0.0082982806564053
2021-10-08,139.500732421875,284.1223449707031,20.78705406188965,261.8299865722656,151.78903198242188,39.6362533569336,33.151248931884766,52.52103805541992,43.83564758300781,39.94156646728516,4391.33984375,-0.0027218566221226,0.0,-0.0115777530686393,-0.0102318345223733,0.0007640805867092,0.0049866281066077,-0.0067850934121803,0.0250577913385918,0.0030163149145543,-0.0122450034631282,-0.0019137230947889
2021-10-11,139.41287231445312,283.5249328613281,20.651344299316406,263.9800109863281,148.59671020507812,39.135650634765625,32.8466682434082,51.997344970703125,43.79483795166016,39.146331787109375,4361.18994140625,-0.0006298182518222,-0.0021026579568622,-0.0065285712044232,0.0082115285655759,-0.0210313073062712,-0.0126299203322759,-0.0091876082588133,-0.009971110703566,-0.0009309690536765,-0.0199099522255127,-0.0068657638480568
2021-10-12,138.14381408691406,282.2240295410156,20.627389907836918,268.5733337402344,147.45530700683594,38.921119689941406,32.68267059326172,51.72705078125,43.74776458740234,38.50865936279297,4350.64990234375,-0.0091028769902726,-0.004588320706697,-0.0011599434464071,0.0174002673033608,-0.0076812144539871,-0.0054817267975517,-0.0049928245060104,-0.0051982305943777,-0.0010748610215154,-0.016289455364152,-0.0024167805585421
2021-10-13,137.55807495117188,285.5291442871094,20.89483070373535,270.3599853515625,143.56739807128906,38.56355667114258,32.346858978271484,51.583473205566406,43.43075942993164,38.52365112304688,4363.7998046875,-0.0042400677845311,0.0117109615062505,0.0129653241196951,0.00665237902232,-0.0263666938441669,-0.0091868636269278,-0.0102749135518769,-0.0027756768173536,-0.0072462024165226,0.0003893088074731,0.0030225144837938
2021-10-14,140.3402862548828,291.73486328125,21.70012664794922,272.7733459472656,145.7698974609375,40.28881072998047,32.54209899902344,52.3690071105957,43.90156936645508,38.95127868652344,4438.259765625,0.0202257214249219,0.0217341000675592,0.0385404388114953,0.0089264710995042,0.0153412224449089,0.0447379393335083,0.0060358262569821,0.0152284027463378,0.0108404721147694,0.0111003903059625,0.0170631019455833
2021-10-15,141.3946075439453,293.141845703125,21.815879821777344,281.010009765625,148.56991577148438,41.45089721679688,32.40152740478516,52.86735153198242,44.11499786376953,39.21385192871094,4471.3701171875,0.0075126060890859,0.0048228120768636,0.0053342165097025,0.0301959995019152,0.0192084810329047,0.0288439014644743,-0.0043196843031696,0.0095160181351976,0.0048615231845796,0.0067410686129374,0.0074602103777126
2021-10-18,143.06390380859375,296.1097412109375,22.17511940002441,290.03668212890625,148.5164794921875,41.37044906616211,32.26877212524414,52.84201049804688,44.469669342041016,38.94378280639648,4486.4599609375,0.0118059400824719,0.0101244348130979,0.0164668847271729,0.0321222449364344,-0.0003596709267781,-0.001940806014741,-0.004097192020689,-0.0004793323894844,0.0080397029456227,-0.0068870847680415,0.0033747695570975
2021-10-19,145.2213134765625,297.0155944824219,22.242979049682617,288.0899963378906,150.3177032470703,41.54923629760742,32.870094299316406,53.6359977722168,45.41444396972656,39.27387619018555,4519.6298828125,0.015080041929061,0.0030591809231939,0.0030601706549608,-0.0067118606402704,0.0121281070022776,0.0043216168903408,0.018634801836846,0.0150256825333938,0.021245371095943,0.0084761510054141,0.0073933395514063
2021-10-20,145.70945739746094,296.225341796875,22.056377410888672,288.6000061035156,152.34190368652344,42.094520568847656,33.42457580566406,53.93162536621094,45.82561111450195,40.219146728515625,4536.18994140625,0.0033613793265767,-0.0026606437514634,-0.0083892377175353,0.0017703140411262,0.0134661480033795,0.0131238097214227,0.0168688748288496,0.0055117385016238,0.0090536646237369,0.0240686845818975,0.0036640298040166
2021-10-21,145.92420959472656,299.45343017578125,22.64412879943848,298.0,151.1470184326172,41.862098693847656,33.47142791748047,52.95181655883789,46.07985305786133,40.05409622192383,4549.77978515625,0.0014738384254622,0.0108974078967214,0.026647684594826,0.0325710107334951,-0.0078434444167442,-0.0055214282490725,0.0014017264449013,-0.0181676113174759,0.0055480317048934,-0.0041037794189396,0.0029958718496225
2021-10-22,145.15301513671875,297.9117126464844,22.678058624267575,303.2266540527344,153.1800994873047,42.52360153198242,33.70570755004883,53.31501388549805,46.56007385253906,39.70900344848633,4544.89990234375,-0.0052848972774952,-0.0051484383678352,0.0014983939161279,0.0175391075595112,0.0134510166046963,0.0158019511389662,0.0069993916347383,0.0068590154269134,0.0104214914503901,-0.0086156674594647,-0.001072553627413
2021-10-25,145.10421752929688,296.9192199707031,23.11713218688965,341.6199951171875,152.43112182617188,42.46995544433594,33.69790267944336,54.35394287109375,47.09993743896485,39.44643020629883,4566.47998046875,-0.0003361804601572,-0.0033314993457775,0.0193611618126881,0.1266159836258198,-0.004889523271232,-0.0012615603033091,-0.0002315593165899,0.0194866119293706,0.0115949899077822,-0.0066124359561964,0.0047481965694935
2021-10-26,145.76805114746094,298.8271179199219,24.66486167907715,339.4766540527344,152.8412628173828,42.87222290039063,34.018089294433594,55.61249542236328,46.68876647949219,39.82154083251953,4574.7900390625,0.0045748747311913,0.0064256465088619,0.0669516218393759,-0.0062740503925067,0.0026906643885928,0.0094718125283161,0.0095016778354446,0.0231547609021542,-0.0087297559578605,0.0095093681293574,0.0018197952535197
2021-10-27,145.30923461914062,311.41192626953125,24.399412155151367,345.9533386230469,149.6578369140625,42.04981994628906,33.55732345581055,54.16812515258789,46.30584335327149,39.48393630981445,4551.68017578125,-0.0031475794915867,0.042114010392396,-0.0107622547160262,0.0190784388057105,-0.0208283145836338,-0.019182652507017,-0.0135447301179976,-0.0259720456491971,-0.0082016115458714,-0.0084779372080293,-0.0050515680684628
2021-10-28,148.9407196044922,312.549072265625,24.88838577270508,359.0133361816406,151.91392517089844,42.7113151550293,33.7213249206543,54.320159912109375,46.5946044921875,39.61146926879883,4596.419921875,0.024991426008607,0.0036515813948292,0.0200403851717583,0.0377507487297992,0.0150749757136436,0.0157312257123853,0.0048872033867572,0.0028067199869519,0.0062359546442771,0.003229996066848,0.0098292815764611
2021-10-29,146.2366180419922,319.55450439453125,25.5130672454834,371.3333435058594,151.49476623535156,42.7113151550293,34.15866470336914,54.45531463623047,46.8990592956543,39.7540168762207,4605.3798828125,-0.0181555559129877,0.0224138631355546,0.0250993165440003,0.0343162943617936,-0.0027591870532956,0.0,0.0129692348608454,0.0024881135169663,0.0065341214242486,0.0035986447878153,0.0019493347191492
2021-11-01,145.4165802001953,317.3863830566406,25.77251434326172,402.86334228515625,151.4145050048828,42.77389907836914,34.080562591552734,55.43512344360352,47.01520156860352,39.72400665283203,4613.669921875,-0.0056076094536143,-0.0067848248360592,0.0101691848840421,0.0849102277797451,-0.0005297954012751,0.0014652773653229,-0.0022864509633101,0.0179928958985604,0.0024764307577485,-0.0007548978882337,0.0018000771431341
2021-11-02,146.4513702392578,321.0095520019531,26.345308303833008,390.6666564941406,152.0120086669922,42.80071640014648,35.49407958984375,54.75094223022461,46.99322128295898,39.43892288208008,4630.64990234375,0.0071160388838598,0.0114156408048102,0.022224993376366,-0.0302749952920325,0.0039461454640037,0.0006269552777549,0.0414757530628726,-0.0123420165930533,-0.0004675144402491,-0.0071766116958805,0.0036803630854131
2021-11-03,147.8863983154297,321.8479309082031,26.54189109802246,404.6199951171875,152.06549072265625,43.23872756958008,35.0020751953125,53.99919509887695,47.13761520385742,39.71650695800781,4660.56982421875,0.009798666095288,0.0026116945773779,0.00746177618885,0.0357167380197345,0.0003518278334262,0.0102337345323524,-0.0138615904459749,-0.013730304917614,0.0030726542457901,0.0070383280181787,0.0064612791953579
2021-11-04,147.36900329589844,324.1991577148437,29.738134384155277,409.9700012207031,150.06802368164062,42.309059143066406,34.545162200927734,54.40463638305664,47.48286819458008,38.89875793457031,4680.06005859375,-0.0034985977441122,0.0073053966822336,0.1204225906258411,0.0132222978796836,-0.0131355709406725,-0.0215008275860486,-0.0130538830007986,0.0075082838445514,0.0073243627033214,-0.0205896511569384,0.0041819423611504
2021-11-05,147.89694213867188,323.8329162597656,29.68923568725586,407.36334228515625,149.85400390625,41.98725128173828,38.29510498046875,54.91987228393555,47.1533088684082,39.19135665893555,4697.52978515625,0.0035824279934457,-0.0011296804645007,-0.001644309500648,-0.006358169933862,-0.0014261517553176,-0.0076061219002754,0.1085518938290093,0.0094704410346793,-0.0069405943386017,0.007522058284159,0.0037327996529492
2021-11-08,147.0757293701172,324.7291259765625,30.739015579223636,387.6466674804688,150.75465393066406,42.317996978759766,38.074520111083984,55.511138916015625,46.85198211669922,39.25886535644531,4701.7001953125,-0.0055526014039201,0.002767506549822,0.0353589396179165,-0.0484007095338629,0.0060101832512764,0.0078772886274967,-0.0057601322544296,0.0107659870187466,-0.0063903628173773,0.0017225404595524,0.0008877879113036
2021-11-09,147.4374237060547,323.7269287109375,30.59232711791992,341.1666564941406,149.6132354736328,41.90679550170898,37.26308441162109,56.05170822143555,47.01520156860352,39.19135665893555,4685.25,0.0024592387709823,-0.0030862561607649,-0.0047720611262146,-0.1199030325435985,-0.0075713646462697,-0.0097169409331253,-0.0213117774589279,0.0097380330502272,0.0034837256510888,-0.0017195784161572,-0.0034987758957707
2021-11-10,144.61207580566406,318.76434326171875,29.396852493286133,355.9833374023437,149.47059631347656,42.21966552734375,38.61809921264648,54.94746017456055,46.59147262573242,39.461421966552734,4646.7099609375,-0.0191630308599498,-0.0153295416880501,-0.0390775968113101,0.0434294519296247,-0.0009533859735383,0.0074658542102561,0.0363634632618552,-0.019700524424922,-0.0090125944106143,0.0068909405195498,-0.0082258233952297
2021-11-11,144.5631866455078,320.3349914550781,30.32588768005371,354.5033264160156,149.4616241455078,42.45208358764648,39.53195190429688,55.05018615722656,46.610294342041016,39.348899841308594,4649.27001953125,-0.0003380710765948,0.0049273020228295,0.0316032196637294,-0.0041575288246014,-6.002630744805781e-05,0.0055049716145241,0.0236638444222325,0.001869531045469,0.0004039734150449,-0.0028514462894801,0.0005509400447352
2021-11-12,146.63577270507812,324.4689636230469,30.32588768005371,344.47332763671875,148.79283142089844,41.9336166381836,39.17743682861328,54.6307373046875,46.378028869628906,39.26637649536133,4682.85009765625,0.0143368869188849,0.0129051532871595,0.0,-0.0282931020159921,-0.0044746785566727,-0.0122129918168197,-0.0089678110643726,-0.0076193902658402,-0.0049831367875017,-0.0020972211746727,0.0072226560264154
2021-11-15,146.64553833007812,323.8425598144531,29.9616641998291,337.7966613769531,148.5253448486328,42.05876922607422,39.11441040039063,55.1015510559082,46.11124420166016,39.31138610839844,4682.7998046875,6.65978350291585e-05,-0.0019305507731749,-0.0120103155451627,-0.0193822444993675,-0.0017977114200412,0.0029845407557014,-0.0016087430246742,0.0086181108740097,-0.0057523934171218,0.0011462634715588,-1.0739820344718431e-05
2021-11-16,147.62319946289062,327.15753173828125,30.139284133911133,351.57666015625,147.45530700683594,42.0855712890625,39.07501983642578,55.65795516967773,44.93735122680664,39.05630874633789,4700.89990234375,0.0066668317628042,0.0102363689495521,0.0059282399301119,0.0407937684260282,-0.007204412438075,0.0006372526700488,-0.0010070601489741,0.010097794038592,-0.025457846457573,-0.0064886382117687,0.0038652298648624
2021-11-17,150.05752563476562,327.3794860839844,29.19927215576172,363.0033264160156,146.66165161132812,41.57604217529297,40.07553482055664,55.05018615722656,44.55127716064453,38.80874252319336,4688.669921875,0.0164901328567055,0.0006784326331226,-0.031188928508483,0.0325012082846662,-0.005382345414472,-0.012106978666628,0.0256049769985831,-0.0109197150811295,-0.0085913845747944,-0.006338699971685,-0.0026016253744634
2021-11-18,154.33956909179688,329.4550170898437,31.60818290710449,365.4599914550781,145.39540100097656,41.406211853027344,40.50094604492188,54.45098114013672,44.93421173095703,38.44113540649414,4704.5400390625,0.0285360126985805,0.0063398321950045,0.0824989999234426,0.0067676102677005,-0.0086338221098674,-0.0040848121509398,0.0106152351121469,-0.0108847046471102,0.0085953668383444,-0.0094722759048305,0.0033847802152713
2021-11-19,156.95957946777344,331.2313537597656,32.9154167175293,379.0199890136719,143.4960174560547,40.58380126953125,40.020389556884766,51.93430709838867,44.69252395629883,38.15604782104492,4697.9599609375,0.0169756232403257,0.0053917426591731,0.0413574489323453,0.0371039180092043,-0.013063573757117,-0.0198620097490508,-0.0118653151337281,-0.0462190761130834,-0.0053787028935837,-0.0074162113692681,-0.0013986655593032
2021-11-22,157.41912841796875,328.0649108886719,31.888586044311523,385.6233215332031,146.5546417236328,41.37044906616211,40.33551025390625,52.65334701538086,45.442684173583984,38.66619873046875,4682.93994140625,0.0029278171600202,-0.009559610934025,-0.0311960405067855,0.0174221220804611,0.0213150463810942,0.0193832951084709,0.0078740037393583,0.0138451816759579,0.0167849150345296,0.0133701192486308,-0.0031971365563219
2021-11-23,157.80038452148438,325.9892883300781,31.679027557373047,369.6766662597656,150.05909729003906,42.46102142333984,40.24098205566406,54.04010009765625,45.7659797668457,38.8237419128418,4690.7001953125,0.0024219172558455,-0.0063268654760157,-0.0065715829057857,-0.0413529327272921,0.0239122795783897,0.0263611438066242,-0.0023435478477189,0.0263374155848117,0.0071143595309375,0.0040744419556533,0.0016571329129451
2021-11-24,158.31857299804688,326.2113952636719,32.605072021484375,372.0,148.88204956054688,42.57723236083984,40.09128952026367,54.33969497680664,45.99510955810547,38.75622177124024,4701.4599609375,0.0032838226480491,0.0006813319993779,0.0292320988210321,0.0062847724844008,-0.0078438945105551,0.0027368851149709,-0.003719902640381,0.0055439364214535,0.0050065527369251,-0.0017391456432287,0.0022938506357221
2021-11-26,153.30328369140625,318.26629638671875,31.436542510986328,360.6400146484375,144.3966522216797,40.90560531616211,42.54136276245117,52.430789947509766,45.480350494384766,38.86125183105469,4594.6201171875,-0.0316784645772577,-0.0243556754678395,-0.0358388875733221,-0.030537595031082,-0.0301271869382956,-0.0392610546056816,0.0611123581083401,-0.0351291082902036,-0.0111916042524131,0.0027100180310244,-0.0227248226375824
2021-11-29,156.65660095214844,324.9757080078125,33.30558776855469,378.9966735839844,143.7724609375,40.75364685058594,41.28087615966797,52.721824645996094,44.76784896850586,38.75622177124024,4655.27001953125,0.0218737471239838,0.0210811251372382,0.059454542652557,0.0509002279002275,-0.0043227545415763,-0.0037148567880043,-0.0296296714757751,0.0055508356593081,-0.0156661397314181,-0.0027026936824128,0.0132001995370349
2021-11-30,161.60340881347656,319.14483642578125,32.6070671081543,381.586669921875,141.63232421875,39.75246047973633,42.32865524291992,51.22381591796875,44.14011001586914,37.71342086791992,4567.0,0.0315773981515095,-0.0179424844329936,-0.020973077108097,0.0068338234037736,-0.0148855817365493,-0.0245667921332349,0.025381706512219,-0.0284134461977713,-0.014022093245497,-0.026906670868886,-0.0189613103345052
2021-12-01,161.0852508544922,318.6524353027344,31.372528076171875,365.0,140.79409790039062,39.18928527832031,43.07707214355469,51.18101501464844,43.04468536376953,37.33830642700195,4513.0400390625,-0.0032063553781989,-0.0015428766718003,-0.0378610878398717,-0.0434676345619486,-0.0059183263635831,-0.0141670526709433,0.0176810932532507,-0.0008355664753453,-0.0248169896202293,-0.0099464443236718,-0.0118151874178892
2021-12-02,160.09786987304688,318.0828552246094,32.06214904785156,361.5333251953125,143.75462341308594,40.321044921875,41.78506088256836,52.45647430419922,42.5205192565918,38.05852890014648,4577.10009765625,-0.0061295554757971,-0.0017874650089646,0.0219816831466466,-0.0094977391909246,0.0210273410380443,0.0288793131979057,-0.0299930147685221,0.024920554803099,-0.012177254932822,0.0192891039274261,0.0141944361315831
2021-12-03,158.2207794189453,311.8271789550781,30.63199806213379,338.3233337402344,141.1507568359375,39.40485382080078,42.75406646728516,52.12262725830078,43.16081619262695,38.576168060302734,4538.43017578125,-0.0117246435295488,-0.0196668137461036,-0.0446055872169806,-0.0641987607713322,-0.0181132718748536,-0.0227224047107262,0.0231902398668286,-0.006364267715791,0.015058539905669,0.0136011342297117,-0.0084485637302975
2021-12-06,161.6229705810547,314.8971862792969,29.977304458618164,336.336669921875,142.81834411621094,39.656368255615234,40.55609893798828,52.7132682800293,43.62849807739258,38.313602447509766,4591.669921875,0.0215028087625637,0.0098452204663692,-0.0213728664446781,-0.005872086315763,0.0118142284012809,0.006382828774299,-0.0514095549479191,0.0113317584472769,0.0108357979765341,-0.0068064202847344,0.0117308725774514
2021-12-07,167.35191345214844,323.3249206542969,32.36255645751953,350.5833435058594,144.96737670898438,40.15937042236328,40.74516296386719,53.30392456054688,43.487247467041016,38.10353088378906,4686.75,0.0354463406438916,0.0267634476972591,0.0795685950414275,0.042358371411876,0.0150473148675129,0.0126840199663724,0.0046617902320436,0.0112050779583583,-0.0032375767348442,-0.0054829499264263,0.0207070803744042
2021-12-08,171.16470336914062,323.3731689453125,31.762754440307617,356.32000732421875,143.3087615966797,39.665340423583984,40.49306488037109,53.458003997802734,43.04782485961914,37.87847137451172,4701.2099609375,0.0227830673599223,0.0001492254012402,-0.0185338268316114,0.0163631955842291,-0.0114412990698885,-0.012301736645358,-0.0061871904579118,0.0028905833580947,-0.0101046314268318,-0.0059065263522098,0.0030852853123166
2021-12-09,170.6563262939453,321.5679016113281,30.429405212402344,334.6000061035156,143.0858612060547,39.961761474609375,41.02878189086914,53.59496688842773,43.64659118652344,37.63090133666992,4667.4501953125,-0.0029701046137936,-0.0055826132386688,-0.0419783879389636,-0.0609564458190524,-0.0015553856452428,0.0074730494648458,0.013229845952158,0.0025620651798115,0.0139093282612281,-0.0065359036111575,-0.0071810801698947
2021-12-10,175.43698120117188,330.6810913085937,30.13798713684082,339.010009765625,142.51513671875,39.98870086669922,41.58023071289063,53.93737030029297,44.443885803222656,37.65340423583984,4712.02001953125,0.0280133471231074,0.0283398611975906,-0.009576857435345,0.0131799270223116,-0.0039886854123399,0.0006741292449523,0.0134405360482861,0.0063887232653403,0.0182670535092186,0.0005979899064492,0.0095490733384817
2021-12-13,171.80992126464844,327.6498107910156,28.105030059814453,322.1366577148437,140.82086181640625,39.14437103271485,43.48671722412109,52.75607681274414,45.24434280395508,37.720924377441406,4668.97021484375,-0.0206744319908487,-0.0091667791030399,-0.0674549719526979,-0.0497724302077295,-0.0118883856224153,-0.0211142101564866,0.0458507920361155,-0.0219012065470016,0.0180105088982651,0.00179320151715,-0.0091361676115676
2021-12-14,170.43142700195312,316.9726867675781,28.280685424804688,319.5033264160156,141.8998565673828,39.638404846191406,43.75457763671875,52.67903518676758,45.67607116699219,37.998512268066406,4634.08984375,-0.0080233682231419,-0.0325869988987959,0.0062499618259221,-0.0081745781976763,0.0076621797158384,0.012620813681325,0.0061595914728898,-0.0014603365267288,0.0095421512675695,0.0073589896113734,-0.007470677577436
2021-12-15,175.2903289794922,323.0642395019531,30.39846992492676,325.3299865722656,140.83872985839844,39.46773910522461,46.32281494140625,52.44791793823242,45.93764114379883,37.92348861694336,4709.85009765625,0.0285094249517923,0.0192179105288072,0.0748844827595511,0.0182366181335567,-0.0074779970512548,-0.0043055653129592,0.0586964254577158,-0.0043872718571202,0.005726630380497,-0.0019743839072904,0.0163484646307467
2021-12-16,168.40777587890625,313.6517639160156,28.330581665039062,308.97332763671875,143.041259765625,40.41984939575195,48.25292205810547,52.53351211547852,45.17184829711914,39.57395935058594,4668.669921875,-0.0392637354305561,-0.0291349968057377,-0.0680260639760697,-0.0502771327902586,0.0156386663628749,0.0241237606235547,0.041666447065892,0.0016319842733683,-0.0166702692522352,0.0435210681779203,-0.0087434153799804
2021-12-17,167.3127899169922,312.58984375,27.74574851989746,310.8566589355469,139.78646850585938,39.41384506225586,46.858516693115234,51.38644790649414,43.725364685058594,39.88905715942383,4620.64013671875,-0.0065019917055457,-0.0033856661692486,-0.0206431746462624,0.0060954494461815,-0.0227542127711867,-0.0248888689229461,-0.0288978429805993,-0.021834904288579,-0.0320217938072017,0.0079622512886929,-0.0102876806370926
2021-12-20,165.95391845703125,308.83453369140625,27.66391372680664,299.9800109863281,137.2718048095703,38.76713180541992,48.071739196777344,50.6417236328125,43.86719512939453,39.82902908325195,4568.02001953125,-0.0081217428783245,-0.0120135382952401,-0.00294945342823,-0.0349892712173617,-0.0179893213067591,-0.0164082762241143,0.0258911845547249,-0.0144926202145122,0.0032436652125718,-0.001504875784152,-0.0113880578514099
2021-12-21,169.12147521972656,315.9590759277344,29.0172176361084,312.84332275390625,139.18898010253906,39.69228744506836,46.44098281860352,51.78877639770508,43.999542236328125,39.59646987915039,4649.22998046875,0.0190869657802954,0.0230691242691372,0.0489194668066936,0.0428805630257957,0.0139662714832689,0.0238644335178568,-0.0339233904456517,0.0226503500001205,0.0030169949672691,-0.005838937314175,0.0177779345515725
2021-12-22,171.71218872070312,321.6644592285156,29.341567993164062,336.2900085449219,139.7329864501953,39.77312850952149,46.91366195678711,52.20823287963867,44.05626678466797,39.58897018432617,4696.56005859375,0.0153186548166674,0.018057348990621,0.0111778586466557,0.0749470552371662,0.0039084009901897,0.0020366945232122,0.0101780606157679,0.0080993703869818,0.0012892076930066,-0.0001894031171745,0.0101801972205788
2021-12-23,172.33787536621094,323.1028137207031,29.581092834472656,355.6666564941406,140.23233032226562,39.89888381958008,46.25191116333008,52.23390579223633,43.95856857299805,39.52145385742188,4725.7900390625,0.0036438103210338,0.0044715990558523,0.0081633279231838,0.0576188630553096,0.0035735575740256,0.003161815898603,-0.0141057160293003,0.0004917406926383,-0.0022175780836682,-0.0017054327654882,0.0062236999216618
2021-12-27,176.29727172851562,330.5942077636719,30.88349914550781,364.6466674804688,141.034912109375,40.09650039672852,46.63793182373047,52.9786376953125,44.35878753662109,39.52145385742188,4791.18994140625,0.0229746151499845,0.0231857901721785,0.0440283365568352,0.0252483914990668,0.0057232293385196,0.0049529349753756,0.0083460477781605,0.014257633844928,0.0091044585075246,0.0,0.0138389352474752
2021-12-28,175.28053283691406,329.4357604980469,30.26173973083496,362.8233337402344,141.462890625,40.150390625,45.700439453125,52.807430267333984,44.99538040161133,39.55145263671875,4786.35009765625,-0.0057671844926067,-0.0035041366074178,-0.0201324147805733,-0.0050002753427935,0.0030345572541152,0.0013440132614634,-0.0201014996580197,-0.0032316313787295,0.014350997859549,0.0007590504996373,-0.001010154848626
2021-12-29,175.36854553222656,330.11151123046875,29.94137382507324,362.0633239746094,141.3915557861328,40.087501525878906,45.3616943359375,52.34518814086914,44.97331237792969,39.2813835144043,4793.06005859375,0.0005021247590248,0.0020512367309495,-0.0105864999372553,-0.002094710276184,-0.0005042653840312,-0.0015663384127061,-0.0074122945258535,-0.0087533539148709,-0.000490450874838,-0.0068282984393783,0.001401895139427
2021-12-30,174.21490478515625,327.57257080078125,29.527204513549805,356.7799987792969,141.32020568847656,39.99768829345703,46.007694244384766,52.03702163696289,45.1182861328125,39.198848724365234,4778.72998046875,-0.0065783789422961,-0.0076911599363008,-0.0138326756127871,-0.0145922683836461,-0.0005046277145728,-0.0022404297849267,0.0142410886080037,-0.0058871983242647,0.0032235507508215,-0.0021011171871988,-0.0029897555945093
2021-12-31,173.5989990234375,324.6764221191406,29.352548599243164,352.260009765625,141.20431518554688,39.961761474609375,46.5197639465332,52.37942886352539,45.59729766845703,38.98128128051758,4766.18017578125,-0.0035353218628354,-0.0088412429482747,-0.005915084654441,-0.0126688408238599,-0.0008200561438832,-0.0008982223818553,0.0111300883593168,0.0065800696464011,0.0106167936927943,-0.0055503529039213,-0.0026261799136575
2022-01-03,177.93971252441406,323.1607666015625,30.06113815307617,399.9266662597656,144.1915740966797,41.47974395751953,44.6290397644043,54.39105987548828,45.58468627929688,39.34139251708984,4796.56005859375,0.025004254203047,-0.0046682032150211,0.0241406483473558,0.1353166841897706,0.0211555780516159,0.0379858751690573,-0.0406434603645449,0.0384049817955096,-0.0002765819424617,0.0092380554138491,0.0063740525309705
2022-01-04,175.68136596679688,317.6194763183594,29.231786727905277,383.1966552734375,149.6578369140625,43.10552978515625,42.958892822265625,56.43693542480469,44.74956512451172,40.11412048339844,4793.5400390625,-0.0126916387892181,-0.0171471628238684,-0.0275888231825321,-0.041832696836128,0.0379097242791572,0.0391946929398052,-0.0374228742306654,0.0376141879566203,-0.0183202128378899,0.0196416018058569,-0.0006296219570605
2022-01-05,171.00828552246094,305.4267578125,27.54913711547852,362.7066650390625,146.92178344726562,42.37796401977539,43.825477600097656,57.13885116577149,45.354637145996094,40.52674102783203,4700.580078125,-0.0265997501705396,-0.0383878175456666,-0.0575623251527237,-0.0534712136768363,-0.0182820594177636,-0.0168787106667553,0.0201724188148275,0.0124371696599654,0.0135212938896907,0.0102861670519327,-0.0193927577906871
2022-01-06,168.15359497070312,303.0133361816406,28.12200355529785,354.8999938964844,148.48263549804688,43.23127365112305,43.20311737060547,58.48281097412109,45.22858047485352,40.33167266845703,4696.0498046875,-0.0166932879482196,-0.0079018015583983,0.020794351467998,-0.0215233738308541,0.0106236938741046,0.0201356920060968,-0.0142008772881188,0.0235209455725753,-0.0027793557412176,-0.0048133245957535,-0.0009637690162076
2022-01-07,168.31976318359375,303.1678161621094,27.192852020263672,342.32000732421875,149.95388793945312,44.17439270019531,43.89638519287109,58.962162017822266,45.66031646728516,41.18205642700195,4677.02978515625,0.0009881930441009,0.0005098124802538,-0.0330400191155348,-0.0354465674517168,0.0099085824848899,0.0218156665168658,0.0160467083039081,0.0081964432919152,0.009545645428153,0.0210847629736417,-0.0040502167400917
2022-01-10,168.33935546875,303.3897705078125,27.34554672241211,352.7066650390625,150.09739685058594,43.94984817504883,44.30603790283203,58.611209869384766,45.57208251953125,40.90111923217773,4670.2900390625,0.0001163991963015,0.0007321171109548,0.0056152514651517,0.0303419534138018,0.0009570202753979,-0.0050831377959269,0.009332265246011,-0.0059521587476968,-0.0019323989534135,-0.0068218350223041,-0.0014410312534549
2022-01-11,171.16470336914062,304.07525634765625,27.761716842651367,354.79998779296875,150.2499237060547,44.20135116577149,44.66054916381836,61.07651519775391,45.442867279052734,40.68852996826172,4713.06982421875,0.0167836445168945,0.0022594230474428,0.0152189358093239,0.0059350246575986,0.0010161858810955,0.0057224996482569,0.0080014209748073,0.0420620105584423,-0.0028354034605098,-0.0051976392799725,0.0091599846687118
2022-01-12,171.60464477539062,307.2513732910156,27.943357467651367,368.739990234375,151.1021270751953,43.88697814941406,44.6290397644043,60.89676284790039,45.203369140625,40.58223724365234,4726.35009765625,0.002570281124498,0.0104451673625427,0.0065428455318345,0.0392897489318417,0.0056719055033123,-0.0071122942640013,-0.0007055309440662,-0.0029430682034087,-0.0052703130935167,-0.0026123510653319,0.0028177544430294
2022-01-13,168.33935546875,294.24761962890625,26.52218437194824,343.85333251953125,150.91372680664062,43.797149658203125,43.75457763671875,60.46018600463867,45.843109130859375,40.635379791259766,4659.02978515625,-0.0190279774240055,-0.0423228496029951,-0.0508590672165415,-0.0674910733143576,-0.0012468406117204,-0.0020468142259673,-0.0195940161899474,-0.0071691305554638,0.0141524847018412,0.0013095026597071,-0.0142436152864307
2022-01-14,169.19964599609375,299.4607238769531,26.888458251953125,349.8699951171875,141.63807678222656,43.03366470336914,43.28976821899414,61.52165222167969,45.71388626098633,40.45315933227539,4662.85009765625,0.0051104539692945,0.0177167253030676,0.013810094782098,0.017497758575059,-0.0614632626248675,-0.0174322977817572,-0.0106231037489101,0.0175564497429692,-0.0028188068462847,-0.0044842809374595,0.0008199802697488
2022-01-18,166.0027618408203,292.172119140625,25.851518630981445,343.5033264160156,135.69947814941406,41.55160903930664,42.62801361083984,62.55742263793945,44.91344833374024,40.56705093383789,4577.10986328125,-0.0188941539236272,-0.0243391007741067,-0.0385644878280203,-0.0181972412325309,-0.041927981286722,-0.0344394481454995,-0.0152866285817614,0.0168358680050983,-0.0175097326592686,0.0028153944819739,-0.0183879456940073
2022-01-19,162.51260375976562,292.8285217285156,25.017183303833008,331.8833312988281,133.60032653808594,41.71327590942383,42.17897033691406,62.583106994628906,45.360939025878906,40.62019729614258,4532.759765625,-0.0210246988806209,0.0022466297941821,-0.032274132094837,-0.0338278969185718,-0.0154691207361669,0.0038907487304342,-0.0105339948050402,0.0004105724885454,0.0099634009130957,0.0013100869075093,-0.0096895418683388
2022-01-20,160.83108520507812,291.158447265625,24.10200500488281,332.0899963378906,132.46104431152344,41.0935173034668,42.580753326416016,62.72006988525391,44.50376129150391,40.54427337646485,4482.72998046875,-0.0103470039602171,-0.0057032506705032,-0.0365819879814359,0.0006227038828787,-0.0085275407335004,-0.0148575865224005,0.009525670880361,0.0021884961805549,-0.018896825171233,-0.0018691174521926,-0.0110373784941483
2022-01-21,158.77806091308594,285.7812805175781,23.32754898071289,314.6333312988281,130.14662170410156,40.34798812866211,41.5881233215332,61.77843475341797,44.17916870117188,40.36205291748047,4397.93994140625,-0.0127650963081816,-0.0184681804651241,-0.0321324314725277,-0.052566067125072,-0.0174724774325256,-0.0181422575560791,-0.023311706048822,-0.0150132985112845,-0.0072935990332574,-0.0044943574963698,-0.0189148218679086
2022-01-24,158.0057373046875,286.1095275878906,23.325551986694336,310.0,130.0299835205078,40.01565170288086,40.60336685180664,62.30919647216797,44.18231964111328,40.2101936340332,4410.1298828125,-0.004864170805192,0.0011485954213585,-8.560667990475945e-05,-0.0147261298721956,-0.0008962060026339,-0.0082367533350483,-0.0236787907478547,0.008591375305452,7.132184769509387e-05,-0.0037624271430826,0.0027717389433818
2022-01-25,156.2068634033203,278.5023193359375,22.27963256835937,306.1333312988281,131.44735717773438,40.80608367919922,41.39117431640625,64.14105987548828,43.22114944458008,40.16464614868164,4356.4501953125,-0.0113848644489304,-0.0265884478440384,-0.0448400714774763,-0.0124731248424899,0.0109003602004074,0.0197530701783235,0.0194025157439512,0.0293995671110693,-0.021754634078533,-0.0011327347927271,-0.0121719062536467
2022-01-26,156.118896484375,286.4377746582031,22.72674369812012,312.4700012207031,132.69427490234375,41.22824478149414,41.76143646240234,63.49045944213867,42.77996444702149,38.737247467041016,4349.93017578125,-0.0005631437507209,0.0284933186236544,0.0200681554504502,0.0206990525827113,0.0094860615791869,0.0103455432188439,0.0089454370916295,-0.0101432753779336,-0.010207618335655,-0.0355386843533159,-0.0014966358477518
2022-01-27,155.65936279296875,289.4593811035156,21.9003849029541,276.3666687011719,130.3529510498047,40.84201431274414,42.36471939086914,64.30369567871094,42.80831909179688,38.86631774902344,4326.509765625,-0.0029434853932127,0.0105489104882137,-0.0363606333640473,-0.1155417556197044,-0.017644497882536,-0.009368103609479,0.0144459333674964,0.0128087943246559,0.0006628019714813,0.0033319425210125,-0.0053840887577105
2022-01-28,166.52093505859375,297.5879211425781,22.79460906982422,282.1166687011719,131.5191192626953,41.201297760009766,43.12676239013672,64.44063568115234,43.33774566650391,40.16464614868164,4431.85009765625,0.0697778281417687,0.0280817985862948,0.0408314361063808,0.0208056927668702,0.0089462356126104,0.0087969081180581,0.0179876796122913,0.0021295821491444,0.0123673759198941,0.0334049756923737,0.0243476468880761
2022-01-31,170.87139892578125,300.2137145996094,24.43733787536621,312.239990234375,133.3043212890625,41.443824768066406,41.82493591308594,65.02273559570312,44.05941009521485,40.41519927978516,4515.5498046875,0.026125627181091,0.008823588830318,0.0720665487400991,0.1067761138393095,0.013573707278266,0.0058863924498038,-0.0301860470135479,0.0090331187518224,0.0166520989408252,0.0062381510887965,0.0188859517327795
2022-02-01,170.7052001953125,298.070556640625,24.589035034179688,310.4166564941406,135.59185791015625,42.16239547729492,42.126583099365234,69.1915283203125,44.40607070922852,40.39242172241211,4546.5400390625,-0.0009726538877401,-0.0071387743289564,0.0062075975536759,-0.0058395266373975,0.0171602585645618,0.0173384264905538,0.0072121374413132,0.0641128473974088,0.0078680266772641,-0.0005635888917773,0.0068630035578014
2022-02-02,171.9076690673828,302.6078186035156,25.19183349609375,301.8866577148437,134.50634765625,42.11748504638672,42.7536735534668,69.01175689697266,44.38716506958008,40.84797668457031,4589.3798828125,0.0070441256077407,0.0152221071884033,0.0245149295641797,-0.0274791915989145,-0.0080057185633189,-0.0010651774027494,0.0148858608499631,-0.0025981710146307,-0.000425744483727,0.0112782285075379,0.0094225154473364
2022-02-03,169.03346252441406,290.820556640625,23.900409698486328,297.0466613769531,133.39398193359375,41.70430755615234,42.372657775878906,68.20709228515625,44.431278228759766,40.84038543701172,4477.43994140625,-0.0167194783022864,-0.0389522716805099,-0.0512635889645615,-0.0160324950248789,-0.0082699868224737,-0.0098101178116244,-0.0089118839603665,-0.0116598192539524,0.000993826911688,-0.0001858414583717,-0.024391082077444
2022-02-04,168.74957275390625,295.34814453125,24.27066993713379,307.7733459472656,136.85667419433594,43.36600875854492,42.07101440429688,69.68801879882812,43.90815734863281,40.47593307495117,4500.52978515625,-0.0016794885833141,0.0155683213832089,0.0154917946310733,0.0361111096842132,0.0259583844079711,0.0398448337777868,-0.007118821131719,0.0217122071042188,-0.011773707644277,-0.0089238227837649,0.0051569298644233
2022-02-07,168.03500366210938,290.5309753417969,24.678857803344727,302.4466552734375,137.314208984375,43.57260894775391,42.23771286010742,70.52689361572266,43.47641372680664,40.24057388305664,4483.8701171875,-0.0042344942279585,-0.0163101386572057,0.0168181540628351,-0.0173071864213375,0.0033431675344481,0.0047641043094215,0.0039623113008064,0.0120375759184108,-0.0098328795353015,-0.0058147934837896,-0.0037017126347429
2022-02-08,171.1381072998047,294.01593017578125,25.05810165405273,307.3333435058594,139.8977508544922,44.35404586791992,41.03908157348633,68.7035903930664,43.485870361328125,40.10390472412109,4521.5400390625,0.0184670072905472,0.011995123170204,0.0153671557140138,0.0161571905234128,0.0188148181402783,0.0179341319934043,-0.0283782242327135,-0.0258525950765791,0.0002175118348286,-0.0033963024317875,0.0084012071916632
2022-02-09,172.5574493408203,300.43572998046875,26.651931762695312,310.6666564941406,140.48085021972656,44.26422500610352,40.85651779174805,68.37471008300781,43.39133071899414,40.62019729614258,4587.18017578125,0.008293547611399,0.0218348706508839,0.0636053812314552,0.010845920427172,0.0041680395980121,-0.0020250883557245,-0.004448534780472,-0.00478694502248,-0.0021740312784002,0.0128738728952484,0.0145172078875055
2022-02-10,168.4852752685547,291.9114074707031,25.772676467895508,301.51666259765625,139.8977508544922,44.05763244628906,40.16590881347656,67.71692657470703,42.88394546508789,40.270938873291016,4504.080078125,-0.0235989468308761,-0.0283731981889098,-0.0329903026402947,-0.0294527710174682,-0.0041507391528621,-0.0046672580348119,-0.0169032755505895,-0.0096202749160065,-0.0116932402279182,-0.0085981468850405,-0.0181157256684597
2022-02-11,165.07875061035156,284.8255615234375,23.90140724182129,286.6666564941406,138.0767059326172,43.04264450073242,40.30879974365234,69.4219741821289,42.64760208129883,40.4835319519043,4418.64013671875,-0.0202185303895152,-0.0242739604068976,-0.0726067092180053,-0.0492510296962641,-0.013016970685748,-0.0230377323791517,0.003557517666022,0.0251790459736949,-0.0055112322624668,0.0052790693378712,-0.0189694543445634
2022-02-14,165.31370544433594,284.7869873046875,24.218774795532227,291.9200134277344,136.79388427734375,42.59354019165039,39.53087615966797,68.35740661621094,42.21271133422852,40.44557189941406,4401.669921875,0.0014232893883414,-0.0001354310285344,0.0132781953171203,0.018325664372135,-0.0092906449832274,-0.0104339385809435,-0.0192991006661484,-0.0153347348366249,-0.0101973083091817,-0.0009376665191992,-0.0038405967262932
2022-02-15,169.14112854003906,290.067626953125,26.442344665527344,307.4766540527344,138.79432678222656,42.925880432128906,39.5229377746582,67.50054931640625,42.34507369995117,40.5139045715332,4471.06982421875,0.0231524850611486,0.0185424190143486,0.0918118232143316,0.0532907642827684,0.0146237714898642,0.007802597271397,-0.0002008148005043,-0.0125349591539577,0.0031356044551282,0.0016894969933687,0.0157667211707204
2022-02-16,168.9061737060547,289.7289733886719,26.458311080932617,307.7966613769531,139.0455322265625,42.82707977294922,39.43562698364258,67.8121337890625,42.08035659790039,40.54427337646485,4475.009765625,-0.00138910527565,-0.0011674986554354,0.0006038199564839,0.0010407532409399,0.0018099114723189,-0.0023016571398204,-0.0022091169313737,0.0046160286962364,-0.0062514261735973,0.0007495896841547,0.000881207755895
2022-02-17,165.31370544433594,281.2450561523437,24.458297729492188,292.1166687011719,135.84298706054688,41.38093948364258,38.81646728515625,67.70826721191406,43.76634216308594,40.680938720703125,4380.259765625,-0.0212690168920094,-0.0292822534698558,-0.0755911193772966,-0.0509426990066609,-0.0230323485748349,-0.033766959992917,-0.0157005161536584,-0.001531681298682,0.0400658573618093,0.0033707681222769,-0.021173138152195
2022-02-18,163.7670440673828,278.53643798828125,23.595008850097656,285.6600036621094,136.47991943359375,41.282135009765625,38.52275848388672,66.95527648925781,43.485870361328125,40.87075805664063,4348.8701171875,-0.009355917422551,-0.0096308116527219,-0.0352963599078919,-0.0221030352967207,0.0046887394544923,-0.0023876807803265,-0.0075666030891442,-0.0111211046104536,-0.0064083902811136,0.0046660510279943,-0.0071661613961429
2022-02-22,160.8500213623047,278.3333435058594,23.34351348876953,273.84332275390625,136.23773193359375,40.92285919189453,37.728965759277344,66.17633056640625,43.00055313110352,40.92390441894531,4304.759765625,-0.0178120251341772,-0.0007291487027288,-0.0106588373382654,-0.0413662422345285,-0.001774528450816,-0.0087029369432105,-0.0206058121445639,-0.0116338243032502,-0.0111603430307835,0.0013003517632588,-0.0101429452648328
2022-02-23,156.6897430419922,271.1263122558594,22.342500686645508,254.67999267578125,133.3850555419922,40.22224426269531,37.205055236816406,66.44464111328125,42.559364318847656,40.55186080932617,4225.5,-0.0258643317860787,-0.0258935245027452,-0.0428818396427601,-0.0699791759952694,-0.0209389597956023,-0.0171203807122545,-0.0138861617835922,0.0040544790649241,-0.0102600729555905,-0.0090911073833636,-0.0184121228454876
2022-02-24,159.30335998535156,284.9791564941406,23.700803756713867,266.92333984375,129.67117309570312,39.1623420715332,36.48271942138672,65.6051025390625,42.39548873901367,39.92926788330078,4288.7001953125,0.0166802044129903,0.0510936918037245,0.0607945855801288,0.0480734550026278,-0.027843317463101,-0.0263511450092089,-0.0194149910766668,-0.0126351585342664,-0.0038505175642722,-0.0153530051050629,0.0149568560673292
2022-02-25,161.36878967285156,287.61041259765625,24.10898971557617,269.9566650390625,132.73912048339844,40.43780517578125,37.87978744506836,67.37071990966797,42.978492736816406,41.090938568115234,4384.64990234375,0.0129653868423738,0.0092331528238267,0.0172224521603692,0.0113640313248295,0.0236594403709993,0.0325686114971957,0.0382939661801269,0.026912805593958,0.0137515574213968,0.0290932127333165,0.0223726776556034
2022-02-28,161.63311767578125,289.0421447753906,24.33653450012207,290.1433410644531,127.20423889160156,39.701271057128906,37.26062774658203,67.8727035522461,42.59402847290039,40.749271392822266,4373.93994140625,0.0016380367198982,0.0049780262293119,0.0094381717040135,0.0747774685335871,-0.0416974406010858,-0.0182139983970609,-0.0163453847090405,0.0074510654369019,-0.00894550365622,-0.0083149031684102,-0.0024426034406476
2022-03-01,159.75364685058594,285.3274841308594,23.43034172058105,288.1233215332031,122.40492248535156,38.1473503112793,36.316017150878906,68.52183532714844,42.8556022644043,40.70372009277344,4306.259765625,-0.0116280057714739,-0.0128516228919414,-0.0372359005977812,-0.0069621433455585,-0.0377292175800823,-0.0391403273616496,-0.0253514407252511,0.0095639593080694,0.0061410906852901,-0.0011178433010424,-0.0154735036804118
2022-03-02,163.04266357421875,290.3964538574219,24.175981521606445,293.2966613769531,124.94358825683594,38.76713180541992,37.863914489746094,69.69894409179688,42.9091682434082,41.10612869262695,4386.5400390625,0.0205880540975003,0.0177654450008668,0.0318236844309627,0.0179552971145164,0.0207398993434122,0.0162470391543123,0.0426229928363641,0.0171785936414061,0.0012499177744236,0.0098862855516972,0.018642691757321
2022-03-03,162.71966552734375,286.26580810546875,23.67090606689453,279.7633361816406,124.0555191040039,38.35193634033203,37.96710205078125,70.14034271240234,43.89555358886719,41.50093460083008,4363.490234375,-0.0019810645863741,-0.0142241604437125,-0.0208916214740039,-0.0461421044882577,-0.0071077609121206,-0.0107099866756158,0.002725221689984,0.0063329312424607,0.0229877526374684,0.0096045509698883,-0.0052546664300883
2022-03-04,159.72425842285156,280.4034423828125,22.894317626953125,279.42999267578125,120.56592559814452,36.96190643310547,38.61801910400391,72.78010559082031,45.00798034667969,41.84259796142578,4328.8701171875,-0.018408390250709,-0.0204787493185227,-0.0328077192206648,-0.0011915196265851,-0.02812928865288,-0.0362440606620627,0.0171442385134388,0.0376354431178336,0.0253425840856609,0.0082326666587617,-0.0079340425503344
2022-03-07,155.93601989746094,269.8107604980469,21.313194274902344,268.1933288574219,115.91014862060548,34.60609436035156,38.0861701965332,75.40258026123047,44.64557647705078,41.51611709594727,4201.08984375,-0.023717364931266,-0.0377765757608078,-0.0690618247642964,-0.0402128050420025,-0.0386160264970477,-0.0637362165562945,-0.0137720400945051,0.0360328505863136,-0.0080519913765835,-0.0078025954741024,-0.0295181583134491
2022-03-08,154.11529541015625,266.8505859375,21.474903106689453,274.79998779296875,115.09381866455078,34.83173751831055,37.65752410888672,75.97381591796875,43.72222518920898,40.43038940429688,4170.7001953125,-0.01167609952147,-0.0109712991249224,0.007587264006575,0.0246339421032322,-0.0070427824118032,0.0065203300785512,-0.0112546387687334,0.0075758104664223,-0.020681809054844,-0.0261519565796863,-0.0072337535181997
2022-03-09,159.5089111328125,279.0878601074219,22.97217559814453,286.3233337402344,119.70475006103516,37.04314422607422,38.6973876953125,71.65495300292969,43.949127197265625,40.30131912231445,4277.8798828125,0.0349972772546807,0.0458581498966166,0.0697219672664635,0.0419335751788576,0.0400623721585193,0.0634882686113824,0.0276137003436289,-0.0568467288743568,0.0051896262615802,-0.0031924075895423,0.0256982478914358
2022-03-10,155.17245483398438,276.2727966308594,22.6168212890625,279.4333190917969,118.28738403320312,36.709171295166016,39.05460357666016,73.8792953491211,44.94810104370117,40.41519927978516,4259.52001953125,-0.0271862949099905,-0.0100866568523581,-0.0154689009564568,-0.0240637553301487,-0.0118405161625527,-0.0090157824851466,0.0092310076370072,0.0310424088353036,0.022730231750716,0.0028257178660848,-0.0042918136516678
2022-03-11,151.46250915527344,270.932861328125,22.05984115600586,265.1166687011719,115.62310028076172,36.40229034423828,39.903953552246094,73.49848937988281,44.771629333496094,40.270938873291016,4204.31005859375,-0.0239085324948949,-0.0193284875233999,-0.0246268087782077,-0.0512345859010529,-0.0225238200524711,-0.0083597896683694,0.0217477556498235,-0.0051544342354479,-0.0039261215959602,-0.0035694592397148,-0.0129615451234751
2022-03-14,147.4392852783203,267.4213562011719,21.291236877441406,255.4566650390625,116.77130889892578,37.18755722045898,41.47566986083984,70.86735534667969,45.395606994628906,39.86094284057617,4173.10986328125,-0.026562506453849,-0.0129607944556432,-0.0348417866261561,-0.0364368023686874,0.0099306160739154,0.0215719084924277,0.0393874834115346,-0.0357984777020912,0.0139368986660035,-0.0101809405041402,-0.0074210024659636
2022-03-15,151.81491088867188,277.7818298339844,22.93124771118164,267.2966613769531,118.84356689453124,37.45833969116211,41.44391632080078,66.83411407470703,45.94079208374024,40.05835723876953,4262.4501953125,0.0296774743725305,0.0387421325655781,0.0770275039999139,0.0463483555462533,0.0177462941466139,0.0072815342265655,-0.0007655943869163,-0.0569125410739858,0.0120096442190065,0.0049525772378971,0.0214085741708709
2022-03-16,156.21986389160156,284.7857360839844,24.45148277282715,280.07666015625,124.1541976928711,38.63173294067383,42.007511138916016,66.5831069946289,45.8052864074707,39.85335159301758,4357.85986328125,0.0290152856339644,0.0252136946976908,0.0662953486348767,0.0478120404252786,0.0446858920268931,0.0313252872173768,0.0135989758726629,-0.0037556730354434,-0.002949572049662,-0.0051176748095287,0.0223837613571822
2022-03-17,157.2281036376953,285.588623046875,24.72099494934082,290.5333251953125,125.72406768798828,38.83932876586914,43.05531692504883,68.35740661621094,45.87488555908203,39.75465393066406,4411.669921875,0.0064539791610198,0.0028192667720332,0.0110223244544163,0.0373350104690226,0.0126445180613279,0.0053737124739943,0.0249432960374107,0.0266478946638095,0.0015194567498648,-0.0024765210053452,0.0123478175714519
2022-03-18,160.51719665527344,290.628662109375,26.40492820739746,301.7966613769531,125.67921447753906,38.72199630737305,43.26963806152344,68.0890884399414,46.01091384887695,38.57021331787109,4463.1201171875,0.0209192437069474,0.0176478986057955,0.0681175357831438,0.0387677942765043,-0.0003567591414599,-0.003020970295429,0.0049778088231866,-0.0039252246325842,0.0029652017250207,-0.029793759866675,0.0116622948279487
2022-03-21,161.8876190185547,289.4001159667969,26.685415267944336,307.0533447265625,125.27554321289062,38.66783905029297,43.01562881469727,71.14429473876953,45.62812805175781,38.797977447509766,4461.18017578125,0.0085375423433562,-0.004227202278197,0.0106225269140589,0.017417963888751,-0.0032119174704149,-0.0013986173814537,-0.0058703806688883,0.0448707181845002,-0.0083194565179992,0.0059051820056474,-0.0004346603621039
2022-03-22,165.25498962402344,294.14019775390625,26.47579574584961,331.32666015625,127.93983459472656,39.87734222412109,42.10276794433594,70.8327407836914,45.49208831787109,38.72206115722656,4511.60986328125,0.0208006679317631,0.0163789906278171,-0.0078552092965377,0.0790524377817913,0.0212674502421297,0.0312793060986673,-0.0212216093432867,-0.0043791839700161,-0.0029814883865586,-0.0019567074182129,0.0113041136006502
2022-03-23,166.6156005859375,289.71929931640625,25.58741950988769,333.03668212890625,125.39214324951172,38.89348983764648,41.428035736083984,71.94921875,44.906829833984375,38.69929122924805,4456.240234375,0.0082334032092443,-0.01502990230937,-0.0335542789531143,0.0051611360578402,-0.0199131986787785,-0.024671964870304,-0.0160258396584285,0.0157621737342916,-0.0128650608386513,-0.0005880350192636,-0.012272698789159
2022-03-24,170.3941192626953,294.1789855957031,28.098838806152344,337.97332763671875,126.20848846435548,38.87543487548828,41.745548248291016,72.16560363769531,45.18521881103516,38.72206115722656,4520.16015625,0.0226780605385683,0.0153931280719632,0.0981505499331094,0.0148231284201352,0.0065103378384669,-0.0004642155341051,0.0076641942241657,0.0030074668141593,0.0061992569522266,0.0005883810079008,0.0143439129205664
2022-03-25,171.03036499023438,293.7725830078125,27.641674041748047,336.8800048828125,127.3118896484375,39.471168518066406,41.8963737487793,73.74081420898438,45.38135528564453,38.93464660644531,4543.06005859375,0.0037339652934744,-0.0013814806896137,-0.0162698810281156,-0.0032349379803172,0.0087426859913122,0.0153241666488403,0.0036129720848607,0.0218277197430143,0.0043407220274755,0.0054900344368438,0.005066170567449
2022-03-28,171.89181518554688,300.5635986328125,28.16771697998047,363.9466552734375,126.36994934082033,39.308692932128906,42.29327774047852,71.67227935791016,46.18807601928711,38.85113525390625,4575.52001953125,0.0050368260359012,0.0231165739003609,0.0190307916024885,0.0803450783611821,-0.0073986829526941,-0.0041163105131567,0.0094734688514848,-0.0280514240758437,0.0177764795380135,-0.0021449110193089,0.0071449552765867
2022-03-29,175.1808319091797,305.1199645996094,28.60392189025879,366.5233459472656,126.64805603027344,39.20940780639648,41.86463165283203,71.29145050048828,46.57719802856445,38.91187286376953,4631.60009765625,0.0191342253270321,0.0151594071521721,0.015485987401405,0.0070798580959405,0.00220073435895,-0.002525780389184,-0.0101350879039634,-0.0053134749003883,0.008424728692203,0.0015633419581264,0.0122565474275304
2022-03-30,174.0159912109375,303.6204833984375,27.63968276977539,364.663330078125,126.07393646240234,38.812259674072266,41.62648391723633,72.51179504394531,47.41238021850586,39.18520736694336,4602.4501953125,-0.0066493616085011,-0.0049143988435484,-0.0337100319383746,-0.0050747541451513,-0.0045331889479128,-0.0101288990204901,-0.0056885185941817,0.0171176843070217,0.0179311385246749,0.0070244499443852,-0.0062937001746978
2022-03-31,170.92271423339844,298.2516174316406,27.23641586303711,359.20001220703125,122.2883071899414,37.20560836791992,41.09465408325195,71.48184967041016,47.1118392944336,38.67649841308594,4530.41015625,-0.0177758202336099,-0.0176828187173109,-0.0145901423723742,-0.0149818131423394,-0.0300270569689864,-0.0413954590545428,-0.012776237239777,-0.0142038322580617,-0.0063388701998755,-0.0129821682221482,-0.0156525407131773
2022-04-01,170.6290740966797,299.32537841796875,26.663454055786133,361.5299987792969,121.38226318359376,36.916778564453125,40.93589019775391,71.9405746459961,47.77301025390625,39.57242202758789,4545.85986328125,-0.0017179702419057,0.0036001849564963,-0.0210366081253939,0.0064865993682725,-0.0074090812700543,-0.0077630716479786,-0.0038633707726656,0.00641736297677,0.0140340723133425,0.0231645482725195,0.0034102225843584
2022-04-04,174.67181396484375,304.6943664550781,27.310274124145508,381.8166809082031,121.92049407958984,36.85359573364258,40.43579864501953,71.97521209716797,47.78251266479492,39.83057403564453,4582.64013671875,0.0236931477801574,0.0179369623300442,0.0242586750766078,0.0561134129875917,0.0044341807598526,-0.001711493615301,-0.012216457253489,0.0004814730955697,0.0001989075178259,0.0065235331786532,0.0080909386878793
2022-04-05,171.36322021484375,300.73779296875,25.883872985839844,363.7533264160156,120.50165557861328,36.23078918457031,40.6739387512207,71.60302734375,47.91854476928711,40.07353591918945,4525.1201171875,-0.0189417724296715,-0.0129853844439603,-0.0522294698259566,-0.0473089715442011,-0.0116374077359819,-0.0168994785087883,0.0058893385114455,-0.0051710129442273,0.0028469014479519,0.0060998840570938,-0.0125517208018073
2022-04-06,168.20138549804688,289.7289733886719,24.36264419555664,348.586669921875,118.8297882080078,35.83364486694336,41.96782302856445,72.3992919921875,49.03211975097656,40.39242172241211,4481.14990234375,-0.0184510696801377,-0.0366060396713161,-0.0587712971360744,-0.0416948942943683,-0.0138742273919613,-0.0109615144070912,0.031811137968656,0.011120544451491,0.0232389148512537,0.0079575159992297,-0.0097169166132718
2022-04-07,168.50486755371094,291.5379333496094,24.164005279541016,352.4200134277344,118.46829986572266,35.5538330078125,43.78560256958008,73.61100006103516,49.5224723815918,40.47695541381836,4500.2099609375,0.0018042779776483,0.0062436281045001,-0.0081534218708433,0.0109968161052127,-0.0030420683882089,-0.0078086351575411,0.043313648644067,0.0167364629612456,0.0100006410717226,0.0020928106759032,0.0042533856284925
2022-04-08,166.49815368652344,287.281494140625,23.076980590820312,341.8299865722656,120.63723754882812,35.80656433105469,43.79354476928711,75.16024780273438,49.79770278930664,41.13785934448242,4488.27978515625,-0.0119089370907807,-0.0145999498592866,-0.0449852860130376,-0.0300494479654184,0.0183081692365285,0.0071084128450131,0.0001813883843304,0.0210464161662611,0.0055576871363383,0.0163279061853165,-0.0026510264820542
2022-04-11,162.24981689453125,275.9535522460937,21.877166748046875,325.3099975585937,120.19440460205078,35.73435592651367,42.80923843383789,72.57241821289062,48.810665130615234,41.42221450805664,4412.52978515625,-0.0255158192323909,-0.039431505772475,-0.0519918036092947,-0.0483280860738046,-0.0036707815577931,-0.0020166247695088,-0.022476059899575,-0.0344308283367528,-0.0198209476221734,0.0069122498862439,-0.0168772901035542
2022-04-12,164.11949157714844,272.85797119140625,21.464920043945312,328.9833374023437,118.87496185302734,35.35526657104492,42.158329010009766,74.0870132446289,48.47533798217773,41.24546432495117,4397.4501953125,0.0115234316956582,-0.011217761211955,-0.0188436971226343,0.0112918135664994,-0.0109775721539779,-0.0106085403147696,-0.0152048821152031,0.0208701193791727,-0.0068699565461807,-0.0042670384769286,-0.0034174477177417
2022-04-13,166.8015899658203,278.2365417480469,22.16264915466309,340.7900085449219,115.043212890625,35.03934860229492,42.15039825439453,75.13427734375,49.73759841918945,41.60665512084961,4446.58984375,0.0163423513130436,0.0197119788480273,0.0325055536796461,0.0358883560359128,-0.0322334401010346,-0.0089355278403905,-0.0001881183576643,0.0141355961491269,0.0260392292153961,0.0087571034005777,0.011174577597236
2022-04-14,161.7994842529297,270.70068359375,21.2193660736084,328.3333435058594,113.97681427001952,33.91108322143555,42.16626739501953,76.01709747314453,49.69330596923828,41.36842346191406,4392.58984375,-0.0299883575085562,-0.0270843581757886,-0.0425618379135068,-0.0365523188084326,-0.009269548318503,-0.0321999530774803,0.0003764885097696,0.0117498984565393,-0.0008905224892017,-0.0057258065625219,-0.0121441378443979
2022-04-18,161.58416748046875,271.36822509765625,21.7434139251709,334.7633361816406,116.0915298461914,35.06642150878906,41.15021896362305,76.64025115966797,49.31367874145508,41.0302734375,4391.68994140625,-0.0013307630333626,0.0024659764247512,0.0246966780131232,0.019583733431163,0.0185539101940677,0.0340696367559032,-0.0240962383954452,0.0081975464367549,-0.0076394037462149,-0.0081741095288627,-0.0002048682840329
2022-04-19,163.8649444580078,275.9922790527344,22.15765953063965,342.7166748046875,118.4954071044922,35.71630096435547,39.83252716064453,75.9565200805664,49.87362289428711,41.30693817138672,4462.2099609375,0.0141151018265124,0.017039776685034,0.0190515439247194,0.0237580934452494,0.0207067411505874,0.0185328136605988,-0.0320215016144472,-0.0089213053030987,0.0113547430879723,0.0067429415089848,0.0160576043555271
2022-04-20,163.6985321044922,277.0176696777344,21.442960739135746,325.7333374023437,118.9111328125,35.79753875732422,39.49119567871094,76.12960052490234,50.50001525878906,41.814151763916016,4459.4501953125,-0.001015545784158,0.0037152873570209,-0.0322551572071777,-0.0495550367137009,0.0035083698023941,0.0022745298582242,-0.0085691646065287,0.0022786779087871,0.0125595921882326,0.0122791379604272,-0.0006184750715809
2022-04-21,162.90565490722656,271.64874267578125,20.14632225036621,336.260009765625,117.98934173583984,35.12057876586914,38.98316955566406,75.32469177246094,50.57594680786133,42.27524185180664,4393.66015625,-0.0048435205073159,-0.0193811716350044,-0.0604691910106903,0.0323168406624552,-0.007751932513448,-0.0189107970814493,-0.012864288211986,-0.0105728750301022,0.0015035945768164,0.0110271300131581,-0.0147529484983719
2022-04-22,158.3734130859375,265.08990478515625,19.47953414916992,335.01666259765625,114.60039520263672,33.90205764770508,38.20524597167969,73.68023681640625,49.62370681762695,39.89289093017578,4271.77978515625,-0.027821267615726,-0.0241445545671201,-0.0330972617686671,-0.0036975766723952,-0.0287224802117335,-0.0346953598426528,-0.0199553703008571,-0.0218315524081029,-0.0188279221712239,-0.0563533363092765,-0.0277400542507536
2022-04-25,159.4404296875,271.56170654296875,19.86582946777344,332.67333984375,114.56424713134766,33.65835189819336,38.85615921020508,71.19624328613281,49.649017333984375,38.64023971557617,4296.1201171875,0.0067373467602387,0.0244136107825667,0.0198308294051263,-0.0069946453878937,-0.0003154271084767,-0.0071885238366413,0.0170372738604507,-0.0337131588822516,0.0005100488855143,-0.0314003619540161,0.0056979369853822
2022-04-26,153.48883056640625,261.4042358398437,18.75385093688965,292.1400146484375,111.17530822753906,32.90016174316406,38.919654846191406,71.22220611572266,49.13019180297852,37.97164535522461,4175.2001953125,-0.0373280424090599,-0.0374039139480729,-0.0559744325142655,-0.1218412188194887,-0.0295811214114921,-0.0225260629909211,0.0016341202341392,0.000364665723801,-0.0104498650500122,-0.0173030593307124,-0.0281463084310038
2022-04-27,153.26365661621094,273.98016357421875,18.381532669067383,293.836669921875,109.72936248779295,32.719635009765625,39.48325347900391,73.25613403320312,48.79485702514648,37.2415657043457,4183.9599609375,-0.0014670380207104,0.0481091199382095,-0.019852896830373,0.0058076784704732,-0.0130059971301067,-0.0054871077780019,0.0144810799335148,0.0285574967191513,-0.0068254318887417,-0.0192269690725543,0.0020980468517017
2022-04-28,160.18435668945312,280.1810302734375,19.746049880981445,292.5033264160156,111.4645004272461,33.22509765625,40.09446716308594,75.47181701660156,49.41807556152344,37.195457458496094,4287.5,0.0451555197496846,0.0226325388609347,0.0742330488148186,-0.004537702888526,0.0158128863607147,0.015448297217665,0.0154803272330901,0.0302456990481396,0.0127722176961351,-0.0012380855900542,0.0247469000729394
2022-04-29,154.32083129882812,268.4660339355469,18.51329231262207,290.2533264160156,107.8676986694336,32.20515441894531,38.95141220092773,73.78411102294922,48.39940643310547,35.58160781860352,4131.93017578125,-0.0366048565028889,-0.0418122394883678,-0.0624305912215239,-0.0076922202135913,-0.0322685854601767,-0.0306979756043794,-0.0285090448392488,-0.022362069185125,-0.0206132901138524,-0.0433883530453512,-0.0362845071064139
2022-05-02,154.62432861328125,275.1893920898437,19.49750518798828,300.9800109863281,108.85274505615234,32.62034225463867,38.37194061279297,74.78807830810547,48.07988357543945,35.52781295776367,4155.3798828125,0.0019666645902485,0.0250436081456433,0.0531624985305931,0.0369562847143329,0.0091319866732066,0.0128919684809558,-0.014876779952049,0.0136068222715861,-0.006601792898176,-0.0015118726819232,0.0056752428123536
2022-05-03,156.11219787597656,272.58709716796875,19.56637382507324,303.0833435058594,111.18434143066406,33.51393127441406,39.12604522705078,76.32867431640625,48.247554779052734,36.25019073486328,4175.47998046875,0.0096224784032303,-0.0094563780315534,0.0035321768821676,0.0069882797619633,0.0214197296844369,0.027393612635941,0.0196525013386057,0.0205994864843828,0.003487346290059,0.0203327398159405,0.0048371263814863
2022-05-04,162.5141143798828,280.5195617675781,20.297046661376957,317.5400085449219,114.86247253417967,34.85881805419922,39.41973876953125,79.36659240722656,48.91507339477539,37.172401428222656,4300.169921875,0.0410084323391068,0.0291006606036139,0.0373432932865362,0.0476986457646855,0.0330813768934301,0.0401291859427992,0.0075063436842683,0.0398004828202203,0.0138352838559285,0.0254401611319647,0.0298624210844022
2022-05-05,153.4594268798828,268.3016357421875,18.809755325317383,291.09332275390625,111.9886474609375,33.884002685546875,38.459259033203125,78.16353607177734,48.49596405029297,36.76509475708008,4146.8701171875,-0.0557163144539822,-0.0435546310867035,-0.0732762436266023,-0.0832861531754801,-0.0250197040847001,-0.0279646707222454,-0.0243654515810873,-0.0151582208453198,-0.008568102128764,-0.0109572332024084,-0.0356497086098069
2022-05-06,154.18484497070312,265.7671203613281,18.641063690185547,288.54998779296875,111.80789947509766,33.802772521972656,38.92759323120117,79.3579330444336,47.48629379272461,37.095550537109375,4123.33984375,0.004727100221664,-0.0094465148296554,-0.00896830565918,-0.0087371806981902,-0.0016139848988075,-0.0023973012966637,0.0121774108438676,0.0152807438440276,-0.0208196759738867,0.0089883021439964,-0.005674224842484
2022-05-09,149.0675811767578,255.9482421875,16.919198989868164,262.3699951171875,110.12699127197266,32.82794952392578,38.61007308959961,73.10033416748047,48.04193878173828,37.364524841308594,3991.239990234375,-0.0331891490043502,-0.0369454210907606,-0.0923694446269146,-0.0907294880724968,-0.0150338948412082,-0.0288385515541134,-0.0081566856629364,-0.0788528460469025,0.0117011656340044,0.0072508508515096,-0.0320371006323567
2022-05-10,151.4693603515625,260.7076721191406,17.563024520874023,266.67999267578125,107.44295501708984,32.27735137939453,39.28480529785156,73.58502197265625,47.36563873291016,36.98796081542969,4001.050048828125,0.016112015475429,0.0185952827453059,0.038052955780673,0.0164271739863726,-0.024372192719351,-0.0167722368443987,0.0174755485877002,0.0066304458207442,-0.0140772846803841,-0.0100781162741454,0.0024578974498534
2022-05-11,143.61700439453125,252.04969787597656,16.599773406982422,244.6666717529297,106.76516723632812,32.105857849121094,39.253047943115234,75.11697387695312,46.87031936645508,36.79583740234375,3935.179931640625,-0.0518412168560414,-0.0332095107627191,-0.0548454005030145,-0.0825458284364604,-0.0063083501440732,-0.0053131227608382,-0.0008083877340245,0.0208188006638925,-0.0104573564234642,-0.005194214789094,-0.0164632075039383
2022-05-12,139.75454711914062,247.01937866210935,16.145601272583008,242.6666717529297,106.67479705810548,31.65455436706543,40.32540893554688,75.45797729492188,46.82587814331055,36.93416213989258,3930.080078125,-0.0268941501159573,-0.0199576482584892,-0.0273601406033876,-0.0081743867510473,-0.0008464387830031,-0.0140567333281212,0.0273191777103702,0.0045396319948582,-0.0009481741056012,0.0037592496139255,-0.0012959645058717
2022-05-13,144.2150115966797,252.60110473632807,17.673824310302734,256.5299987792969,107.6236801147461,31.74481773376465,39.94928741455078,77.69636535644531,47.0068588256836,37.02638244628906,4023.889892578125,0.0319164175297745,0.0225963084534099,0.0946525937262439,0.057129093691457,0.0088951006499102,0.0028515127918884,-0.009327159498798,0.0296640347616907,0.0038649714548686,0.0024968836722811,0.0238696954230714
2022-05-16,142.6759033203125,252.9687347412109,17.23262596130371,241.4566650390625,106.87361907958984,31.419883728027344,40.54949188232422,79.5237808227539,47.05765151977539,37.68730545043945,4008.010009765625,-0.0106723166980116,0.0014553776606265,-0.0249633775493531,-0.0587585616183726,-0.0069692936940695,-0.0102358126123904,0.0150241595437023,0.023519960784845,0.001080537933414,0.0178500561082124,-0.0039464009295556
2022-05-17,146.30307006835938,258.1152038574219,18.14396476745605,253.8699951171875,110.41619110107422,32.484962463378906,41.08565902709961,80.53804779052734,41.70448303222656,37.610450744628906,4088.85009765625,0.0254224200697981,0.020344289271462,0.0528844999130586,0.0514101777895292,0.0331473010083638,0.0338982392350957,0.0132225367048091,0.0127542598865373,-0.113757663518317,-0.0020392730361583,0.0201696322348636
2022-05-18,138.0487823486328,246.36322021484372,16.90721893310547,236.60333251953125,108.52741241455078,31.483055114746094,40.33340835571289,79.26148223876953,38.872344970703125,37.57202911376953,3923.679931640625,-0.0564191012250787,-0.0455299938436394,-0.06816293187302,-0.068013798124059,-0.0171059938555068,-0.0308421888977795,-0.0183093246938194,-0.0158504655473901,-0.0679096791425263,-0.0010215679445123,-0.0403952607874525
2022-05-19,134.6470947265625,245.45184326171875,17.092878341674805,236.47332763671875,106.9188003540039,31.094932556152344,40.533477783203125,79.6899185180664,37.805511474609375,37.73340606689453,3900.7900390625,-0.0246411997570509,-0.0036993222946598,0.0109810731915112,-0.0005494634476534,-0.014822172801857,-0.0123279826935207,0.0049603898020658,0.0054053528548234,-0.0274445366467546,0.0042951354220541,-0.0058337818009925
2022-05-20,134.88235473632812,244.8894500732422,16.663660049438477,221.3000030517578,106.04217529296876,30.562395095825195,41.98996353149414,80.3194580078125,37.846797943115234,38.06385803222656,3901.360107421875,0.0017472342068975,-0.0022912567329017,-0.025110942911811,-0.0641650571614186,-0.0081989795820067,-0.0171261815527489,0.0359329084980359,0.0078998636396319,0.0010920753851879,0.0087575440379328,0.0001461417696584
2022-05-23,140.29371643066406,252.7337646484375,16.867292404174805,224.96665954589844,112.6031723022461,32.376644134521484,42.31806945800781,82.09442138671875,38.92631530761719,38.17145538330078,3973.75,0.040119122363442,0.0320320641532301,0.0122201457622264,0.0165687141598596,0.0618715807286194,0.0593621354938938,0.0078139131096786,0.0220987967664523,0.0285233473681048,0.0028267589423836,0.0185550399309235
2022-05-24,137.59783935546875,251.7349853515625,16.124643325805664,209.3866729736328,114.1937026977539,32.178070068359375,42.74221420288086,82.54036712646484,39.412105560302734,38.9476432800293,3941.47998046875,-0.0192159502491165,-0.0039519028977562,-0.0440289443363968,-0.0692546469050758,0.0141250940181201,-0.0061332504177101,0.0100227810555943,0.005432107714669,0.0124797389335868,0.0203342494786846,-0.0081207976171752
2022-05-25,137.7546844482422,254.54693603515625,16.944154739379883,219.6000061035156,114.98899841308594,32.34956359863281,42.98229217529297,84.20165252685547,39.1707878112793,39.37800216674805,3978.72998046875,0.0011398804916422,0.0111702816343413,0.0508235374275027,0.0487773791179579,0.0069644445932102,0.0053295157201509,0.0056168819722943,0.0201269446481291,-0.0061229347073124,0.0110496772198644,0.0094507647342076
2022-05-26,140.95054626464844,257.8243103027344,17.81855583190918,235.91000366210935,116.97716522216795,33.098724365234375,43.20637130737305,84.49893951416016,40.00582885742188,39.18587493896485,4057.840087890625,0.0231996598098049,0.0128753239721788,0.0516048812099845,0.0742713893682931,0.0172900611060176,0.0231582959169571,0.0052132894906169,0.0035306550214067,0.0213179538324765,-0.0048790496523826,0.0198832561672241
2022-05-27,146.69520568847656,264.9413452148437,18.776817321777344,253.2100067138672,118.6309814453125,33.41464614868164,43.14234161376953,85.32958984375,40.79325866699219,39.50095748901367,4158.240234375,0.0407565601983688,0.0276042042108153,0.0537788527256584,0.073333062537426,0.0141379406827268,0.0095448326032496,-0.0014819502695101,0.0098303047868506,0.0196828770221622,0.0080407174916876,0.0247422629551097
2022-05-31,145.91094970703125,263.61297607421875,18.63806915283203,252.7533264160156,119.49854278564452,33.57711410522461,42.44610977172852,83.93934631347656,40.84087753295898,39.41642761230469,4132.14990234375,-0.0053461595950911,-0.0050138234919421,-0.0073893336963124,-0.0018035633890554,0.0073131093561082,0.0048621779748931,-0.016138016992077,-0.0162926311121284,0.001167321942959,-0.0021399450059531,-0.006274368617659
2022-06-01,145.78353881835938,264.1462707519531,18.28670310974121,246.7899932861328,117.40193176269533,33.098724365234375,41.90993118286133,85.54818725585938,39.83120346069336,39.50095748901367,4101.22998046875,-0.0008732099196646,0.0020230213462035,-0.0188520624217896,-0.0235934902002734,-0.0175450760659907,-0.0142474942453674,-0.0126319842207146,0.0191667080224153,-0.0247221444115837,0.0021445341911856,-0.0074827686811318
2022-06-02,148.23431396484375,266.2406616210937,19.556394577026367,258.3333435058594,119.29068756103516,33.31660461425781,42.15800857543945,85.39952850341797,40.48526763916016,39.41642761230469,4176.81982421875,0.0168110553931466,0.007928905689936,0.0694324974636242,0.0467739800387407,0.0160879448062027,0.0065827385556975,0.0059192984950444,-0.0017377194913177,0.0164208992357526,-0.0021399450059531,0.0184310180384861
2022-06-03,142.51905822753906,261.81915283203125,18.685976028442383,234.51666259765625,117.62783813476562,32.85363006591797,42.574161529541016,86.6411361694336,39.78993606567383,39.04754257202149,4108.5400390625,-0.0385555515753266,-0.0166071882564468,-0.0445081298168578,-0.0921935998852696,-0.0139394739041865,-0.0138962104242073,0.009871266887687,0.0145388117214948,-0.0171749284130645,-0.0093586624316009,-0.0163473139924156
2022-06-06,143.26409912109375,260.58770751953125,18.751855850219727,238.27999877929688,117.2392349243164,32.81731414794922,42.62217712402344,86.42255401611328,39.64705276489258,39.37800216674805,4121.43017578125,0.0052276579905909,-0.0047034195137359,0.0035256291497467,0.0160472016783606,-0.003303667028242,-0.0011053852464973,0.0011278106898031,-0.0025228449554592,-0.003590940697804,0.0084630061960246,0.0031374007789131
2022-06-07,145.78353881835938,264.2238464355469,18.891603469848636,238.8866729736328,117.5465316772461,32.99887466430664,43.18235397338867,90.38343811035156,39.1707878112793,39.69308471679688,4160.68017578125,0.0175859808055336,0.0139536087508773,0.0074524687447015,0.0025460558898939,0.0026211084806895,0.0055324611739675,0.0131428492668315,0.0458316019392319,-0.0120126193600703,0.0080014864318054,0.009523393173235
2022-06-08,145.04827880859375,262.1972961425781,18.61804580688477,241.86666870117188,115.67581939697266,32.581275939941406,42.790225982666016,91.45018005371094,38.83106231689453,39.6162338256836,4115.77001953125,-0.0050435050193268,-0.0076698235996011,-0.0144803834889118,0.0124745164326014,-0.0159146531469763,-0.0126549383460319,-0.0090807460604002,0.0118024050164695,-0.0086729298379579,-0.0019361279593561,-0.0107939457859356
2022-06-09,139.83294677734375,256.7479858398437,18.01901054382324,239.7066650390625,113.24481964111328,31.328500747680664,41.437774658203125,89.47410583496094,38.42464828491211,39.14744567871094,4017.820068359375,-0.0359558353541868,-0.0207832436981775,-0.0321749806222956,-0.0089305553084624,-0.0210156259841717,-0.0384507713746399,-0.0316065478366661,-0.0216082047907331,-0.0104662094656524,-0.0118332335434859,-0.0237986939763535
2022-06-10,134.431396484375,245.306396484375,16.946739196777344,232.22999572753903,108.0394058227539,30.112037658691406,39.98929214477539,87.83901977539062,38.64056015014648,39.05522918701172,3900.860107421875,-0.0386285951734225,-0.0445635019026238,-0.059507781764047,-0.0311909112343833,-0.0459660215350774,-0.0388292787703642,-0.0349556057335475,-0.0182744051400335,0.0056190980235764,-0.0023556196349578,-0.0291103033355246
2022-06-13,129.28472900390625,234.9022521972656,15.621866226196287,215.73666381835935,104.82218170166016,29.06806182861328,38.34075164794922,83.80818939208984,37.91347122192383,38.10996627807617,3749.6298828125,-0.0382847133561313,-0.0424128536239457,-0.0781786369163572,-0.0710215399070596,-0.0297782470811791,-0.0346697172045012,-0.0412245480829686,-0.0458888361187072,-0.0188167284686708,-0.0242032354850424,-0.0387684306652372
2022-06-14,130.14739990234375,237.0645446777344,15.81056308746338,220.88999938964844,103.07799530029295,28.55968475341797,38.348751068115234,84.02677917480469,37.929344177246094,37.779518127441406,3735.47998046875,0.0066726434365766,0.0092050734305133,0.0120790217080892,0.0238871570556407,-0.0166394781433897,-0.0174891975320793,0.0002086401497671,0.0026082150718254,0.0004186626761066,-0.0086709116513929,-0.0037736797459957
2022-06-15,132.76483154296875,244.11370849609372,16.500452041625977,233.0,104.29800415039062,29.095293045043945,38.82090377807617,82.96879577636719,37.90393829345703,37.77183532714844,3789.989990234375,0.0201112864535826,0.0297352091513387,0.0436346858961416,0.0548236708036273,0.0118357836368807,0.0187539987310916,0.012312075277818,-0.0125910264421361,-0.0006698213306916,-0.0002033588746963,0.0145925048589832
2022-06-16,127.5005111694336,237.52996826171875,15.57593822479248,213.1000061035156,102.50865173339844,28.91373443603516,37.99663543701172,79.90850830078125,38.29764938354492,37.533599853515625,3666.77001953125,-0.0396514672775476,-0.0269699734395716,-0.0560296054011859,-0.0854076991265425,-0.0171561520430636,-0.0062401368058986,-0.021232590198736,-0.0368848004475632,0.0103870760615882,-0.0063072252531394,-0.0325119514881634
2022-06-17,128.9710235595703,240.1285552978516,15.854491233825684,216.75999450683597,102.14716339111328,28.977275848388672,37.23638916015625,75.30059051513672,37.557861328125,37.67961883544922,3674.840087890625,0.0115333842715545,0.0109400386618567,0.0178835460832673,0.0171749802838696,-0.0035264178795884,0.0021976203902018,-0.0200082525231939,-0.057664920590183,-0.0193168005694308,0.003890353776442,0.0022008656982546
2022-06-21,133.19619750976562,246.0335998535156,16.539392471313477,237.0366668701172,104.67758178710938,29.821537017822266,38.50080108642578,79.98719787597656,38.78978729248047,38.924583435058594,3764.7900390625,0.0327606452486883,0.024591180121579,0.0431991936787319,0.0935443480214783,0.0247722825773175,0.0291352842776122,0.0339563516975613,0.0622386534923355,0.0328007485195369,0.033040796008215,0.0244772422800869
2022-06-22,132.68646240234375,245.4421539306641,16.33371925354004,236.086669921875,104.09014892578124,29.59458541870117,39.2690544128418,76.82198333740234,38.31988143920898,39.03217697143555,3759.889892578125,-0.0038269493945913,-0.0024039233795857,-0.0124353550549189,-0.0040078058841535,-0.0056118306451026,-0.0076103253492757,0.0199542166588029,-0.039571514225089,-0.01211416421875,0.0027641538298401,-0.0013015723144006
2022-06-23,135.54896545410156,250.99807739257807,16.19893455505371,235.07000732421875,102.95146942138672,29.122522354125977,40.0853271484375,74.50492095947266,39.25017547607422,40.03123092651367,3795.72998046875,0.0215734371082851,0.0226363865087473,-0.0082519294224502,-0.0043063108899484,-0.0109393589705248,-0.0159509943422586,0.020786666442591,-0.0301614495912341,0.0242770593729801,0.0255956503735175,0.0095322174091778
2022-06-24,138.87228393554688,259.56964111328125,17.098485946655273,245.7066650390625,106.02410125732422,29.33132743835449,41.28572463989258,75.98259735107422,39.28192138671875,39.162818908691406,3911.739990234375,0.0245174758089217,0.0341499178389987,0.0555315158873164,0.0452488934505932,0.0298454393434739,0.0071698832157967,0.0299460569951184,0.0198332723875427,0.000808809394085,-0.0216933628500315,0.0305632935858357
2022-06-27,138.87228393554688,256.8450012207031,16.841901779174805,244.9199981689453,105.17461395263672,29.367631912231445,41.517799377441406,77.84500885009766,39.40892791748047,39.162818908691406,3900.110107421875,0.0,-0.0104967587152807,-0.0150062507452983,-0.0032016505127857,-0.0080122094374162,0.0012377371584446,0.005621186004922,0.0245110270502895,0.0032332056650532,0.0,-0.0029730715337762
2022-06-28,134.7353057861328,248.6903839111328,15.956327438354492,232.663330078125,104.66854095458984,29.285926818847656,40.54147720336914,80.00469970703125,38.85328674316406,38.7785758972168,3821.550048828125,-0.0297898042156065,-0.0317491766272031,-0.0525816117699566,-0.0500435578248114,-0.0048117409613195,-0.0027821478295551,-0.0235157495992609,0.0277434724311278,-0.0140993730019725,-0.0098114237478786,-0.020143036075892
2022-06-29,136.49005126953125,252.35562133789065,15.517034530639648,228.4900054931641,104.19861602783205,28.92280578613281,40.76555252075195,77.04932403564453,38.71040725708008,39.14744567871094,3818.830078125,0.0130236501350564,0.0147381550066993,-0.027530953435996,-0.0179371823809088,-0.004489648202526,-0.0123991647920512,0.0055270634629018,-0.0369400258010965,-0.0036774105374527,0.0095122054629297,-0.000711745409159
2022-06-30,134.0294952392578,249.02972412109372,15.134651184082031,224.47332763671875,101.7676010131836,28.260108947753903,41.95795822143555,74.88088989257812,38.60245513916016,39.00143814086914,3785.3798828125,-0.0180273654188501,-0.0131794061062097,-0.0246428108284846,-0.0175792277993774,-0.023330588325656,-0.0229126054809191,0.0292503259970926,-0.0281434544716219,-0.0027887104675234,-0.00372968236651,-0.0087592782679987
2022-07-01,136.1959991455078,251.6962127685547,14.499672889709473,227.26333618164065,103.0689697265625,28.65046501159668,41.86191940307617,76.55094909667969,38.93584060668945,39.68540191650391,3825.330078125,0.0161643815966221,0.0107075115505663,-0.0419552645547854,0.01242913166698,0.012787652459355,0.0138129709465895,-0.0022889297389668,0.0223028760274801,0.0086363798967565,0.0175368860287759,0.0105538140290473
2022-07-05,138.77423095703125,254.86691284179688,14.939961433410645,233.0666656494141,102.67693328857422,28.35996627807617,41.32574081420898,74.15516662597656,39.450191497802734,39.51633071899414,3831.389892578125,0.0189303050581459,0.0125973292898045,0.0303654121751704,0.0255357048139746,-0.0038036320633487,-0.0101394072802283,-0.0128082657583014,-0.0312965743596121,0.0132102166820795,-0.0042602868900128,0.0015841285142366
2022-07-06,140.10745239257812,258.1248474121094,15.105698585510254,231.73333740234372,102.01136016845705,28.12393569946289,42.21404266357422,72.81736755371094,39.729610443115234,39.58549880981445,3845.080078125,0.0096071253744485,0.0127828855224325,0.0110935461807128,-0.0057208020003856,-0.0064822068482175,-0.0083226678162781,0.0214951222135095,-0.0180405376069506,0.0070828286176523,0.0017503672421455,0.0035731642904301
2022-07-07,143.46994018554688,260.2483825683594,15.832526206970217,244.5433349609375,104.59152221679688,28.92280578613281,42.75020599365234,75.14320373535156,39.78993606567383,39.46099090576172,3902.6201171875,0.0239993500384771,0.0082267754442859,0.0481161210350875,0.0552790448805931,0.0252928893809381,0.0284053446575465,0.0127010657176589,0.0319406792606868,0.0015184045825207,-0.0031452907705148,0.0149645879652418
2022-07-08,144.14634704589844,259.5308837890625,15.812557220458984,250.76333618164065,104.26332092285156,28.859264373779297,42.550140380859375,75.2656021118164,39.81533432006836,39.289794921875,3899.3798828125,0.004714624258411,-0.0027569769011279,-0.00126126344275,0.0254351696876005,-0.0031379340025764,-0.0021969311284445,-0.0046798748249931,0.0016288682193525,0.0006383084997325,-0.0043383599843085,-0.000830271529819
2022-07-11,142.01907348632812,256.4765014648437,15.127660751342772,234.3433380126953,102.8957290649414,28.55968475341797,42.32607269287109,74.88088989257812,39.83120346069336,39.29757690429688,3854.429931640625,-0.0147577347825051,-0.0117688587948604,-0.0433134539573436,-0.0654800594814686,-0.0131167110907783,-0.0103807088247722,-0.005265968243176,-0.005111394959237,0.0003985685639966,0.0001980662519964,-0.0115274614227772
2022-07-12,142.98959350585938,245.9656982421875,15.05777359008789,233.07000732421875,102.99604034423828,28.468904495239254,41.64585113525391,73.88412475585938,39.7105598449707,39.51546096801758,3818.800048828125,0.0068337301160092,-0.0409815447521493,-0.0046198260526616,-0.0054336116369887,0.0009748828275812,-0.0031786155541457,-0.0160709821237854,-0.0133113420279683,-0.0030288719707329,0.0055444656104706,-0.0092438787173215
2022-07-13,142.62693786621094,245.0445556640625,15.139642715454102,237.0399932861328,102.02962493896484,27.996841430664062,41.44578552246094,74.18141174316406,39.80580139160156,39.30535125732422,3801.780029296875,-0.0025362379929667,-0.0037450042209463,0.005437000687811,0.0170334484796728,-0.0093830345520413,-0.0165817081108313,-0.0048039746418729,0.0040236923464551,0.0023983934500717,-0.0053171519589108,-0.00445690251221
2022-07-14,145.54823303222656,246.36322021484372,15.347307205200195,238.31333923339844,98.46483612060548,27.352294921875,41.125675201416016,72.69497680664062,40.58369827270508,39.289794921875,3790.3798828125,0.0204820716879998,0.0053813256418111,0.0137166043908101,0.0053718612189148,-0.0349387623495808,-0.0230221152048641,-0.0077235916030942,-0.0200378356463459,0.0195422992103768,-0.0003957816162836,-0.0029986339021522
2022-07-15,147.21475219726562,248.92308044433597,15.73668098449707,240.0666656494141,102.97777557373048,29.27685546875,41.41377258300781,73.91908264160156,40.98058319091797,39.70222473144531,3863.159912109375,0.0114499443264974,0.010390594128701,0.0253708206977796,0.00735723154086,0.0458330062886336,0.0703619404650333,0.0070052924403263,0.0168389328772591,0.0097794172316676,0.0104971229905983,0.0192012493594366
2022-07-18,144.17578125,246.52810668945312,16.07513999938965,240.54666137695312,101.9202117919922,29.285926818847656,40.61349868774414,75.28308868408203,40.88532638549805,39.126373291015625,3830.85009765625,-0.0206431142389414,-0.0096213406591615,0.0215076492448444,0.0019994268102179,-0.0102698254632727,0.0003098471455493,-0.0193238588360826,0.0184526916965932,-0.0023244375263316,-0.0145042612680995,-0.0083635715808313
2022-07-19,148.02845764160156,251.6477508544922,16.964704513549805,245.52999877929688,104.44564056396484,30.27544403076172,41.10966491699219,77.18045806884766,41.13615798950195,39.25866317749024,3936.68994140625,0.0267220774404617,0.0207669796105163,0.0553379015171209,0.0207167182193168,0.0247784882661621,0.0337881473936223,0.0122167812495743,0.0252031288557745,0.0061350030971716,0.003381092479251,0.0276282916459595
2022-07-20,150.02830505371094,254.30450439453125,17.778396606445312,247.5,104.42742156982422,30.284521102905277,40.66951751708984,78.02861022949219,41.47906112670898,38.18478775024414,3959.89990234375,0.0135098848151975,0.0105574301022672,0.0479638234928057,0.0080234644666532,-0.0001744351802741,0.0002998163176182,-0.0107066647415172,0.0109892086917642,0.00833580854329,-0.027353846013326,0.0058958061932632
2022-07-21,152.2928466796875,256.7964782714844,18.02100372314453,271.7066650390625,105.13854217529295,30.547786712646484,40.90959930419922,76.72579956054688,42.08551025390625,37.08757781982422,3998.949951171875,0.0150940959118737,0.0097991731718878,0.0136461753030789,0.0978047072285352,0.0068097114223322,0.0086930748829292,0.0059032366688023,-0.0166965766161101,0.0146206088258533,-0.0287342157719052,0.0098613727091971
2022-07-22,151.05767822265625,252.4525451660156,17.291183471679688,272.24334716796875,104.62799072265624,30.348072052001957,40.99763870239258,76.13998413085938,41.97754287719727,34.58964538574219,3961.6298828125,-0.0081104824288243,-0.0169158593400816,-0.0404983131171283,0.0019752262198982,-0.0048559875576883,-0.0065377784165897,0.0021520474336282,-0.0076351818168439,-0.0025654287201841,-0.0673522667405587,-0.0093324669763467
2022-07-25,149.9400634765625,250.9690093994141,16.996654510498047,268.4333190917969,105.04737854003906,30.62040901184082,41.429779052734375,78.67565155029297,41.917236328125,34.83087539672852,3966.840087890625,-0.007398596080938,-0.0058764936024943,-0.0170334761448823,-0.0139949354715402,0.0040083711298108,0.0089737812462094,0.0105406156066392,0.0333027048584042,-0.0014366383770649,0.006974052734457,0.0013151670479691
2022-07-26,148.61666870117188,244.2494659423828,16.506444931030273,258.8599853515625,103.4062957763672,30.003101348876957,41.85391616821289,78.36962890625,38.72945785522461,34.95538711547852,3921.050048828125,-0.0088261585643352,-0.0267743952654218,-0.028841533442066,-0.0356637312112531,-0.0156223104896078,-0.0201600070960891,0.0102374940242535,-0.0038896740988201,-0.0760493475272725,0.0035747513472399,-0.0115432026620586
2022-07-27,153.70452880859375,260.5780029296875,17.76142120361328,274.82000732421875,105.06559753417967,30.493316650390625,41.573829650878906,80.06587982177734,40.19316482543945,34.94760513305664,4023.610107421875,0.0342347877387305,0.0668518840944221,0.076029470781064,0.0616550369922206,0.0160464287532451,0.0163388209709867,-0.0066920026362241,0.0216442381978927,0.0377931179849291,-0.0002226261261583,0.0261562737829377
2022-07-28,154.2534942626953,268.01513671875,17.955110549926758,280.8999938964844,104.6735610961914,30.248205184936523,40.90445327758789,81.00146484375,41.19649124145508,35.44562911987305,4072.429931640625,0.0035715632997723,0.0285409117632591,0.010905059009246,0.0221235223427265,-0.0037313492445586,-0.0080382028712826,-0.0161009072032136,0.0116851900466867,0.0249626129311566,0.0142505898450056,0.0121333386971809
2022-07-29,159.31195068359375,272.2136535644531,18.13382339477539,297.1499938964844,105.17501068115234,30.693038940429688,40.73509216308594,84.75250244140625,41.92675018310547,35.943660736083984,4130.2900390625,0.0327931399225474,0.0156652228568305,0.0099533135344223,0.0578497698579101,0.0047906040427927,0.0147061206697542,-0.0041404077290222,0.046308268682448,0.0177262412318151,0.01405057911447,0.0142077600825818
2022-08-01,158.3316192626953,269.5664978027344,18.411376953125,297.27667236328125,104.12653350830078,30.602256774902344,40.815731048583984,82.61030578613281,42.08232879638672,35.99812698364258,4118.6298828125,-0.00615353347123,-0.009724551752111,0.0153058487615787,0.0004263115241422,-0.0099688810684328,-0.0029577444482945,0.0019795925629726,-0.0252759103691887,0.0037107243609819,0.001515322770224,-0.0028230841271976
2022-08-02,156.86111450195312,266.4734191894531,18.496238708496094,300.586669921875,102.50370025634766,29.99402236938477,40.07377624511719,82.25181579589844,42.12678146362305,35.2822151184082,4091.18994140625,-0.0092874990326625,-0.0114742693861932,0.0046092019943511,0.0111344005982036,-0.0155852038599149,-0.0198754755242888,-0.0181781578917116,-0.0043395310890442,0.0010563262183376,-0.0198874754111424,-0.0066623955507048
2022-08-03,162.86070251464844,273.8909912109375,18.86265182495117,307.39666748046875,103.57952117919922,30.538707733154297,40.21086883544922,79.58499908447266,41.434608459472656,35.27442932128906,4155.169921875,0.0382477711684281,0.0278360672672224,0.0198101420634653,0.0226556871612562,0.0104954349956254,0.0181597972109768,0.0034210050356493,-0.0324225877036353,-0.0164307117729393,-0.0002206720040964,0.0156384771631401
2022-08-04,162.5469970703125,275.03515625,19.18413543701172,308.6333312988281,102.43987274169922,30.32083511352539,40.21086883544922,76.23615264892578,39.86930847167969,34.57408905029297,4151.93994140625,-0.0019262193978791,0.004177446779114,0.0170433942715995,0.0040230228534861,-0.0110026424579462,-0.0071343103818494,0.0,-0.0420788650382764,-0.0377775981477898,-0.0198540496464791,-0.0007773401640558
2022-08-05,162.32122802734375,274.3176574707031,18.958494186401367,288.1700134277344,105.53970336914062,30.829206466674805,39.73505783081055,77.33787536621094,40.18998336791992,34.978736877441406,4145.18994140625,-0.0013889462557779,-0.0026087529648198,-0.0117618670568299,-0.0663030068235908,0.030260000764132,0.0167664034069643,-0.0118328953941727,0.0144514469710805,0.0080431517007129,0.0117037885382842,-0.0016257460597355
2022-08-08,161.85000610351562,271.80633544921875,17.764415740966797,290.42333984375,104.2541732788086,30.402544021606445,39.97698974609375,77.77505493164062,40.51702499389648,34.6596794128418,4140.06005859375,-0.0029030209391266,-0.0091547953735081,-0.0629838231715187,0.0078194340528796,-0.012180535374784,-0.0138395532667883,0.0060886262280863,0.0056528520257319,0.008137391423695,-0.0091214690146623,-0.0012375507238541
2022-08-09,161.8990936279297,273.72613525390625,17.058557510375977,283.3333435058594,105.19324493408205,30.79289054870605,40.1463623046875,79.20901489257812,40.91708755493164,34.76861953735352,4122.47021484375,0.000303290222817,0.0070631164704626,-0.039734390417526,-0.024412625864385,0.0090075210012177,0.0128392718327188,0.0042367511828551,0.0184372735216691,0.009873937217637,0.0031431371079375,-0.004248692893594
2022-08-10,166.1399688720703,280.3778991699219,18.067928314208984,294.3566589355469,107.9375,31.83687210083008,40.2834587097168,79.96097564697266,41.00279998779297,34.89312744140625,4210.240234375,0.0261945582838583,0.0243007994462987,0.0591709353630311,0.038905817766766,0.0260877499086333,0.0339033307208602,0.0034149147558828,0.0094933733920858,0.0020947833285118,0.0035810424949129,0.0212906376412902
2022-08-11,165.4037322998047,278.3028564453125,17.913177490234375,286.6300048828125,109.53299713134766,32.59943771362305,38.94470977783203,82.27407836914062,41.398231506347656,34.846431732177734,4207.27001953125,-0.0044314235596886,-0.0074008783529396,-0.0085649456475267,-0.0262492925442064,0.0147816757970831,0.023952278049736,-0.0332332171756106,0.0289278951820235,0.0096440125716392,-0.001338249467805,-0.0007054739583503
2022-08-12,168.94760131835938,283.0443115234375,18.6789493560791,300.0299987792969,111.34728240966795,32.9534797668457,40.41249465942383,82.98918914794922,42.1635627746582,35.134368896484375,4280.14990234375,0.0214255686330657,0.0170370334630636,0.0427490804611407,0.0467501436284136,0.0165638239237138,0.0108603730019154,0.0376889413213006,0.0086918114791889,0.0184870522353883,0.0082630315356149,0.0173223687745669
2022-08-15,170.0176239013672,284.5569763183594,19.001426696777344,309.32000732421875,111.64816284179688,32.908084869384766,40.122169494628906,81.50598907470703,42.28474807739258,35.45341873168945,4297.14013671875,0.0063334582714287,0.005344268488493,0.0172642119506196,0.0309635989158392,0.002702180292303,-0.001377544883943,-0.0071840446189139,-0.0178722082776108,0.0028741713166424,0.0090808471939567,0.0039695418998517
2022-08-16,169.86053466796875,283.8199768066406,18.84867286682129,306.5633239746094,112.71485900878906,33.26213455200195,40.21086883544922,80.74671173095703,44.44362258911133,35.640174865722656,4305.2001953125,-0.0009239585273205,-0.002589989257175,-0.0080390716125522,-0.0089120757931442,0.0095540861563809,0.0107587446678358,0.0022107314219932,-0.0093156018639815,0.0510556314008876,0.0052676481059998,0.001875679716581
2022-08-17,171.3526611328125,283.0718688964844,18.3055477142334,303.9966735839844,111.76668548583984,33.05333709716797,39.73505783081055,81.4000244140625,44.491458892822266,35.2822151184082,4274.0400390625,0.0087844211002894,-0.0026358536089442,-0.0288150341631709,-0.0083723335112244,-0.0084121430953063,-0.0062773317962366,-0.0118328953941727,0.0080908890170321,0.0010763367368404,-0.0100437146748885,-0.0072377949540946
2022-08-18,170.96002197265625,281.95440673828125,18.742847442626957,302.8699951171875,110.90055847167967,32.935325622558594,39.17859649658203,83.32466888427734,44.34795379638672,34.38732147216797,4283.740234375,-0.0022914097602015,-0.0039476270198073,0.0238889180056347,-0.0037062197211366,-0.0077494202355128,-0.0035703346461645,-0.0140042915401783,0.0236442738693127,-0.0032254527050066,-0.0253638736467352,0.0022695611701915
2022-08-19,168.37815856933594,278.0482177734375,17.820329666137695,296.6666564941406,108.15631866455078,32.209075927734375,39.638282775878906,83.05982208251953,43.69423294067383,34.56629943847656,4228.47998046875,-0.0151021471191273,-0.0138539738038908,-0.0492197239140502,-0.0204818526861555,-0.0247450494834945,-0.0220507822860808,0.0117330971602562,-0.0031784920996882,-0.014740721944338,0.005204766136073,-0.0129000011398479
2022-08-22,164.5005645751953,269.88604736328125,17.006637573242188,289.913330078125,106.36935424804688,31.519140243530277,39.436668395996094,82.9980239868164,42.91295623779297,34.37174987792969,4137.990234375,-0.0230290794666452,-0.0293552336911832,-0.0456608888915052,-0.0227640224075839,-0.0165220528820532,-0.0214205364274363,-0.0050863550528355,-0.0007440191196379,-0.0178805451040104,-0.0056283016610773,-0.0214000649197158
2022-08-23,164.166748046875,268.6131591796875,17.153400421142578,296.4533386230469,105.32087707519533,31.23772621154785,38.71889114379883,86.52066040039062,42.731178283691406,33.8270378112793,4128.72998046875,-0.0020292728428158,-0.0047163912178104,0.0086297392572947,0.0225584954757323,-0.0098569478047837,-0.008928353686303,-0.0182007578578858,0.0424424130161673,-0.0042359690414773,-0.015847667592861,-0.0022378626777133
2022-08-24,164.4613037109375,267.9815368652344,17.1943359375,297.0966796875,105.57616424560548,31.33757972717285,38.25114822387695,87.03269958496094,43.04051971435547,33.88928985595703,4140.77001953125,0.0017942468104343,-0.0023514198499507,0.0023864374032198,0.0021701258870663,0.0024238990169811,0.0031965679879761,-0.0120804833533252,0.0059181146121718,0.0072392441090753,0.001840304345448,0.002916160446301
2022-08-25,166.9154815673828,270.9549255371094,17.88422966003418,296.07000732421875,108.0833740234375,31.900428771972656,38.63018798828125,87.48296356201172,43.32751083374024,34.03715133666992,4199.1201171875,0.0149225246369131,0.0110954982446058,0.0401233129934117,-0.0034556844067095,0.0237478771439301,0.01796083327749,0.0099092388595982,0.0051735035130242,0.0066679287631614,0.004363074037295,0.0140916055180615
2022-08-26,160.62290954589844,260.49957275390625,16.233884811401367,288.0899963378906,104.54592895507812,30.89275550842285,37.75919723510742,86.4058837890625,41.96585464477539,33.655845642089844,4057.659912109375,-0.0376991514651329,-0.0385870556236527,-0.0922793366001574,-0.0269531218594168,-0.0327288549263117,-0.0315880789801525,-0.0225468939845192,-0.0123118802689593,-0.0314270578383767,-0.0112026324062342,-0.0336880587195187
2022-08-29,158.4239501953125,257.7205505371094,15.77561855316162,284.82000732421875,104.2906494140625,30.77474403381348,37.28336715698242,88.39231872558594,42.3740234375,33.71809387207031,4030.610107421875,-0.013690197474337,-0.0106680490390754,-0.028228995312194,-0.0113505816072718,-0.0024417932249214,-0.0038200371791761,-0.0126017000616365,0.0229895795218391,0.0097262118495999,0.0018495518027519,-0.0066663557995026
2022-08-30,155.99917602539062,255.5244903564453,15.443155288696287,277.70001220703125,104.30889892578124,30.94722557067871,36.97690582275391,85.02859497070312,42.24647903442383,33.095558166503906,3986.159912109375,-0.0153056035210111,-0.0085210906778186,-0.0210744994464069,-0.0249982267189629,0.0001749870369134,0.0056046457015439,-0.0082197869344297,-0.0380544803369792,-0.0030099667845866,-0.0184629566525429,-0.0110281555714482
2022-08-31,154.34014892578125,254.0669708251953,15.069754600524902,275.6099853515625,103.68892669677734,30.511476516723636,36.47689056396485,84.39293670654297,42.268798828125,32.5352783203125,3955.0,-0.0106348452721272,-0.0057040306751686,-0.0241790412121736,-0.0075262036859782,-0.0059436178062335,-0.0140803915672469,-0.0135223661272754,-0.0074758175691268,0.0005283231694406,-0.0169291553679994,-0.0078170251059712
2022-09-01,155.0666046142578,253.0272216796875,13.914610862731934,277.1600036621094,104.40005493164062,30.58457946777344,37.60596466064453,82.87442779541016,42.88425827026367,32.5352783203125,3966.85009765625,0.0047068484353083,-0.0040924215459048,-0.0766531219926257,0.005623955563764,0.0068582852337055,0.0023959165335618,0.0309531344153297,-0.0179933175736386,0.0145606087516534,0.0,0.0029962320243361
2022-09-02,152.95596313476562,248.8101348876953,13.625076293945312,270.2099914550781,103.67069244384766,30.54802894592285,36.85594940185547,84.39293670654297,42.412296295166016,32.1384162902832,3924.260009765625,-0.0136111929757061,-0.0166665339958191,-0.0208079529958034,-0.0250758122211028,-0.0069862270500771,-0.0011950637375642,-0.0199440505131881,0.0183230092988577,-0.0110054829938592,-0.0121978987277181,-0.010736500458081
2022-09-06,151.6994171142578,246.07969665527344,13.443371772766112,274.4200134277344,103.6980438232422,30.209924697875977,36.904327392578125,83.82791900634766,42.20183181762695,31.982778549194336,3908.18994140625,-0.0082150835753994,-0.0109739831685485,-0.0133360369702991,0.0155805562554711,0.0002638294271002,-0.0110679562548994,0.0013126236471396,-0.0066950828143358,-0.0049623457328117,-0.0048427321272804,-0.0040950569838349
2022-09-07,153.1031951904297,250.78271484375,13.696038246154783,283.70001220703125,105.66734313964844,30.675952911376957,37.20272445678711,83.11278533935547,43.28605270385742,31.967220306396484,3979.8701171875,0.0092536814107504,0.0191117684733856,0.01879487361203,0.033816771099826,0.0189907084434783,0.0154263282070923,0.0080856930688566,-0.0085309724429403,0.0256913228533746,-0.0004864568840984,0.018341016392734
2022-09-08,151.63070678710938,251.2004852294922,13.97167682647705,289.260009765625,108.12895965576172,31.662851333618164,37.968875885009766,83.7926025390625,43.50608825683594,32.15397644042969,4006.179931640625,-0.0096176203343687,0.0016658659509387,0.0201254242554158,0.0195981576290391,0.0232959062182536,0.0321717282945492,0.0205939602383846,0.0081794539423902,0.0050832898643795,0.0058421136477679,0.006610721877456
2022-09-09,154.4873809814453,256.9722900390625,14.368158340454102,299.67999267578125,108.64865112304688,31.927852630615234,38.58180236816406,85.19635009765625,43.636837005615234,32.86989212036133,4067.360107421875,0.0188396813209261,0.0229768855911933,0.0283775182393066,0.0360228948294618,0.0048062190641586,0.0083694703993921,0.0161428661994251,0.0167526430264455,0.0030052977414891,0.0222652299711043,0.0152714498163328
2022-09-12,160.43638610839844,259.100341796875,14.486002922058104,304.4200134277344,109.93415832519533,32.22940826416016,38.517276763916016,86.17632293701172,44.02906799316406,33.274532318115234,4110.41015625,0.0385080327542586,0.008281249925776,0.0082017875089952,0.0158169409630266,0.0118317824368807,0.0094449080880487,-0.0016724362338574,0.011502521390085,0.0089885292900206,0.012310359774599,0.0105842727693497
2022-09-13,151.02207946777344,244.8553924560547,13.113802909851074,292.1300048828125,106.11406707763672,31.068883895874023,37.2511100769043,84.16340637207031,43.12023162841797,32.48859024047852,3932.68994140625,-0.0586793736070834,-0.0549785046288662,-0.0947259240240491,-0.0403718809632054,-0.0347489015766913,-0.0360082431167894,-0.0328726948889049,-0.0233581162010438,-0.0206417352483408,-0.0236199286025375,-0.0432366134006168
2022-09-14,152.46511840820312,245.07884216308597,13.110807418823242,302.6099853515625,105.867919921875,30.950101852416992,37.21885681152344,86.22929382324219,43.02456283569336,32.12284469604492,3946.010009765625,0.009555152104349,0.000912578256047,-0.0002284227579463,0.0358743720041836,-0.002319646796514,-0.0038231834737006,-0.0008658336708429,0.0245461482635218,-0.0022186521062553,-0.0112576612812798,0.0033870120853238
2022-09-15,149.5789794921875,238.43255615234372,12.912068367004396,303.75,107.4634017944336,31.5349178314209,37.04949188232422,83.72196960449219,42.56217193603516,31.928298950195312,3901.35009765625,-0.0189298309419758,-0.0271189709894235,-0.0151584143882332,0.0037672737306175,0.0150704941944261,0.0188954460244608,-0.0045505140057601,-0.0290774063845362,-0.0107471376623632,-0.0060563050281023,-0.0113177391843534
2022-09-16,147.93955993652344,237.81065368652344,13.180715560913086,303.3500061035156,106.7431640625,31.17853546142578,37.12207794189453,82.29173278808594,42.47288513183594,32.0994987487793,3873.330078125,-0.0109602269064129,-0.0026082950913084,0.0208058992775466,-0.0013168523341049,-0.006702167620855,-0.0113011986237053,0.0019591647788546,-0.0170831721131595,-0.0020977971785229,0.0053620081311265,-0.0071821340894484
2022-09-19,151.65032958984375,237.59686279296875,13.36447525024414,309.07000732421875,107.727783203125,31.69939994812012,36.6462516784668,82.28290557861328,42.83642578125,32.09172058105469,3899.889892578125,0.0250830112980766,-0.0008989962822965,0.0139415563959204,0.018856110452001,0.0092241891953708,0.0167058676421396,-0.0128178779262444,-0.0001072672694277,0.0085593584774292,-0.0002423143048271,0.0068571007162865
2022-09-20,154.0260009765625,235.58547973632807,13.158743858337402,308.7300109863281,105.60352325439452,31.22422790527344,36.105918884277344,81.61192321777344,42.58768081665039,31.58590507507324,3855.929931640625,0.0156654548205996,-0.0084655286816363,-0.0153938997270378,-0.0011000625419275,-0.0197187752831143,-0.0149899380942338,-0.0147445582956291,-0.0081545778691393,-0.0058068561992044,-0.0157615577109335,-0.0112721030973618
2022-09-21,150.90426635742188,232.18458557128903,13.243633270263672,300.79998779296875,102.5583953857422,30.292171478271484,35.420413970947266,80.29645538330078,42.97673034667969,30.722139358520508,3789.929931640625,-0.0202675820922965,-0.014435924356821,0.0064511789909553,-0.0256859485996343,-0.0288354760789252,-0.0298504235182238,-0.0189859428734435,-0.0161185741323907,0.00913525983498,-0.0273465558292452,-0.0171164936007844
2022-09-22,149.9422149658203,234.1571044921875,12.544548034667969,288.5899963378906,101.39139556884766,29.69820022583008,35.944618225097656,79.96097564697266,42.53667449951172,31.072322845458984,3757.989990234375,-0.0063752431579562,0.0084954774928107,-0.0527865141936072,-0.0405917285591177,-0.0113788813924519,-0.0196080777129977,0.0147994954147163,-0.0041780142688327,-0.0102393980095316,0.0113984082570524,-0.0084275809796894
2022-09-23,147.6745147705078,231.1837310791016,12.49960994720459,275.3299865722656,99.50415802001952,28.994579315185547,35.549461364746094,75.70558166503906,41.47475814819336,30.75326538085937,3693.22998046875,-0.0151238275080132,-0.0126981985856641,-0.0035822803132634,-0.0459475724518868,-0.018613389610035,-0.0236923754737352,-0.0109934916508767,-0.0532183849371865,-0.0249647242952796,-0.010268220570006,-0.017232619015461
2022-09-26,148.00828552246094,230.72706604003903,12.21198558807373,276.010009765625,97.36164855957033,28.354930877685547,35.347835540771484,74.14290618896484,41.87337112426758,30.29414367675781,3655.0400390625,0.0022601784232831,-0.00197533380455,-0.0230106667604602,0.0024698479153155,-0.0215318585984932,-0.0220609663118992,-0.0056716984233847,-0.0206414829885107,0.0096109777096211,-0.014929201774694,-0.010340526208282
2022-09-27,148.98013305664062,229.71652221679688,12.396743774414062,282.94000244140625,96.504638671875,27.934585571289062,35.557518005371094,75.69673919677734,41.75857162475586,30.263017654418945,3647.2900390625,0.0065661697975158,-0.0043798234883583,0.0151292502769384,0.0251077585253733,-0.0088023354203063,-0.0148244165436243,0.0059319746567723,0.0209572714057406,-0.0027415872290537,-0.0010274600487467,-0.0021203598092424
2022-09-28,147.09532165527344,234.2445831298828,12.719321250915527,287.8099975585937,98.45570373535156,28.391477584838867,35.83171844482422,78.45127868652344,42.44736862182617,30.6521053314209,3719.0400390625,-0.0126514278293106,0.0197115160432932,0.0260211457437105,0.0172121123742337,0.0202173189841201,0.0163557827762941,0.007711461733963,0.0363891432969858,0.0164947451569912,0.0128568697756794,0.0196721399262347
2022-09-29,139.87013244628906,230.775634765625,12.203996658325195,268.2099914550781,96.78727722167967,28.016826629638672,35.61396408081055,78.2923583984375,42.17313003540039,30.068483352661133,3640.469970703125,-0.049119095887475,-0.0148090868010994,-0.0405151015863554,-0.0681005047419358,-0.0169459609791283,-0.0131958949329308,-0.006077139848846,-0.0020257195388867,-0.0064606734252254,-0.019040192262471,-0.0211264378802388
2022-09-30,135.66851806640625,226.30587768554688,12.123101234436035,265.25,95.27383422851562,27.59648323059082,35.2913818359375,77.08283233642578,41.35995864868164,29.547103881835938,3585.6201171875,-0.0300393965916652,-0.0193684098610219,-0.0066286009537683,-0.0110360968993725,-0.0156367968663658,-0.0150032480339217,-0.0090577461172557,-0.0154488392833477,-0.01928174138453,-0.0173397329260057,-0.0150666957719832
2022-10-03,139.84066772460938,233.92393493652344,12.495613098144531,242.3999938964844,98.21865844726562,28.40975379943848,35.597835540771484,81.15283966064453,42.26241302490234,30.473125457763672,3678.429931640625,0.0307525262136421,0.0336626575009328,0.0307274398278853,-0.086145169099022,0.0309090553833153,0.0294700800117222,0.0086835280709218,0.0528004381890809,0.0218195183386495,0.0313405191801896,0.0258838949525761
2022-10-04,143.42384338378906,241.8334503173828,13.149755477905272,249.44000244140625,102.81366729736328,29.58854484558105,35.85591125488281,84.11041259765625,42.81090545654297,30.97893524169922,3790.929931640625,0.025623273383077,0.0338123389682447,0.0523497626425288,0.0290429402730441,0.046783461744845,0.0414924766495465,0.0072497585932083,0.0364444787068369,0.0129782563839278,0.01659855286707,0.0305837006795515
2022-10-05,143.71829223632812,242.14434814453125,13.191702842712402,240.80999755859372,101.54425811767578,29.168201446533203,35.58171081542969,87.50945281982422,42.38677978515625,30.659893035888672,3783.280029296875,0.0020529979227452,0.0012855865337917,0.0031899729905708,-0.0345975176328814,-0.0123466968259778,-0.0142062883200768,-0.0076472868728384,0.0404116460399182,-0.0099069540077175,-0.0102986820987023,-0.0020179487570848
2022-10-06,142.76608276367188,239.8026123046875,13.11280632019043,238.1300048828125,99.47455596923828,28.74785804748535,34.75103759765625,90.10506439208984,41.99135208129883,29.94220352172852,3744.52001953125,-0.0066255273273805,-0.0096708259258895,-0.0059807686287868,-0.0111290756320411,-0.0203822666766544,-0.0144110153592555,-0.0233455109025624,0.0296609279183792,-0.0093290338605976,-0.0234080893015532,-0.0102450808466399
2022-10-07,137.52391052246094,227.60791015625,12.060185432434082,223.07000732421875,97.4876480102539,28.09906578063965,34.13005065917969,89.19573211669922,40.99642562866211,29.158823013305664,3639.659912109375,-0.0367186108894546,-0.0508530830053811,-0.0802742648715535,-0.0632427550068921,-0.0199740319484191,-0.0225683689467937,-0.017869594159066,-0.0100919108323777,-0.0236936036427323,-0.0261630880925103,-0.0280036177867735
2022-10-10,137.8478546142578,222.75921630859372,11.654715538024902,222.9600067138672,96.57698822021484,28.016826629638672,33.67036819458008,87.26223754882812,41.23877716064453,28.97682380676269,3612.389892578125,0.0023555474140184,-0.0213028354081705,-0.0336205356609798,-0.0004931214719139,-0.0093412838305759,-0.002926757481654,-0.0134685550042092,-0.0216769852322239,0.0059115283409727,-0.0062416513334547,-0.0074924636339018
2022-10-11,136.43421936035156,219.02793884277344,11.57082748413086,216.5,93.78977966308594,27.20355224609375,33.807464599609375,86.52066040039062,42.30706405639648,28.43875312805176,3588.840087890625,-0.010255039934151,-0.0167502720096269,-0.007197777896882,-0.0289738362008463,-0.0288599655931857,-0.0290280692490907,0.0040717227752611,-0.0084982596053939,0.0259049120586303,-0.0185690012921758,-0.0065191757777544
2022-10-12,135.80596923828125,219.3583068847656,11.484939575195312,217.2400054931641,95.30755615234376,27.28579330444336,33.89617156982422,86.90028381347656,41.8287239074707,28.23302459716797,3577.030029296875,-0.0046047840858088,0.001508337446527,-0.0074227974665891,0.0034180392293954,0.0161827492793993,0.0030231735034316,0.00262388709906,0.0043876619911262,-0.0113063895969744,-0.0072340910994744,-0.0032907731480149
2022-10-13,140.3708038330078,227.60791015625,11.9443359375,221.72000122070312,100.6060028076172,28.958030700683597,34.66232681274414,89.93731689453125,42.18268966674805,28.802743911743164,3669.909912109375,0.0336129156938398,0.037607890891582,0.0399998937127081,0.0206223329693295,0.0555931435992773,0.0612860098140493,0.0226030022694947,0.0349484828792205,0.0084622653098467,0.0201791810372433,0.0259656424608649
2022-10-14,135.84523010253906,222.08872985839844,11.212295532226562,204.9900054931641,102.28015899658205,28.9671688079834,34.5655517578125,87.57125854492188,41.59274673461914,28.78692054748535,3583.070068359375,-0.032240135461877,-0.0242486313154174,-0.0612876604529474,-0.0754555098116104,0.0166407186673167,0.0003155638376881,-0.0027919376403796,-0.026307860088644,-0.0139854271216363,-0.0005493700289909,-0.0236626636156543
2022-10-17,139.80142211914062,230.80479431152344,11.872431755065918,219.3500061035156,106.57594299316406,30.721643447875977,35.20266342163086,88.83377075195312,41.89250946044922,29.419946670532227,3677.949951171875,0.0291227893214605,0.0392458656442507,0.0588760990951389,0.0700521987684437,0.0420001693263458,0.0605676948107209,0.0184319830414498,0.014416969996881,0.0072070913648165,0.0219900604513312,0.026480052302171
2022-10-18,141.1168975830078,231.7473297119141,11.95132827758789,220.19000244140625,109.31715393066406,31.873023986816406,35.557518005371094,88.99267578125,42.77582550048828,29.332904815673828,3719.97998046875,0.0094096000164156,0.0040836907361572,0.0066453548986127,0.0038294794370521,0.0257207289047944,0.0374778302760372,0.0100803333966539,0.001788790771255,0.0210852978591078,-0.0029586000217186,0.0114275696664887
2022-10-19,141.224853515625,229.7845001220703,12.03521728515625,222.0399932861328,107.17385864257812,30.995779037475582,34.76716613769531,91.63243865966795,42.65464782714844,28.937259674072266,3695.159912109375,0.0007650106717635,-0.0084696966833826,0.007019220426375,0.0084017931069275,-0.0196062119349114,-0.0275231164041315,-0.0222274194603907,0.0296626981405376,-0.0028328541161283,-0.0134880995962647,-0.0066720972934503
2022-10-20,140.76345825195312,229.46383666992188,12.178030967712402,207.27999877929688,106.82431030273438,30.79474639892578,34.60587692260742,91.75603485107422,42.7598876953125,29.277515411376957,3665.780029296875,-0.0032670967764242,-0.0013954964411354,0.011866315262317,-0.0664744863679374,-0.0032615074633962,-0.0064858069321871,-0.004639124582346,0.0013488257347957,0.0024672544148185,0.0117583952709094,-0.0079509097065648
2022-10-21,144.5724334716797,235.26483154296875,12.449674606323242,214.44000244140625,112.43550872802734,31.93699073791504,36.2510871887207,93.4599609375,43.62406921386719,27.97189712524414,3752.75,0.0270594035343239,0.025280649697283,0.0223060394025149,0.0345426654972775,0.0525273545824085,0.0370921820297602,0.0475413546026481,0.0185701800343853,0.0202100979476946,-0.0445945725854,0.0237248198222648
2022-10-24,146.7124786376953,240.2496032714844,12.582499504089355,211.25,112.57347869873048,32.04663848876953,36.72690582275391,94.11326599121094,44.45637512207031,28.46249389648437,3797.340087890625,0.014802581063525,0.0211879170202506,0.0106689453312016,-0.0148759671940308,0.0012271031835402,0.0034332524236331,0.0131256376272559,0.006990213211707,0.0190790525322785,0.0175389166149004,0.0118819766546198
2022-10-25,149.54953002929688,243.56304931640625,13.243633270263672,222.4199981689453,112.86783599853516,32.33905792236328,36.76722717285156,93.47761535644533,44.66683578491211,28.82648468017578,3859.110107421875,0.0193374920657405,0.0137916816502612,0.0525439135490881,0.0528757309772558,0.0026148014897224,0.0091248083226023,0.001097869509951,-0.0067541023900389,0.0047340940925548,0.0127884360736347,0.0162666545796699
2022-10-26,146.6143035888672,224.77061462402344,12.879109382629396,224.63999938964844,114.16485595703124,32.62233352661133,37.14627456665039,94.59001922607422,45.008060455322266,28.82648468017578,3830.60009765625,-0.0196271191213684,-0.0771563451234759,-0.0275244625244004,0.0099811223764909,0.0114914930991758,0.0087595502914188,0.0103093821031658,0.0119002165961028,0.0076393293685115,0.0,-0.0073877160723645
2022-10-27,142.1476287841797,220.3300018310547,13.158743858337402,225.08999633789065,114.61558532714844,32.777679443359375,36.8882064819336,94.95199584960938,44.87731170654297,28.628664016723636,3807.300048828125,-0.0304654777559278,-0.0197561981151166,0.0217122525634545,0.0020031915485436,0.0039480570998735,0.0047619498654603,-0.0069473476876865,0.0038267951153494,-0.0029050074021538,-0.0068624622685328,-0.0060826106182112
2022-10-28,152.8872833251953,229.1917724609375,13.815882682800291,228.5200042724609,115.9770050048828,33.06095123291016,38.25114822387695,97.73301696777344,45.44493103027344,29.80767250061035,3901.06005859375,0.0755528223219359,0.0402204445887395,0.0499393279128634,0.0152383846033803,0.0118781374613972,0.0086422161166195,0.0369478993946443,0.0292887062907956,0.012648247012704,0.0411827978838967,0.0246263778959276
2022-10-31,150.53121948242188,225.5576934814453,13.479323387145996,227.5399932861328,115.79302215576172,32.93302154541016,37.54144287109375,97.83014678955078,45.38753128051758,29.57028579711914,3871.97998046875,-0.015410463130292,-0.0158560621110932,-0.0243603180036614,-0.004288512900427,-0.0015863735152785,-0.0038695101843486,-0.0185538313419881,0.000993828132916,-0.0012630616540626,-0.0079639463123579,-0.0074544041076575
2022-11-01,147.89048767089844,221.7097930908203,13.525263786315918,227.82000732421875,117.88111877441406,33.0792236328125,38.71889114379883,98.80127716064452,45.18344497680664,29.57028579711914,3856.10009765625,-0.0175427517335153,-0.0170594952060082,0.0034082125526961,0.0012306146011606,0.0180330090689186,0.0044393766663877,0.0313639589386078,0.0099266984969654,-0.0044965279660086,0.0,-0.0041012306087846
2022-11-02,142.37339782714844,213.8683013916016,13.20168685913086,214.97999572753903,116.79566955566406,32.97870635986328,37.9608154296875,96.7707061767578,44.88368606567383,29.83932876586914,3759.68994140625,-0.0373052380219829,-0.0353682694386285,-0.0239238903061125,-0.0563603335259603,-0.0092079989572138,-0.0030386829529309,-0.0195789624061261,-0.0205520722225598,-0.0066342641931504,0.0090984230113937,-0.0250019848573428
2022-11-03,136.33607482910156,208.18392944335935,13.403423309326172,215.30999755859372,117.00724792480467,32.79594802856445,37.87947082519531,98.08616638183594,44.87413024902344,29.39620590209961,3719.889892578125,-0.0424048529443443,-0.0265788427329112,0.0152811115994455,0.0015350350619269,0.0018115258035296,-0.0055417071035039,-0.0021428571428571,0.0135935786463661,-0.0002129017798673,-0.0148502959716836,-0.0105859923154296
2022-11-04,136.07058715820312,215.12176513671875,14.137459754943848,207.47000122070312,120.20838165283205,33.618370056152344,38.40817642211914,99.1544418334961,44.95384216308594,29.46742057800293,3770.550048828125,-0.0019473031714549,0.0333255103403502,0.0547648484030889,-0.0364125977743186,0.0273584225319494,0.0250769402022341,0.0139575761066905,0.0108911938458426,0.0017763444911389,0.0024225805241837,0.0136187246700705
2022-11-07,136.6015625,221.41827392578125,14.282270431518556,197.0800018310547,120.84308624267578,33.819393157958984,38.30243682861328,100.3286361694336,45.42580032348633,29.4278621673584,3806.800048828125,0.0039022051193144,0.029269510619071,0.010243047837789,-0.0500795263340059,0.0052800360600211,0.0059795612181934,-0.0027530490472587,0.0118420749915495,0.0104987279772037,-0.0013424456524728,0.0096139819205598
2022-11-08,137.17189025878906,222.38995361328125,14.582876205444336,191.3000030517578,120.91668701171876,33.9107780456543,38.51390838623047,100.64646911621094,45.53422546386719,29.965925216674805,3828.110107421875,0.004175118851873,0.004388434930288,0.0210474780860046,-0.0293281851308877,0.0006090606532109,0.0027021445141988,0.0055210993118643,0.0031679185416273,0.0023868625232519,0.018284136518528,0.0055978928024627
2022-11-09,132.61920166015625,218.15342712402344,13.75795841217041,177.58999633789062,119.3437271118164,33.371639251708984,38.00148010253906,96.14386749267578,44.47551727294922,29.768110275268555,3748.570068359375,-0.0331896614535506,-0.0190499904353809,-0.0565675647007106,-0.0716675718513074,-0.0130086255154336,-0.0158987444410584,-0.013305019022027,-0.0447368065971222,-0.0232508224337336,-0.0066013293424417,-0.0207778869547897
2022-11-10,144.41888427734375,236.1004638671875,15.72937297821045,190.72000122070312,124.25579071044922,34.84284210205078,38.53832244873047,97.55643463134766,45.39710235595703,30.48026657104492,3956.3701171875,0.0889741641442301,0.0822679569134658,0.1432926679220159,0.0739343721694254,0.0411589592306813,0.0440854235311936,0.0141268799200149,0.0146922229728223,0.0207211773918667,0.0239234633703981,0.0554344843603449
2022-11-11,147.20167541503906,240.1135406494141,16.305618286132812,195.97000122070312,124.45819854736328,35.09870529174805,38.71725845336914,100.6023178100586,45.46725082397461,30.30618476867676,3992.929931640625,0.0192688868330488,0.0169973269704546,0.0366349827625438,0.0275272649244828,0.001628960998572,0.0073433501477253,0.0046430667779253,0.0312217557993064,0.0015452190641496,-0.0057112952723821,0.0092407467881479
2022-11-14,145.8053436279297,234.71095275878903,16.27366065979004,190.9499969482422,123.17955780029295,34.50474166870117,40.05121994018555,100.8960189819336,44.131107330322266,30.31409454345703,3957.25,-0.0094858416738285,-0.0225001383762579,-0.0019599150294075,-0.0256161873816971,-0.0102736562315236,-0.0169226647567116,0.0344539241698382,0.0029194274870438,-0.0293869426771632,0.0002609953988153,-0.0089357770488009
2022-11-15,147.53599548339844,235.1190490722656,16.64417266845703,194.4199981689453,122.28730010986328,34.44990921020508,39.50624847412109,101.57239532470705,47.017066955566406,29.83141326904297,3991.72998046875,0.0118696051352211,0.0017387186608881,0.0227675884616713,0.018172303095892,-0.00724355328403,-0.0015891282138139,-0.0136068630837798,0.0067036970298557,0.0653951328173723,-0.0159226683720377,0.0087131165503191
2022-11-16,146.30686950683594,235.54782104492188,15.889163970947266,186.9199981689453,122.45287322998048,34.13922882080078,39.083290100097656,100.48663330078124,47.355079650878906,29.97384452819824,3958.7900390625,-0.0083310243885588,0.0018236377458489,-0.0453617438697093,-0.0385762785239958,0.0013539682368362,-0.0090183224434235,-0.0107061133456013,-0.0106895384366474,0.0071891489027151,0.0047745394383669,-0.0082520464979902
2022-11-17,148.20465087890625,235.4991149902344,15.65647029876709,183.1699981689453,121.91932678222656,33.96560287475586,39.31103897094727,100.62010192871094,47.19564056396485,30.195409774780277,3946.56005859375,0.0129712390024285,-0.0002067777764677,-0.0146448027476868,-0.0200620588312364,-0.0043571574409027,-0.0050858192185974,0.005827269666047,0.0013282227053044,-0.0033668845684455,0.0073919528865773,-0.0030893228355314
2022-11-18,148.76512145996094,235.0508575439453,15.388819694519045,180.19000244140625,123.11518096923828,33.98387908935547,39.22970581054688,99.7479476928711,47.906768798828125,30.504005432128903,3965.340087890625,0.0037817340935719,-0.0019034357997806,-0.017095207230018,-0.0162690165274254,0.0098085694743685,0.0005380800884648,-0.0020689649149313,-0.0086677932055541,0.0150676678262153,0.0102199526236059,0.0047585819088147
2022-11-21,145.53985595703125,235.85964965820312,15.296940803527832,167.8699951171875,122.38848114013672,34.09353256225586,39.18902969360352,98.76007843017578,48.20014190673828,30.559398651123047,3949.93994140625,-0.0216802532157898,0.0034409239034858,-0.0059704962963427,-0.0683723134319005,-0.0059026013151305,0.0032266320337379,-0.0010368703028209,-0.0099036550179159,0.0061238341734568,0.00181593263604,-0.0038836886983297
2022-11-22,147.6736602783203,238.763427734375,16.01699447631836,169.91000366210938,124.21898651123048,34.258018493652344,39.92107772827149,101.61688995361328,48.37234115600586,31.018335342407227,4003.580078125,0.0146613057107809,0.0123114660790002,0.0470717434315013,0.0121523119333968,0.0149565167738114,0.0048245493803298,0.0186799224270524,0.0289267846770422,0.003572588014383,0.0150178574036603,0.013579987927526
2022-11-23,148.54881286621094,241.24822998046875,16.49736213684082,183.1999969482422,125.54363250732422,34.36767578125,39.73400115966797,101.10960388183594,48.60512924194336,30.796783447265625,4027.260009765625,0.0059262605548018,0.0104069633681842,0.0299911235677017,0.0782178388540435,0.0106637965201397,0.0032009232413128,-0.0046861602754536,-0.0049921432550131,0.0048124213212408,-0.0071426107396131,0.0059146891478476
2022-11-25,145.63819885253906,241.16049194335935,16.248689651489258,182.8600006103516,125.7828140258789,34.44990921020508,40.02682113647461,100.75359344482422,48.812408447265625,30.87590789794922,4026.1201171875,-0.019593653813264,-0.000363683651136,-0.0150734695213026,-0.0018558752377416,0.0019051664650593,0.0023927550259288,0.0073695064242327,-0.0035210348309521,0.0042645541438741,0.002569243986765,-0.0002830441976333
2022-11-28,141.81314086914062,235.57704162597656,15.806273460388184,182.9199981689453,123.58431243896484,33.68232727050781,40.31962585449219,97.72771453857422,48.95271682739258,30.25871086120605,3963.93994140625,-0.0262641121184927,-0.0231524254756212,-0.0272278073241755,0.0003281065207998,-0.0174785530435162,-0.0222811019620883,0.0073152128923563,-0.0300324663646569,0.002874440835644,-0.0199895996186775,-0.0154441929131232
2022-11-29,138.8140411376953,234.18359375,15.618517875671388,180.8300018310547,125.61720275878906,33.81025314331055,40.25457382202149,98.37740325927734,48.78052520751953,30.33783531188965,3957.6298828125,-0.0211482498241313,-0.0059150410683437,-0.0118785484249229,-0.0114257399891306,0.0164494204782521,0.0037980116924625,-0.0016134086339357,0.0066479475527556,-0.0035175089562484,0.0026149313183412,-0.0015918653377758
2022-11-30,145.55953979492188,248.6148681640625,16.905160903930664,194.6999969482422,127.10739135742188,34.58697891235352,40.77513885498047,99.08936309814452,48.60512924194336,30.84425544738769,4080.110107421875,0.0485937777039098,0.061623763573585,0.0823793293641166,0.0767018469100382,0.0118629341038127,0.0229730835125869,0.0129318232323254,0.0072370261389271,-0.0035956145373591,0.0166926918249692,0.030947872397389
2022-12-01,145.83486938476562,248.1763610839844,17.116939544677734,194.6999969482422,125.3228530883789,33.59431838989258,41.54785919189453,98.60877990722656,48.90807342529297,30.32992172241211,4076.570068359375,0.0018915255587621,-0.0017638007063548,0.0125274548967959,0.0,-0.0140396105213496,-0.0287004113593278,0.018950771440958,-0.0048499977786914,0.0062327616050896,-0.0166751869194217,-0.0008676332180498
2022-12-02,145.34320068359375,248.4979248046875,16.858211517333984,194.8600006103516,124.3293914794922,33.16232681274414,41.40958023071289,97.7722396850586,48.86024856567383,30.21122169494629,4071.699951171875,-0.0033714070115472,0.001295706485898,-0.0151153205085775,0.0008217959148295,-0.0079272182559242,-0.0128590665878314,-0.0033281849864509,-0.008483425339559,-0.0009778520450656,-0.0039136278870811,-0.0011946604880656
2022-12-05,144.18292236328125,243.8011932373047,16.59248924255371,182.4499969482422,120.84308624267578,31.68252944946289,41.26316833496094,95.09339904785156,48.35958480834961,29.332904815673828,3998.840087890625,-0.0079830244198239,-0.0189004860747803,-0.0157621865467194,-0.0636867680552093,-0.0280408775055532,-0.0446228448213884,-0.0035357010367219,-0.0273987856454556,-0.0102468524418427,-0.0290725376199991,-0.0178942122835648
2022-12-06,140.52499389648438,238.8511199951172,15.970149040222168,179.82000732421875,121.04547882080078,30.331388473510746,40.43350601196289,92.45018768310548,47.79833984375,29.19047164916992,3941.260009765625,-0.0253700535877641,-0.0203037285275684,-0.0375073440298195,-0.0144148515648894,0.0016748378779283,-0.0426462469831319,-0.0201066073323095,-0.0277959499945521,-0.0116056613559408,-0.0048557470662707,-0.014399194981406
2022-12-07,138.58787536621094,238.1202850341797,16.103012084960938,174.0399932861328,120.9626922607422,30.092424392700195,40.8646125793457,92.2455062866211,47.54960632324219,29.41202735900879,3933.919921875,-0.0137848682754641,-0.0030597928992438,0.0083194617911293,-0.0321433311236856,-0.0006839293864179,-0.0078784418662285,0.010662111943873,-0.0022139640990884,-0.0052038108712751,0.007590001028475,-0.0018623708845491
2022-12-08,140.2693328857422,241.07278442382807,17.150903701782227,173.44000244140625,122.23211669921876,29.81667900085449,42.117218017578125,92.93077087402344,47.62322998046875,29.356639862060547,3963.510009765625,0.0121327895033247,0.0123991930768292,0.0650742613426929,-0.0034474308657329,0.0104943467671854,-0.0091632827002332,0.0306525709940421,0.0074287042804352,0.0015483547166734,-0.0018831580792501,0.0075217819575039
2022-12-09,139.78753662109375,239.1434326171875,16.983078002929688,179.0500030517578,121.5698013305664,29.761531829833984,42.06842422485352,92.14759826660156,46.51251602172852,29.594032287597656,3934.3798828125,-0.0034347940118948,-0.0080031921116761,-0.0097852394119092,0.0323454827685834,-0.005418505271263,-0.0018495410243013,-0.0011585236400047,-0.0084274842450574,-0.0233229446888788,0.0080864985452202,-0.0073495782479044
2022-12-12,142.07862854003906,246.05210876464844,17.51651382446289,167.82000732421875,123.45551300048828,30.08322525024414,42.42631149291992,94.41702270507812,47.37995910644531,30.029232025146484,3990.56005859375,0.016389815389304,0.0288892572622727,0.0314098434595413,-0.0627198857086465,0.0155113494410865,0.0108090343685764,0.0085072658332414,0.0246281452926278,0.0186496702158953,0.0147056586719753,0.0142792962181093
2022-12-13,143.0422821044922,250.349365234375,18.052949905395508,160.9499969482422,123.33595275878906,30.10161018371582,43.1664924621582,95.44940185546876,47.21030807495117,29.958023071289062,4019.64990234375,0.0067825370666605,0.0174648227617384,0.0306245915316465,-0.040936777953442,-0.0009684479760636,0.0006111357182863,0.0174462719758656,0.010934248092268,-0.0035806495972906,-0.0023713211779039,0.0072896644387934
2022-12-14,140.81997680664062,250.64166259765625,17.65536880493164,156.8000030517578,122.71963500976562,29.66961669921875,44.31336975097656,94.74630737304688,46.94783401489258,29.633594512939453,3995.320068359375,-0.0155360028178812,0.0011675578366558,-0.0220230545449551,-0.025784367661833,-0.0049970648074433,-0.0143511752979502,0.0265686930626518,-0.0073661486479142,-0.0055596769172081,-0.0108294381634458,-0.0060527246341003
2022-12-15,134.2220001220703,242.64163208007807,16.93412971496582,157.6699981689453,119.67488861083984,29.20085906982422,43.6057243347168,93.83853149414062,46.52851867675781,29.88680458068848,3895.75,-0.0468539821848569,-0.0319181992118375,-0.0408509784153791,0.0055484381393815,-0.0248105887756551,-0.0157992479022108,-0.0159691176779479,-0.0095811214608295,-0.0089315161590149,0.0085446963795925,-0.024921675023714
2022-12-16,132.2651824951172,238.43214416503903,16.553531646728516,150.22999572753906,118.92976379394533,29.13652229309082,41.808135986328125,93.17996215820312,45.69307327270508,29.372468948364254,3852.360107421875,-0.0145789633977549,-0.017348580616412,-0.0224752068540579,-0.0471871790943652,-0.0062262419923156,-0.0022032494516533,-0.0412236782168876,-0.0070181121278376,-0.0179555555992815,-0.0172094554617112,-0.0111377507740807
2022-12-19,130.160888671875,234.3005523681641,16.236867904663086,149.8699951171875,119.6380844116211,29.46741104125977,41.77559661865234,93.5982437133789,45.709083557128906,29.301250457763672,3817.659912109375,-0.0159096580335483,-0.0173281660966615,-0.0191296787189223,-0.0023963297649589,0.0059557893253954,0.0113564942596946,-0.0007783022827525,0.0044889646388308,0.0003503875593631,-0.0024246681722868,-0.0090075160018523
2022-12-20,130.0920867919922,235.61602783203125,16.06804847717285,137.8000030517578,120.21759796142578,29.586896896362305,41.74306488037109,94.9510269165039,46.10919952392578,29.26960182189941,3821.6201171875,-0.0005285910428612,0.0056144787136485,-0.0103972901966979,-0.0805364146171608,0.0048438885715591,0.0040548474019395,-0.0007787258810021,0.0144530831931799,0.0087535329011092,-0.0010801121238794,0.0010373383615349
2022-12-21,133.18948364257812,238.17872619628903,16.48360824584961,137.57000732421875,121.5698013305664,30.03727149963379,42.01962661743164,96.17027282714844,46.47089767456055,29.894716262817383,3878.43994140625,0.023809264091047,0.0108765875897234,0.025862491594242,-0.0016690545895901,0.011247965290194,0.0152220966209828,0.0066253337615034,0.0128407869850284,0.0078443814763491,0.0213571214504961,0.0148679938027347
2022-12-22,130.02322387695312,232.0983428955078,15.322831153869627,125.3499984741211,120.19001770019533,29.770723342895508,42.00334167480469,94.2301254272461,45.92674255371094,30.31409454345703,3822.389892578125,-0.0237725958463946,-0.0255286582386464,-0.070420084890834,-0.0888275655993685,-0.0113497234944001,-0.0088739137554997,-0.000387555624309,-0.0201740864704571,-0.0117095891854805,0.014028508481322,-0.0144516995686163
2022-12-23,129.65940856933594,232.62454223632807,15.189970016479492,123.1500015258789,120.76031494140624,29.844253540039062,42.15789031982422,96.72206115722656,46.019561767578125,30.39322280883789,3844.820068359375,-0.0027980794258838,0.0022671395851248,-0.008670795628821,-0.0175508334664749,0.0047449634514029,0.0024698827870806,0.0036794368937611,0.0264452129155283,0.0020210275910301,0.0026102796924192,0.005868102525282
2022-12-27,127.85993194580078,230.89979553222656,14.10611629486084,109.0999984741211,121.18345642089844,29.899402618408203,41.58852005004883,98.06591033935548,46.032371520996094,31.057905197143555,3829.25,-0.013878488598634,-0.0074142938123411,-0.0713532495747383,-0.1140885333144338,0.0035039779392551,0.0018478960546006,-0.0135056632449098,0.0138939262258319,0.0002783545285081,0.0218694276841344,-0.0040496221104097
2022-12-28,123.93651580810548,228.53195190429688,14.021204948425291,112.70999908447266,121.84576416015624,30.1199951171875,41.320106506347656,96.4550552368164,45.22574996948242,30.70973777770996,3783.219970703125,-0.0306852669009586,-0.0102548537233295,-0.0060194701830498,0.0330889153147684,0.0054653313151709,0.0073778229483247,-0.006454029702864,-0.0164262494169965,-0.0175229197380317,-0.0112102673127361,-0.0120206383226153
2022-12-29,127.44692993164062,234.84620666503903,14.587604522705078,121.81999969482422,122.54486083984376,30.46006774902344,41.75120544433594,97.1848373413086,45.50101852416992,31.065814971923828,3849.280029296875,0.028324292486731,0.0276296365043362,0.0403959271947877,0.0808269069678893,0.005737554231008,0.011290593856766,0.0104331516648452,0.0075660327258164,0.0060865448306164,0.0115949278626636,0.0174613316448191
2022-12-30,127.76160430908205,233.6866607666016,14.59859561920166,123.18000030517578,123.35433959960938,30.44169044494629,41.67799377441406,98.16380310058594,45.38578796386719,31.17660140991211,3839.5,0.0024690620449641,-0.0049374691416298,0.0007534545154055,0.0111640175156668,0.0066055708433463,-0.0006033244649543,-0.0017535223029544,0.0100732355587451,-0.0025324830968679,0.0035661848269039,-0.0025407424823445
2023-01-03,122.98270416259766,233.45278930664065,14.299908638000488,108.0999984741211,124.29261779785156,30.80014991760254,41.69425964355469,94.7908172607422,45.96515655517578,31.74632453918457,3824.139892578125,-0.0374048226173118,-0.0010007907990714,-0.0204599804660872,-0.1224224857419573,0.0076063655424503,0.0117752814451788,0.000390274762952,-0.0343607901620063,0.0127654188084129,0.0182740614277259,-0.0040005488792486
2023-01-04,124.25119018554688,223.24082946777344,14.733450889587402,113.63999938964844,125.4516372680664,31.37920570373535,40.77513885498047,95.06671142578124,46.01637268066406,32.54552459716797,3852.969970703125,0.0103143448632592,-0.0437431476796525,0.0303178336702669,0.0512488528559378,0.009324926055543,0.0188004210265833,-0.0220443004968023,0.0029105579317891,0.0011142380299913,0.0251745696418161,0.0075389705750443
2023-01-05,122.93354034423828,216.6244964599609,14.24996280670166,110.33999633789062,125.42383575439452,31.31486701965332,40.3928337097168,97.19374084472656,45.85953140258789,32.996551513671875,3808.10009765625,-0.0106047261144213,-0.0296376474840488,-0.0328156713935523,-0.0290390977603121,-0.0002216114056167,-0.0020503605059184,-0.0093759372990332,0.0223740717128508,-0.0034083798643711,0.0138583391137949,-0.0116455288746221
2023-01-06,127.45679473876952,219.1774444580078,14.84333610534668,113.05999755859376,127.8239288330078,31.627368927001957,41.41770935058594,98.36849975585938,46.98303985595703,33.38426971435547,3895.080078125,0.0367943067601017,0.0117851306743546,0.0416403401674816,0.0246510903659427,0.0191358609324718,0.0099793464603412,0.0253727096304856,0.0120867753511983,0.0244989082750579,0.0117502642821005,0.0228407810294386
2023-01-09,127.97789764404295,221.31146240234372,15.611526489257812,119.7699966430664,127.29568481445312,31.149423599243164,39.35983657836914,96.53514862060548,46.39728164672852,33.25006103515625,3892.090087890625,0.0040884670475314,0.0097364852008974,0.0517532162890541,0.059349011404278,-0.0041325910052787,-0.0151117637658042,-0.0496858180832177,-0.0186375835740514,-0.0124674395489171,-0.0040201172692272,-0.0007676325452631
2023-01-10,128.5482635498047,222.9972076416016,15.892230033874512,118.8499984741211,128.4355010986328,31.36081886291504,38.733524322509766,97.9769287109375,46.36846923828125,33.71621322631836,3919.25,0.00445675320709,0.0076170715287813,0.0179805315521097,-0.0076813742567518,0.0089540842318502,0.0067864903823455,-0.015912470942615,0.0149352863794551,-0.0006209934596309,0.0140195890368211,0.0069782331590619
2023-01-11,131.26220703125,229.740234375,15.984131813049316,123.22000122070312,129.38995361328125,31.599796295166016,38.59524917602539,99.11607360839844,46.77497863769531,33.09735107421875,3969.610107421875,0.0211122531452463,0.0302381666780138,0.0057828120395257,0.036769060182475,0.0074313761108422,0.0076202548567241,-0.0035699087264314,0.0116266646898248,0.0087669359392708,-0.0183550313893653,0.0128494246148815
2023-01-12,131.18353271484375,232.41018676757807,16.493593215942383,123.55999755859376,129.26022338867188,31.68252944946289,38.806739807128906,100.76252746582033,46.35246276855469,33.60369873046875,3983.169921875,-0.0005993676183391,0.0116216142977374,0.0318729480494615,0.0027592625752508,-0.0010026298100168,0.0026181546717607,0.005479706327039,0.0166113708653041,-0.0090329462769679,0.0152987366002357,0.0034159058663651
2023-01-13,132.510986328125,233.11175537109372,16.881187438964844,122.4000015258789,132.5220489501953,32.38105773925781,38.92060470581055,100.7002182006836,46.506107330322266,33.64387893676758,3999.090087890625,0.010119056758189,0.0030186654607238,0.023499683661885,-0.0093881195826729,0.0252345654062153,0.0220477437228978,0.0029341526561508,-0.0006183773541991,0.0033147011526604,0.0011957078481481,0.0039968583635343
2023-01-17,133.6713104248047,234.2031097412109,17.68334197998047,131.49000549316406,130.47415161132812,31.72848129272461,37.48090744018555,100.50443267822266,46.22443008422852,32.832122802734375,3990.969970703125,0.0087564369478503,0.0046816788298806,0.0475176609415584,0.0742647373690046,-0.0154532574397248,-0.0201530305707722,-0.0369906191465227,-0.0019442412932091,-0.0060567796847208,-0.0241278996265225,-0.0020304911890052
2023-01-18,132.95350646972656,229.7792053222656,17.358680725097656,128.77999877929688,126.55436706542967,30.993173599243164,36.60245513916016,98.439697265625,45.08170318603516,32.12484359741211,3928.860107421875,-0.0053699178439783,-0.0188891788150619,-0.0183597226842282,-0.0206099825131429,-0.0300426137858721,-0.0231750043973915,-0.023437327456046,-0.0205437248644362,-0.0247212760895293,-0.0215422928810244,-0.015562598500411
2023-01-19,133.01251220703125,225.99847412109372,16.74732780456543,127.16999816894533,124.86785125732422,30.542797088623047,36.56991958618164,99.07157135009766,44.43831634521485,32.19718551635742,3898.85009765625,0.0004438073043084,-0.0164537569701722,-0.0352188585189147,-0.012501946153228,-0.0133264133606192,-0.0145314744609152,-0.0008888899079262,0.0064188950395451,-0.0142715735065576,0.0022518994909952,-0.0076383502962943
2023-01-20,135.569091796875,234.0764312744141,17.8201961517334,133.4199981689453,125.17362213134766,31.11265754699707,36.69192886352539,100.87821197509766,44.98567962646485,32.14895248413086,3972.610107421875,0.0192205947201755,0.0357434145727553,0.0640620617024942,0.0491468120625184,0.0024487557921799,0.0186577691859888,0.0033363288386845,0.0182357118230791,0.012317372174901,-0.0014980511946318,0.0189184010459815
2023-01-23,138.7550048828125,236.3760681152344,19.17276763916016,143.75,127.20303344726562,31.544647216796875,36.586185455322266,100.35314178466795,45.65786361694336,31.85157966613769,4019.81005859375,0.0235002908384973,0.0098242989620958,0.0759010437320688,0.0774246887484899,0.0162127713599951,0.0138846920790121,-0.0028819255754156,-0.0052049910495967,0.0149421770674564,-0.0092498447076916,0.0118813449836652
2023-01-24,140.15130615234375,235.8498687744141,19.244688034057617,143.88999938964844,128.2965087890625,31.77443122863769,36.36656951904297,101.28759765625,45.77950668334961,32.48652267456055,4016.949951171875,0.010063069585926,-0.0022261108961495,0.0037511743870801,0.0009739087975544,0.0085962992561037,0.0072844058220584,-0.0060027011164496,0.0093116752994852,0.0026642303596768,0.0199344275881512,-0.0007115031258156
2023-01-25,139.4925079345703,234.4564666748047,19.302631378173828,144.42999267578125,128.9173583984375,32.050174713134766,36.65939331054688,100.75359344482422,45.56182861328125,32.414188385009766,4016.219970703125,-0.0047006213203416,-0.0059080045575186,0.0030108746898711,0.0037528201294276,0.0048391777394019,0.0086781564243565,0.0080520047773706,-0.0052721579322878,-0.0047549238914698,-0.0022265937870729,-0.0001817250594663
2023-01-26,141.55746459960938,241.657470703125,19.7811279296875,160.27000427246094,129.71426391601562,32.48216247558594,36.32284164428711,104.80298614501952,45.52022171020508,32.365962982177734,4060.429931640625,0.0148033517757644,0.0307136080759429,0.0247891876573225,0.1096725915664733,0.0061815222362466,0.013478483855944,-0.009180502890727,0.0401910498846165,-0.0009131965143305,-0.0014877868376409,0.0110078534691813
2023-01-27,143.4945831298828,241.81336975097656,20.34352684020996,177.89999389648438,130.02935791015625,32.583274841308594,35.945255279541016,102.88954162597656,45.8691291809082,32.66333770751953,4070.56005859375,0.0136843262610877,0.0006451240567815,0.0284310840373471,0.1100018041682475,0.0024291391295612,0.0031128581971306,-0.0103952870329868,-0.018257538162083,0.0076648895280952,0.0091878843680797,0.002494840970949
2023-01-30,140.61346435546875,236.5027618408203,19.14179992675781,166.66000366210938,128.92662048339844,32.445404052734375,35.74824523925781,101.06510162353516,45.50101852416992,32.99286651611328,4017.77001953125,-0.0200782406664524,-0.0219615975561037,-0.0590717097822429,-0.0631815099494341,-0.0084806803977279,-0.0042313361454824,-0.0054808357528993,-0.0177320257589794,-0.0080252375249255,0.0100886446922381,-0.0129687409846833
2023-01-31,141.88192749023438,241.47232055664065,19.51640510559082,173.22000122070312,129.69577026367188,32.61084747314453,36.248966217041016,103.24553680419922,46.05158996582031,33.410797119140625,4076.60009765625,0.0090209222891981,0.0210126878736627,0.0195700080591356,0.0393615589490423,0.0059657949412585,0.0050991326889089,0.0140068687129102,0.0215745608091912,0.0121002003803041,0.0126673019703587,0.0146424702855101
2023-02-01,143.00289916992188,246.2859649658203,20.920923233032227,181.41000366210935,129.35287475585938,33.0152587890625,36.0930061340332,102.11528778076172,46.30764389038086,33.50724792480469,4119.2099609375,0.0079007361932312,0.0199345597792877,0.0719660265219159,0.0472809282051163,-0.0026438449543527,0.0124011286812157,-0.004302469815939,-0.0109471949918859,0.0055601538350922,0.0028868154602874,0.0104523039445902
2023-02-02,148.30299377441406,257.8328857421875,21.68611717224121,188.2700042724609,128.75057983398438,33.20828628540039,36.39672088623047,98.92027282714844,45.9715576171875,33.61977005004883,4179.759765625,0.0370628472237783,0.046884201371238,0.0365755340089777,0.0378148970391338,-0.0046562159751901,0.0058466146690281,0.0084147812756134,-0.0312883117018959,-0.0072576845841896,0.0033581428560369,0.0146993732443099
2023-02-03,151.92156982421875,251.74278259277344,21.077756881713867,189.97999572753903,130.742919921875,33.48402404785156,36.16687774658203,99.60555267333984,45.36018753051758,33.36257553100586,4136.47998046875,0.024399885381336,-0.0236203505688706,-0.028052983652881,0.0090826547844735,0.0154744164294997,0.0083032819002284,-0.0063149408532402,0.0069275976157976,-0.0132988769221373,-0.007650097506916,-0.0103546106913104
2023-02-06,149.19778442382812,250.20314025878903,21.066774368286133,194.75999450683597,131.51202392578125,33.42887115478516,35.920616149902344,99.43646240234376,45.03048706054688,33.1777229309082,4111.080078125,-0.0179288918850837,-0.0061159343601717,-0.0005210475426472,0.0251605373554812,0.0058825671353051,-0.0016471405284974,-0.0068090366662342,-0.0016975988432152,-0.0072684988294829,-0.0055407173203957,-0.0061404630177543
2023-02-07,152.06903076171875,260.7172241210937,22.14962577819824,196.80999755859372,133.1151580810547,33.79652404785156,35.78107833862305,102.27547454833984,45.12650680541992,32.590999603271484,4164.0,0.0192445641802174,0.0420221898551305,0.0514009117381646,0.0105257912794087,0.01219001964549,0.0109980648572924,-0.0038846163077209,0.0285510171762624,0.0021323274772473,-0.0176842554523273,0.0128725105980265
2023-02-08,149.3845977783203,259.9084777832031,22.18159484863281,201.2899932861328,132.17922973632812,33.54835891723633,36.1012077331543,101.385498046875,44.88323974609375,32.56688690185547,4117.85986328125,-0.0176527263306146,-0.0031020057866024,0.0014433232757384,0.0227630495559827,-0.0070309674586921,-0.0073429187647778,0.0089468906303389,-0.0087017587099457,-0.0053907797555682,-0.0007398576818612,-0.0110807244761647
2023-02-09,148.35214233398438,256.8779602050781,22.313451766967773,207.32000732421875,130.1220245361328,32.831451416015625,35.575862884521484,101.7681884765625,45.29936218261719,31.99625015258789,4081.5,-0.006911391533604,-0.0116599412376723,0.005944429119491,0.0299568495166786,-0.0155637553971152,-0.0213693761590338,-0.0145520020414815,0.003774607188008,0.0092712210365708,-0.0175219925376124,-0.0088297961777351
2023-02-10,148.71652221679688,256.3713073730469,21.242584228515625,196.88999938964844,130.6965789794922,32.702762603759766,36.01912307739258,106.0578384399414,46.003562927246094,32.15699005126953,4090.4599609375,0.0024561821425683,-0.001972348393092,-0.0479920161898677,-0.0503087380189952,0.0044155049493548,-0.0039196808762795,0.0124595767166606,0.0421511871990021,0.0155454891790756,0.0050237105259236,0.0021952617756952
2023-02-13,151.51339721679688,264.3810729980469,21.76502990722656,194.63999938964844,132.11434936523438,32.7671012878418,36.10942077636719,105.64532470703124,46.70455551147461,32.40614700317383,4137.2900390625,0.0188067536700646,0.0312428317625457,0.0245942618417214,-0.0114277007820352,0.0108478002776541,0.0019673776451727,0.0025069377391724,-0.0038895166918169,0.0152377889803259,0.0077481428301298,0.0114486093427661
2023-02-14,150.87327575683594,265.2093811035156,22.94678497314453,209.25,132.69815063476562,32.739524841308594,35.88779067993164,104.40769958496094,46.57013320922852,32.414188385009766,4136.1298828125,-0.0042248505526214,0.0031330083355658,0.0542960460406074,0.0750616556523096,0.0044189088644512,-0.0008415894433553,-0.0061377361273154,-0.0117149066984497,-0.0028781411315018,0.0002481437190033,-0.0002804145319874
2023-02-15,152.97088623046875,263.0895080566406,22.74000358581543,214.2400054931641,133.254150390625,32.68437576293945,35.5594482421875,104.0937957763672,46.91583251953125,32.454368591308594,4147.60009765625,0.0139031280596939,-0.0079932053611918,-0.0090113446206562,0.0238470991310111,0.0041899585879663,-0.0016844801088731,-0.0091491404604003,-0.003006519728349,0.007423197798245,0.0012395869926333,0.002773175690496
2023-02-16,151.3755340576172,256.0853881835937,21.978809356689453,202.0399932861328,131.4193572998047,32.42702102661133,35.2557258605957,103.78888702392578,46.17961883544922,32.02035903930664,4090.409912109375,-0.0104291229015172,-0.026622573909481,-0.0334737954747196,-0.0569455372209676,-0.0137691252800887,-0.0078739376329144,-0.0085412568699945,-0.0029291731574134,-0.0156922225301137,-0.0133729162156056,-0.0137887414891306
2023-02-17,150.233154296875,252.0900115966797,21.36545181274414,208.30999755859372,131.80857849121094,32.491355895996094,35.46915054321289,99.7980499267578,46.87421417236328,32.325767517089844,4079.090087890625,-0.0075466604815238,-0.0156017358711993,-0.0279067684691769,0.031033480898909,0.0029616732222965,0.0019839895046778,0.0060536176013248,-0.0384514875494136,0.0150411665238965,0.0095379466984832,-0.0027674058253277
2023-02-21,146.22496032714844,246.8246917724609,20.63322639465332,197.3699951171875,129.38995361328125,31.72848129272461,35.05052185058594,99.69937896728516,47.15909957885742,31.5059757232666,3997.340087890625,-0.0266798230289833,-0.0208866658019072,-0.03427146893538,-0.0525178943383598,-0.0183495255439004,-0.0234793095650862,-0.011802613995983,-0.0009887062877987,0.0060776572263498,-0.0253603195466228,-0.0200412342553273
2023-02-22,146.64842224121094,245.6915283203125,20.73212242126465,200.8600006103516,128.3984375,31.517074584960938,34.787841796875,98.40797424316406,46.17001724243164,31.57027244567871,3991.050048828125,0.0028959619008621,-0.0045909647207947,0.004793047132801,0.0176825534757292,-0.0076630069460004,-0.0066629948598311,-0.0074943264705357,-0.0129529866434258,-0.0209733083383384,0.0020407786439264,-0.0015735561458868
2023-02-23,147.1309814453125,248.8760986328125,23.63905143737793,202.07000732421875,129.42703247070312,31.48949241638184,34.722164154052734,99.31377410888672,45.481815338134766,30.96748161315918,4012.320068359375,0.0032905857200962,0.0129616610481912,0.1402137686169402,0.0060241297928422,0.0080109617432309,-0.0008751500239891,-0.0018879481862011,0.0092045372612228,-0.014905818654631,-0.0190936214933438,0.0053294294160743
2023-02-24,144.4818115234375,243.45452880859372,23.261455535888672,196.8800048828125,130.5946044921875,31.443544387817383,34.27070617675781,99.32273864746094,45.60344696044922,31.136260986328125,3970.0400390625,-0.0180055206310145,-0.0217842125218206,-0.0159733948077208,-0.0256841800034132,0.009021083147747,-0.0014591543095356,-0.0130020114901803,9.02648062128808e-05,0.0026742912834543,0.0054502130743891,-0.0105375514855581
2023-02-27,145.67344665527344,244.3727569580078,23.476224899291992,207.6300048828125,131.7344207763672,31.443544387817383,33.47447204589844,99.14337158203124,45.27375793457031,31.24878692626953,3982.239990234375,0.0082476480552891,0.0037716618126089,0.0092328428490626,0.0546017865369246,0.0087278972099331,0.0,-0.0232336657071682,-0.0018059013260433,-0.0072294760123031,0.003613983708282,0.0030730045671669
2023-02-28,145.1712188720703,243.64990234375,23.191526412963867,205.7100067138672,132.837158203125,31.52626609802246,33.30209732055664,98.56939697265624,45.49462127685547,31.192522048950195,3970.14990234375,-0.0034476275171247,-0.0029579999966281,-0.0121270982685427,-0.0092472095737269,0.0083709133896738,0.0026308010695235,-0.005149438207881,-0.00578933921871,0.0048783965007797,-0.0018005459684592,-0.0030360018281855
2023-03-01,143.10308837890625,240.57275390625,22.674074172973636,202.7700042724609,132.09580993652344,31.37920570373535,32.98196029663086,99.44828033447266,44.86083221435547,30.782623291015625,3951.389892578125,-0.0142461467860689,-0.0126293850639785,-0.0223121251605491,-0.0142919758176649,-0.0055808802042267,-0.0046646943164745,-0.0096131189829947,0.0089163917890278,-0.0139310767891243,-0.0131409302938479,-0.00472526484568
2023-03-02,143.69398498535156,245.30078125,23.2894229888916,190.8999938964844,130.72434997558594,30.98141860961914,33.34313201904297,99.9056625366211,44.97286987304688,30.87103080749512,3981.35009765625,0.0041291673935137,0.0196532120407637,0.0271388728476256,-0.0585392815794728,-0.0103823123655211,-0.0126767738441785,0.0109505838696011,0.0045991966941019,0.0024974494043283,0.0028719942301116,0.0075821940867943
2023-03-03,148.7362060546875,249.3840789794922,23.86481666564941,197.7899932861328,133.1243896484375,31.601221084594727,33.778194427490234,101.17017364501952,45.027286529541016,30.750471115112305,4045.639892578125,0.0350899939886137,0.0166460853026417,0.024706222950747,0.0360921928231412,0.0183595456645973,0.0200056195871918,0.0130480366451115,0.0126570514252373,0.0012099885252541,-0.0039052694137295,0.0161477371607488
2023-03-06,151.4936981201172,250.92752075195312,23.5291690826416,193.80999755859372,132.3460235595703,31.536474227905277,33.745361328125,102.0669937133789,45.020877838134766,30.66206932067871,4048.419921875,0.0185394809950698,0.0061890148672556,-0.0140645364140146,-0.0201223310715291,-0.0058469082256282,-0.002048871988716,-0.0009720205570997,0.0088644709804106,-0.0001423290608916,-0.0028748110590783,0.0006871667698291
2023-03-07,149.297607421875,248.2704620361328,23.267406463623047,187.7100067138672,128.45399475097656,30.528114318847656,33.11329650878906,100.09400177001952,44.57275772094727,30.46917533874512,3986.3701171875,-0.0144962511674969,-0.0105889489835866,-0.0111250260516707,-0.0314740773002814,-0.0294079769373796,-0.0319744021405337,-0.0187304208477727,-0.0193303620649382,-0.0099536068310048,-0.0062909642502014,-0.0153269191153376
2023-03-08,150.5482635498047,247.8308563232422,24.159610748291016,182.0,127.69417572021484,30.12108039855957,32.93270492553711,98.63218688964844,44.20465087890625,30.163761138916016,3992.010009765625,0.0083769334922807,-0.0017706726337289,0.0383456697704089,-0.0304192984371427,-0.0059151062778134,-0.0133330842526617,-0.0054537482610352,-0.014604420390043,-0.0082585610777237,-0.0100237107317024,0.0014147940136839
2023-03-09,148.3029022216797,246.4828186035156,23.415271759033203,172.9199981689453,120.78125,28.252384185791016,32.39094161987305,97.86988830566406,43.906959533691406,29.376110076904297,3918.320068359375,-0.0149145614514656,-0.0054393457688269,-0.0308092293792633,-0.0498901199508499,-0.0541365781268008,-0.0620394815870521,-0.01645061670121,-0.0077287000118657,-0.0067343896919429,-0.0261124950030029,-0.0184593578738486
2023-03-10,146.24464416503906,242.839111328125,22.94468688964844,173.44000244140625,123.84850311279295,28.00261116027832,32.33348083496094,96.6591796875,43.84294891357422,29.480588912963867,3861.590087890625,-0.0138787442848824,-0.0147828043189158,-0.020097348184875,0.0030071956856769,0.0253951098601228,-0.008840776901169,-0.0017739769836409,-0.0123705936434995,-0.0014578695677633,0.0035565919308599,-0.0144781384570513
2023-03-13,148.18470764160156,248.0458221435547,22.9456844329834,174.47999572753906,121.62452697753906,26.37444305419922,32.71928787231445,95.547119140625,43.970985412597656,29.368074417114254,3855.760009765625,0.0132658771036642,0.021440989414569,4.347600556742215e-05,0.0059962711686663,-0.0179572306435422,-0.0581434387229093,0.0119321219797763,-0.0115049656997948,0.0029203441419014,-0.0038165620158332,-0.0015097610031894
2023-03-14,150.27252197265625,254.7568359375,24.041717529296875,183.25999450683597,124.74735260009766,26.605716705322266,32.75212478637695,95.9058609008789,44.20465087890625,29.641338348388672,3919.2900390625,0.0140892698327836,0.0270555405285615,0.0477664154893535,0.0503209479269324,0.0256759528703884,0.0087688544037796,0.0010035950107056,0.0037546057220827,0.0053140830053275,0.0093047956564416,0.0164766554806239
2023-03-15,150.66647338867188,259.2992553710937,24.20656967163086,180.4499969482422,118.8537826538086,26.35594367980957,33.064048767089844,91.1347885131836,44.69758605957031,29.786008834838867,3891.929931640625,0.0026215798526847,0.0178304123493984,0.0068569203565884,-0.0153333932272324,-0.0472440482579383,-0.0093879457666603,0.0095237784646764,-0.0497474538352388,0.0111512062840266,0.004880700215011,-0.0069808835654376
2023-03-16,153.48301696777344,269.8103942871094,25.518409729003903,184.1300048828125,121.16118621826172,26.79998588562012,33.13792037963867,90.60564422607422,44.44367599487305,29.40022087097168,3960.280029296875,0.0186938972934991,0.0405367107629088,0.05419355469067,0.0203935051083754,0.0194137999896395,0.0168478962925815,0.0022341974229833,-0.0058061723271879,-0.005680621417874,-0.0129519858134183,0.0175620062171666
2023-03-17,152.6459197998047,272.9656066894531,25.702247619628903,180.1300048828125,116.58348083496094,25.736129760742188,32.91628646850586,89.53843688964844,44.80364990234375,29.56900787353516,3916.639892578125,-0.0054540051694743,0.0116941840238602,0.0072041280227603,-0.0217237815343879,-0.0377819459034878,-0.039696144968821,-0.0066882263157646,-0.0117785966375664,0.0080995529602958,0.005741011378936,-0.0110194573100675
2023-03-20,155.0094757080078,265.9322509765625,25.87709045410156,183.25,117.81593322753906,25.67137336730957,33.49909591674805,91.87911987304688,45.285762786865234,30.08338928222656,3951.570068359375,0.0154839114684686,-0.0257664538701108,0.0068026282004662,0.0173207962727657,0.0105714152961586,-0.0025161667288217,0.0177058079987186,0.0261416556364861,0.0107605716403087,0.0173959644128534,0.00891840371831
2023-03-21,156.86090087890625,267.4462890625,26.175830841064453,197.5800018310547,120.97586822509766,26.44845199584961,33.3759765625,95.99552917480467,45.13148880004883,30.332542419433597,4002.8701171875,0.0119439483453642,0.0056933225675999,0.0115445895083441,0.0781991914382247,0.0268209478208332,0.0302702398279004,-0.0036753037919,0.0448024459468658,-0.0034066774483293,0.0082820833407304,0.0129821938977849
2023-03-22,155.4329376220703,265.99078369140625,26.44458770751953,191.1499938964844,117.85299682617188,25.56960868835449,32.84241485595703,93.79833221435548,44.84222412109375,29.986936569213867,3936.969970703125,-0.009103372789745,-0.0054422343125262,0.0102673671787889,-0.0325438195919666,-0.0258140027820681,-0.0332285347979167,-0.015986399844925,-0.0228885342821347,-0.0064093759511599,-0.0113938965432157,-0.0164632237757136
2023-03-23,156.51625061035156,271.236572265625,27.16695213317871,192.22000122070312,117.53794860839844,24.949800491333008,32.98196029663086,92.74008178710938,45.20540237426758,30.035160064697266,3948.719970703125,0.0069696488070969,0.0197216929903283,0.0273161538250708,0.0055977366381616,-0.0026732304333179,-0.0242400345103352,0.0042489397106106,-0.011282188097201,0.0080990240848242,0.0016081501147038,0.0029845287333754
2023-03-24,157.81619262695312,274.0792541503906,26.75531768798828,190.41000366210935,115.74947357177734,25.107067108154297,33.15433883666992,92.84769439697266,45.57501983642578,30.268239974975582,3970.989990234375,0.0083054763421197,0.0104804520313055,-0.0151520289494567,-0.0094162810690838,-0.0152161498290204,0.0063033216187808,0.0052264492009794,0.0011603678559428,0.0081764002253101,0.007760235330068,0.0056398072531045
2023-03-27,155.87612915039062,269.9861755371094,26.50753402709961,191.80999755859372,119.06693267822266,26.35594367980957,33.014793395996094,94.88347625732422,46.33674240112305,30.58169937133789,3977.530029296875,-0.0122931838886041,-0.0149339234958488,-0.0092610995607768,0.0073525228168616,0.0286606841834846,0.0497420334392486,-0.0042089646655684,0.0219260356821304,0.0167135980945523,0.0103560496620043,0.0016469543057482
2023-03-28,155.2556915283203,268.86279296875,26.38664436340332,189.19000244140625,119.42832946777344,26.01365852355957,32.82599639892578,96.06729125976562,46.15676498413086,30.541513442993164,3971.27001953125,-0.0039803247966961,-0.0041608892237705,-0.0045605775162902,-0.0136593251161849,0.0030352406114924,-0.0129870195659969,-0.0057185575813177,0.0124765138160716,-0.0038841189014579,-0.0013140515135137,-0.0015738434957162
2023-03-29,158.3283233642578,274.0206604003906,26.96013069152832,193.8800048828125,119.66927337646484,26.522459030151367,33.03942108154297,97.71743774414062,46.35603332519531,30.927295684814453,4027.81005859375,0.0197907838720168,0.0191840134318628,0.0217339620842575,0.024789906342217,0.0020174770070482,0.0195589753794529,0.0065016970093914,0.017176985660114,0.0043172076971373,0.0126314055307497,0.0142372688798364
2023-03-30,159.89414978027344,277.4787292480469,27.358781814575195,195.27999877929688,119.30785369873048,26.1801700592041,33.146121978759766,98.19273376464844,46.81885528564453,31.071964263916016,4050.830078125,0.0098897429262432,0.0126197376599392,0.0147866910441996,0.007220929756684,-0.0030201543599031,-0.0129056272858464,0.0032295026281923,0.0048639836602379,0.0099840717000621,0.0046776989677954,0.0057152693886679
2023-03-31,162.39556884765625,281.63043212890625,27.75243377685547,207.4600067138672,120.7534637451172,26.457698822021484,33.49089431762695,98.34521484375,47.39095306396485,31.256818771362305,4109.31005859375,0.0156442188211405,0.0149622383384495,0.0143885047568368,0.0623720197189063,0.0121166377700254,0.0106007242195056,0.0104015890331943,0.0015528753834985,0.0122193884243841,0.0059492379006422,0.0144365424717638
2023-04-03,163.64630126953125,280.5852355957031,27.940269470214844,194.7700042724609,120.61444854736328,26.44845199584961,33.94235610961914,104.14762115478516,47.789493560791016,31.522052764892575,4124.509765625,0.007701764467775,-0.0037112343481571,0.0067682602134888,-0.0611684277968263,-0.001151231554296,-0.0003494947249221,0.0134801354574329,0.059000392853419,0.0084096324521738,0.0084856362213443,0.0036988464765423
2023-04-04,163.11451721191406,280.536376953125,27.42871856689453,192.5800018310547,119.00205993652344,25.88414001464844,33.57297897338867,103.1521453857422,47.32023620605469,31.867656707763672,4100.60009765625,-0.003249594115429,-0.0001741311957288,-0.0183087319134713,-0.0112440437098448,-0.0133681215663534,-0.0213362952693686,-0.0108824836743076,-0.0095583149956297,-0.0098192577441609,0.0109638780649465,-0.0057969720833299
2023-04-05,161.27288818359375,277.76202392578125,26.857221603393555,185.5200042724609,119.17951202392578,25.56960868835449,34.10652542114258,104.91886901855467,48.10446548461914,32.23736572265625,4090.3798828125,-0.0112904054145451,-0.0098894591050033,-0.0208357150228211,-0.036660076287606,0.0014911681990799,-0.0121515076844721,0.0158921389780994,0.0171273571306318,0.0165728098894,0.0116013868946476,-0.0024923705312281
2023-04-06,162.1592254638672,284.8540954589844,27.013086318969727,185.05999755859372,119.04875946044922,25.75463104248047,34.06549835205078,103.17906188964844,48.4676513671875,32.256160736083984,4105.02001953125,0.0054958852058533,0.0255329055893478,0.0058034564363305,-0.002479553165553,-0.001097106048314,0.0072360260331338,-0.0012029096656783,-0.0165824045300998,0.0075499411314419,0.0005830195180782,0.0035791630944272
2023-04-10,159.5691375732422,282.6952514648437,27.55460548400879,184.50999450683597,119.4410171508789,25.847143173217773,34.25429153442383,102.72166442871094,48.37444305419922,32.14994430541992,4109.10986328125,-0.015972497915033,-0.0075787711272402,0.0200465492407946,-0.0029720256079848,0.0032949330359044,0.0035920580879109,0.0055420643027721,-0.0044330453539759,-0.0019231035620468,-0.0032929036884802,0.0009963029974375
2023-04-11,158.35781860351562,276.2869567871094,27.144968032836918,186.7899932861328,120.0293960571289,26.559465408325195,34.30353164672852,103.4480972290039,48.23302459716797,32.23164367675781,4108.93994140625,-0.0075911857903635,-0.0226685614439168,-0.0148663878134492,0.0123570475701919,0.0049261042838135,0.0275590315855684,0.0014374873949796,0.0070718558186633,-0.0029234126142352,0.0025411979119389,-4.1352477946232646e-05
2023-04-12,157.66847229003906,276.93170166015625,26.471567153930664,180.5399932861328,120.01071166992188,26.346689224243164,33.95878219604492,103.34046936035156,47.99839401245117,32.02738571166992,4091.949951171875,-0.0043530930114824,0.002333605902155,-0.0248075767888784,-0.0334600365364646,-0.0001556650938919,-0.0080113127584011,-0.0100499696134488,-0.0010404045268622,-0.00486452149075,-0.0063371873658177,-0.0041348840520069
2023-04-13,163.04556274414062,283.13482666015625,26.43958854675293,185.8999938964844,120.46834564208984,26.420698165893555,34.040863037109375,103.82476806640624,48.04661560058594,32.125431060791016,4146.22021484375,0.0341037772231986,0.0223994759820322,-0.0012080360407746,0.0296887161276042,0.0038132760467803,0.0028090414328905,0.002417072573174,0.0046864380339313,0.0010046500331293,0.0030612972911294,0.0132626899936381
2023-04-14,162.7008819580078,279.5204772949219,26.73433494567871,185.0,129.5648651123047,27.30879020690918,33.81102752685547,104.07587432861328,47.72199249267578,32.043731689453125,4137.64013671875,-0.0021140151276223,-0.0127654708107407,0.0111479192803845,-0.0048412798603185,0.0755096238910801,0.033613496336825,-0.0067517533266813,0.0024185583737248,-0.0067564198612606,-0.0025431369678212,-0.0020693734728036
2023-04-17,162.72056579589844,282.1188659667969,26.97811889648437,187.0399932861328,130.59219360351562,28.09511947631836,33.80281448364258,102.86516571044922,48.056251525878906,32.23981475830078,4151.31982421875,0.0001209817528566,0.0092958794898359,0.0091187587535281,0.0110269907358531,0.0079290669605565,0.0287939986887533,-0.0002429101927282,-0.0116329420816713,0.0070042975103026,0.0061192332637147,0.0033061569029655
2023-04-18,163.9417266845703,281.6988525390625,27.642528533935547,184.30999755859372,132.05845642089844,28.27088928222656,33.285675048828125,104.8740463256836,48.16232299804688,31.814966201782227,4154.8701171875,0.0075046499666402,-0.0014887817810235,0.0246277229335569,-0.014595786064656,0.0112277983616269,0.006256239844659,-0.0152987093741765,0.0195292604776342,0.0022072356623747,-0.013177760471132,0.0008552202959737
2023-04-19,165.08412170410156,281.7769470214844,27.906295776367188,180.58999633789065,131.89036560058594,27.808338165283203,33.031211853027344,104.5422134399414,48.213748931884766,31.53717041015625,4154.52001953125,0.0069682993014295,0.0002772268389379,0.0095420808594923,-0.020183393575926,-0.0012728516209272,-0.0163613925379473,-0.007644826052874,-0.0031641087320278,0.0010677627372743,-0.0087316073153776,-8.42619976980652e-05
2023-04-20,164.1189727783203,279.4911193847656,27.080028533935547,162.99000549316406,131.5074462890625,27.660327911376957,32.7110710144043,103.70816802978516,48.52228546142578,30.385168075561523,4129.7900390625,-0.0058464067641296,-0.0081121882427963,-0.0296086320109663,-0.0974582823059387,-0.0029033152632472,-0.0053225134499776,-0.009692070640566,-0.0079780729976164,0.0063993474138861,-0.0365283986994513,-0.0059525481529729
2023-04-21,162.5137481689453,279.1492004394531,27.09501266479492,165.0800018310547,131.2552947998047,27.632572174072266,33.006591796875,104.04000854492188,48.76655960083008,30.491382598876957,4133.52001953125,-0.009780859471642,-0.0012233624669905,0.0005533277352567,0.0128228496684006,-0.0019173932455776,-0.0010034493225683,0.0090342741251294,0.0031997529359637,0.0050342669781804,0.0034956042715084,0.0009031888869577
2023-04-24,162.8190155029297,275.2514953613281,27.01807975769043,162.5500030517578,131.4327392578125,27.53081512451172,32.76032638549805,106.00403594970705,49.097599029541016,30.31163787841797,4137.0400390625,0.0018784092879762,-0.0139628022290194,-0.0028393752037049,-0.0153258950280732,0.0013519032377204,-0.0036825037104589,-0.0074610978586485,0.0188776167193138,0.0067882465242699,-0.0058949350648864,0.0008515791660903
2023-04-25,161.28274536132812,269.0484313964844,26.21779060363769,160.6699981689453,128.57489013671875,26.679725646972656,32.28423309326172,104.49736785888672,48.71513366699219,30.475040435791016,4071.6298828125,-0.0094354466943323,-0.022535986431975,-0.0296205045373346,-0.0115657019225886,-0.0217438146479465,-0.0309140675163411,-0.0145326174908647,-0.0142133087417082,-0.0077898995085015,0.0053907531499441,-0.0158108588827732
2023-04-26,161.27288818359375,288.536865234375,26.93215751647949,153.75,126.29608917236328,26.3096866607666,31.709640502929688,103.53778076171876,48.50300216674805,30.164573669433597,4055.989990234375,-6.111737317149313e-05,0.0724346681254997,0.0272474108761353,-0.0430696349524377,-0.0177235303248739,-0.0138696698422775,-0.017797932156919,-0.0091828829455664,-0.0043545297790669,-0.0101875752063906,-0.0038411871973298
2023-04-27,165.8522491455078,297.77801513671875,27.201919555664062,160.19000244140625,127.9958724975586,26.725976943969727,31.7999324798584,104.775390625,48.65407180786133,31.692413330078125,4135.35009765625,0.0283951072836303,0.0320276228648885,0.0100163545761051,0.0418861947408537,0.0134587170223103,0.0158227001549169,0.0028474613870304,0.0119532199181424,0.0031146451634873,0.0506501327480295,0.019566149722497
2023-04-28,167.10296630859375,300.1517944335937,27.724458694458008,164.30999755859375,129.1072540283203,27.086767196655277,31.92304992675781,106.12957763671876,48.52228546142578,31.72508811950684,4169.47998046875,0.0075411528606321,0.0079716405382883,0.0192096420888481,0.0257194272700913,0.0086829482004031,0.013499609516312,0.0038716260475519,0.0129246667909406,-0.0027086396171728,0.0010309972007622,0.0082532027534605
2023-05-01,167.0143585205078,298.4910888671875,28.884431838989254,161.8300018310547,131.87167358398438,26.864748001098636,32.18572998046875,102.8382568359375,48.7215576171875,31.62704849243164,4167.8701171875,-0.0005302586186429,-0.0055328856838589,0.0418393432786163,-0.0150933951943775,0.0214118066135746,-0.0081965925998011,0.0082285387616038,-0.031012285868577,0.0041068171844489,-0.0030902869900908,-0.0003861064902076
2023-05-02,165.9803009033203,298.3446044921875,28.18505096435547,160.30999755859375,129.74232482910156,26.050661087036133,32.06260299682617,98.73979949951172,48.58978271484375,30.77733993530273,4119.580078125,-0.0061914294456337,-0.0004907495749904,-0.0242130736215394,-0.0093925987472197,-0.0161471277114467,-0.0303031658450402,-0.0038255147146668,-0.0398534306446309,-0.0027046529049651,-0.0268665145067914,-0.0115862629364003
2023-05-03,164.9068603515625,297.35797119140625,27.77741432189941,160.61000061035156,126.99654388427734,25.77313232421875,31.5618896484375,96.793701171875,48.4098014831543,31.030622482299805,4090.75,-0.0064672768148738,-0.0033070257880499,-0.0144628669634686,0.0018713932775662,-0.0211633400930729,-0.0106534249511038,-0.0156167404261667,-0.0197093607390436,-0.0037040962447949,0.0082295139063188,-0.0069983050646564
2023-05-04,163.27206420898438,298.3446044921875,27.537622451782227,161.1999969482422,125.25943756103516,24.968297958374023,31.38129425048828,95.09871673583984,48.5452995300293,30.515893936157227,4061.219970703125,-0.009913451381543,0.0033179984946365,-0.0086326202769756,0.0036734719858571,-0.0136783747817978,-0.03122765039655,-0.0057219450407069,-0.0175113092640749,0.0027989796017269,-0.0165877608944579,-0.0072187323343824
2023-05-05,170.93389892578125,303.4633483886719,28.654634475708008,170.05999755859375,127.70635986328124,25.63436508178711,31.59471702575684,97.46631622314452,48.9647102355957,30.90806770324707,4136.25,0.0469267951864067,0.017157152565896,0.0405631250803022,0.0549627839831554,0.0195348338607521,0.0266765129334616,0.0068009551666352,0.0248962296082424,0.0086395739572471,0.0128514592399067,0.0184747513895153
2023-05-08,170.86492919921875,301.5096435546875,29.125215530395508,171.7899932861328,128.01454162597656,25.615869522094727,31.742469787597656,97.8519515991211,49.27120208740234,30.90806770324707,4138.1201171875,-0.0004034877048726,-0.0064380256935743,0.0164225111678335,0.0101728551827304,0.0024132060691828,-0.0007215142498506,0.0046765021418095,0.0039566015308682,0.0062594437980318,0.0,0.0004521286642489
2023-05-09,169.1612548828125,299.8978576660156,28.545730590820312,169.14999389648438,127.39813232421876,25.588111877441406,31.58650779724121,97.87884521484376,49.35508346557617,30.69563865661621,4119.169921875,-0.0099708835768156,-0.0053457191938192,-0.0198963313754858,-0.0153675970244161,-0.0048151506377984,-0.0010836112601751,-0.0049133539828517,0.0002748398502345,0.0017024422912401,-0.0068729319694269,-0.0045794212772585
2023-05-10,170.92405700683594,305.0849609375,28.859451293945312,168.5399932861328,127.4635238647461,25.273578643798828,31.438751220703125,96.62329864501952,49.21636199951172,30.74465751647949,4137.64013671875,0.0104208385380246,0.0172962331636961,0.010990109436046,-0.0036062703657255,0.0005132849228974,-0.0122921626710515,-0.004677838319024,-0.0128275580598475,-0.0028106824327671,0.0015969323984961,0.0044839652634049
2023-05-11,171.1111602783203,302.9358215332031,28.552722930908203,172.0800018310547,127.06190490722656,25.338335037231445,31.181535720825195,94.87451171875,49.40024948120117,30.720149993896484,4130.6201171875,0.0010946573277095,-0.0070443964123723,-0.0106283504808513,0.0210039675207056,-0.0031508540274289,0.0025622170229742,-0.0081814795400826,-0.0180990190853896,0.0037363078906822,-0.0007971310973253,-0.0016966239932159
2023-05-12,170.18414306640625,301.8222351074219,28.31493377685547,167.97999572753906,125.24076080322266,25.060810089111328,30.990694046020508,94.86554718017578,49.38412857055664,30.71197891235352,4124.080078125,-0.0054176314999339,-0.0036759813354036,-0.0083280727595801,-0.0238261625981439,-0.0143327310048877,-0.0109527696951015,-0.0061203423883073,-9.44883764018023e-05,-0.00032633257552,-0.0002659844286108,-0.0015833068345566
2023-05-15,169.69105529785156,302.3009033203125,28.927391052246094,166.35000610351562,126.29608917236328,25.578861236572266,30.833044052124023,95.04646301269533,49.00019454956055,30.042016983032227,4136.27978515625,-0.0028973778618275,0.0015859275998013,0.0216301856899006,-0.0097034746129369,0.0084263969842752,0.0206717638264226,-0.0050870107543373,0.0019070762557868,-0.007774441548514,-0.0218143523487445,0.0029581644391338
2023-05-16,169.69105529785156,304.5282287597656,29.187164306640625,166.52000427246094,125.44623565673828,25.310585021972656,30.70858192443848,92.73973083496094,48.322696685791016,29.453758239746094,4109.89990234375,0.0,0.0073679086466145,0.0089801826208713,0.001021930644472,-0.0067290564671813,-0.0104882000851559,-0.0040366474187607,-0.0242695215015658,-0.0138264321192497,-0.0195812000112503,-0.006377683373153
2023-05-17,170.302490234375,307.4063415527344,30.151308059692383,173.86000061035156,129.30340576171875,26.42994880676269,30.492847442626957,94.8203125,48.24203872680664,29.559967041015625,4158.77001953125,0.0036032243152133,0.0094510541918897,0.0330331423403265,0.044078766211661,0.0307475954522458,0.0442251249356067,-0.0070252179779046,0.0224346312665242,-0.0016691526863419,0.003605950738273,0.0118908290587882
2023-05-18,172.62985229492188,311.8314819335937,31.649980545043945,176.88999938964844,130.2840118408203,26.33743667602539,30.268821716308597,95.67967224121094,48.86792755126953,29.519126892089844,4198.0498046875,0.0136660483199271,0.0143950848850664,0.0497050569873966,0.0174278084013561,0.0075837606389783,-0.0035002765769122,-0.0073468286862966,0.0090630342650572,0.0129739298126947,-0.0013816033309209,0.0094450486494266
2023-05-19,172.73834228515625,311.65533447265625,31.23634910583496,180.13999938964844,129.98512268066406,26.00440788269043,30.50944328308105,96.12294006347656,48.36463165283203,29.453758239746094,4191.97998046875,0.0006284543999321,-0.0005648802995938,-0.0130689318630167,0.0183730002329922,-0.0022941353734288,-0.0126446927023127,0.0079494857456843,0.0046328317382624,-0.0102991046204992,-0.0022144507384216,-0.0014458676054706
2023-05-22,171.79161071777344,314.4356384277344,31.148426055908203,188.8699951171875,128.91114807128906,26.21717834472656,32.15232467651367,94.95600128173828,47.93876266479492,29.38022994995117,4192.6298828125,-0.0054807262525418,0.0089210857236972,-0.0028147671684951,0.0484622835412351,-0.0082622886929409,0.0081820921666806,0.0538482914351858,-0.0121400654304546,-0.0088053805742605,-0.0024963975461611,0.0001550346964389
2023-05-23,169.1881103515625,308.6399230957031,30.660860061645508,185.7700042724609,127.5662612915039,26.43919944763184,32.89079284667969,96.24958038330078,47.84843826293945,29.60900115966797,4145.580078125,-0.0151549913021543,-0.0184321197209433,-0.0156529897654399,-0.0164133579968758,-0.0104326646679263,0.0084685354001849,0.022967800232045,0.0136229315061866,-0.0018841621442557,0.0077865697479737,-0.0112220267475501
2023-05-24,169.46421813964844,307.259521484375,30.5109920501709,182.8999938964844,126.39883422851562,25.995153427124023,32.05276107788086,97.3260498046875,47.629051208496094,29.30669212341309,4115.240234375,0.0016319573964873,-0.0044725309593214,-0.0048879258824863,-0.0154492668890031,-0.0091515346704452,-0.0167949873591043,-0.0254792206653488,0.0111841466435471,-0.0045850410673337,-0.0102100383131691,-0.0073186003353533
2023-05-25,170.59835815429688,319.0760803222656,37.946407318115234,184.47000122070312,126.70703125,26.059913635253903,31.38896369934082,95.58016967773438,47.15478515625,28.44882202148437,4151.27978515625,0.0066925043357166,0.0384579093946533,0.2436962802034714,0.0085839659738167,0.0024382900630806,0.0024912416197668,-0.0207095225564862,-0.0179384669413453,-0.0099574952725804,-0.0292721573051012,0.0087575812659024
2023-05-26,173.0045928955078,325.8997497558594,38.91155242919922,193.1699981689453,127.89311981201172,26.189424514770508,31.1981258392334,94.95600128173828,47.23867416381836,28.59588432312012,4205.4501953125,0.0141046770159103,0.0213857128578922,0.0254344265846542,0.0471621233299248,0.0093608740597157,0.0049697355612645,-0.0060797757433269,-0.0065303127008519,0.001779013673594,0.0051693634810148,0.0130490867779973
2023-05-30,174.84877014160156,324.2550964355469,40.07551956176758,201.16000366210935,128.37876892089844,26.14316940307617,30.70858192443848,94.11471557617188,47.12252807617188,28.51418113708496,4205.52001953125,0.0106597010820839,-0.005046500715464,0.0299131507201166,0.0413625592426418,0.0037973044179433,-0.0017661751852642,-0.0156914526634573,-0.0088597423460395,-0.0024587076098642,-0.0028571659163239,1.660326849850513e-05
2023-05-31,174.79945373535156,321.4942626953125,37.80053329467773,203.92999267578125,126.7444076538086,25.708375930786133,31.54662322998047,92.43216705322266,47.38385391235352,29.11061286926269,4179.830078125,-0.0002820517765727,-0.008514388117823,-0.0567674802963804,0.0137700783617238,-0.0127307753519343,-0.01663124564533,0.0272901336702577,-0.0178776348910861,0.0055456667299176,0.0209170212292024,-0.0061086242098339
2023-06-01,177.60020446777344,325.5962829589844,39.73482894897461,207.5200042724609,128.4908447265625,25.904197692871094,31.54662322998047,93.49959564208984,47.55807113647461,29.184141159057617,4221.02001953125,0.0160226515161898,0.0127592331797206,0.0511711207674741,0.0176041373295552,0.0137792041880391,0.0076170413336169,0.0,0.0115482371873048,0.0036767212823873,0.0025258241770842,0.0098544535630327
2023-06-02,178.4482879638672,328.3570861816406,39.29221725463867,213.97000122070312,131.18994140625,26.77139663696289,31.828731536865234,95.67064666748048,48.01296615600586,28.25273704528809,4282.3701171875,0.0047752394127882,0.0084792221752851,-0.0111391367735422,0.0310813262116831,0.0210061400517007,0.0334771589675773,0.0089425833258967,0.0232198974817097,0.0095650435070393,-0.0319147343995235,0.0145344247059655
2023-06-05,177.0972137451172,328.8857421875,39.136348724365234,217.6100006103516,129.9010772705078,26.61287879943848,32.06935501098633,95.2454833984375,48.32914352416992,28.15468406677246,4273.7900390625,-0.007571236654417,0.0016100033412007,-0.0039669059463687,0.0170117276668795,-0.0098244127707246,-0.005921164281192,0.0075599454487338,-0.004444030471757,0.0065852496414557,-0.003470565643196,-0.0020035816359177
2023-06-06,176.73236083984375,326.67315673828125,38.61981201171875,221.30999755859372,130.1345672607422,27.25628662109375,31.837026596069336,96.0234375,48.322696685791016,28.35077667236328,4283.85009765625,-0.0020601843335522,-0.0067275201244733,-0.013198387930474,0.0170028810158742,0.0017974446027737,0.0241765585190598,-0.0072445615085616,0.0081678844371875,-0.000133394426402,0.006964830616666,0.0023538963079141
2023-06-07,175.36158752441406,316.5894775390625,37.44572067260742,224.57000732421875,131.39535522460938,27.489404678344727,32.26848220825195,98.17638397216795,48.39366912841797,28.80830955505371,4267.52001953125,-0.0077562100620151,-0.0308677924439852,-0.0304012701759155,0.0147305128624473,0.0096883402343133,0.0085528179422125,0.0135520071537047,0.0224210518621348,0.0014687185834938,0.0161382838988124,-0.0038120096998572
2023-06-08,178.07354736328125,318.4300231933594,38.47991943359375,234.8600006103516,131.4327392578125,27.25628662109375,32.43442916870117,97.86881256103516,49.09376525878906,28.947206497192383,4293.93017578125,0.0154649594426694,0.0058136665457233,0.0276186101484987,0.0458208707776228,0.0002845156370956,-0.0084802875863885,0.0051426949485333,-0.0031328451781234,0.0144666883701938,0.0048214193850297,0.0061886426142414
2023-06-09,178.45816040039062,319.9278869628906,38.73971939086914,244.3999938964844,131.6942596435547,27.293590545654297,32.33486557006836,97.14514923095705,49.39057159423828,28.97988510131836,4298.85986328125,0.0021598549745558,0.0047039024602957,0.0067515722771649,0.0406199151040636,0.0019897659230034,0.001368635613469,-0.0030696886359539,-0.007394217944831,0.0060457032351186,0.0011289035482282,0.001148059539441
2023-06-12,181.2490234375,324.8816223144531,39.4511604309082,249.8300018310547,131.68492126464844,27.163036346435547,33.10652542114258,96.26766204833984,49.71642303466797,29.09427261352539,4338.93017578125,0.0156387526961376,0.0154839123234578,0.0183646410254263,0.0222177089614419,-7.090953646371467e-05,-0.0047833281224165,0.0238646376742177,-0.0090327431638509,0.0065974421820156,0.0039471347732096,0.0093211488102371
2023-06-13,180.7756500244141,327.2704162597656,40.98995971679688,258.7099914550781,132.6375274658203,27.414810180664062,33.42182540893555,96.2857666015625,50.10358428955078,28.98805427551269,4369.009765625,-0.0026117294543611,0.0073528133979841,0.0390051716877535,0.035544128242966,0.007233980869058,0.0092689871271167,0.009523801842147,0.0001880647440422,0.0077873915951844,-0.0036508332558663,0.0069324899514737
2023-06-14,181.4068298339844,330.25634765625,42.963417053222656,256.7900085449219,132.1425323486328,27.153715133666992,32.65846633911133,95.12787628173828,50.61009979248047,29.19231605529785,4372.58984375,0.0034915090029274,0.0091237436936992,0.0481448957271624,-0.0074213713175806,-0.0037319386650588,-0.0095238684957673,-0.0228401369609252,-0.012025560585872,0.0101093666273957,0.0070464122166939,0.0008194255259321
2023-06-15,183.43833923339844,340.7904052734375,42.61968612670898,255.8999938964844,133.63682556152344,27.386837005615234,32.9820671081543,95.78824615478516,50.88755798339844,29.77239799499512,4425.83984375,0.0111986378973336,0.0318966090794172,-0.0080005490738287,-0.0034659239799891,0.0113081926487395,0.0085852661707863,0.0099086333596574,0.0069419175415108,0.005482269192427,0.0198710488951421,0.0121781374203466
2023-06-16,182.36343383789065,335.1415710449219,42.65864562988281,260.5400085449219,133.79562377929688,27.21898651123047,33.239280700683594,95.1007308959961,50.17778778076172,29.788738250732425,4409.58984375,-0.0058597641038393,-0.0165756844708794,0.0009141198989126,0.0181321405201535,0.0011882818759438,-0.0061288747711299,0.0077985892056384,-0.0071774490753082,-0.0139478141762722,0.0005488390871319,-0.0036716195284263
2023-06-20,182.4521331787109,330.9513854980469,43.77378082275391,274.45001220703125,133.1138153076172,26.92059898376465,32.641868591308594,92.92064666748048,49.735782623291016,29.25766944885254,4388.7099609375,0.0004863877530354,-0.0125027329012351,0.0261408953895605,0.0533891272200177,-0.0050958951602509,-0.0109624775096863,-0.0179730757339376,-0.0229239481965684,-0.0088087812759287,-0.0178278380712156,-0.0047351076976228
2023-06-21,181.4166717529297,326.55572509765625,43.011375427246094,259.4599914550781,132.91769409179688,26.640853881835938,32.27678680419922,93.96094512939452,49.83257293701172,29.274009704589844,4365.68994140625,-0.0056752497640956,-0.0132818915194314,-0.0174169418582987,-0.0546184007477668,-0.0014733347952433,-0.0103914887665546,-0.0111844634778838,0.011195557706747,0.0019460900907866,0.0005584947825687,-0.0052452815830036
2023-06-22,184.4146270751953,332.5765686035156,42.99139404296875,264.6099853515625,130.35873413085938,26.07204246520996,32.1357307434082,93.4453125,50.24876403808594,29.290355682373047,4381.89013671875,0.0165252470641095,0.0184374152499051,-0.0004645604582244,0.0198488941111987,-0.0192522145258569,-0.021351095544794,-0.0043702014592315,-0.0054877335331656,0.0083517883292978,0.0005583785053073,0.0037107984144384
2023-06-23,184.0990753173828,327.98504638671875,42.17603302001953,256.6000061035156,129.67694091796875,25.87621688842773,31.77894401550293,92.63117218017578,50.15519332885742,29.01256561279297,4348.330078125,-0.0017110994003953,-0.0138059101279341,-0.0189656800180586,-0.0302708880672237,-0.0052301306654773,-0.0075109411563568,-0.0111024930708463,-0.0087124789681046,-0.001862149468146,-0.0094840114812007,-0.0076588087666845
2023-06-26,182.7085876464844,321.6998596191406,40.60026931762695,241.0500030517578,129.99449157714844,26.19326400756836,30.609010696411133,94.3408660888672,50.02292251586914,29.502782821655277,4328.81982421875,-0.0075529313143003,-0.0191630284271174,-0.0373615911587658,-0.0606001663362577,0.0024487827745764,0.0122524525322871,-0.0368147323750298,0.0184570039269924,-0.0026372306477019,0.0168967203867744,-0.0044868382932564
2023-06-27,185.4600067138672,327.5445251464844,41.843292236328125,250.2100067138672,130.00384521484375,26.33313369750977,30.219039916992188,94.5760726928711,49.842247009277344,29.862276077270508,4378.41015625,0.015059057173089,0.0181680698719086,0.0306161249566268,0.0380004295629174,7.195410806892788e-05,0.0053399106694376,-0.012740391490819,0.0024931571412789,-0.0036118542760966,0.012185062602005,0.011455854954693
2023-06-28,186.63352966308597,328.797607421875,41.08488464355469,256.239990234375,129.43411254882812,26.17461204528809,30.11117172241211,95.34498596191406,50.11325454711914,30.082874298095703,4376.85986328125,0.0063276334882771,0.00382568530135,-0.0181249503143777,0.0240996896954786,-0.0043824293433327,-0.0060198552152063,-0.003569544064814,0.0081301035996701,0.0054373057818069,0.0073871871070505,-0.0003540766884383
2023-06-29,186.9688415527344,328.0144348144531,40.79011535644531,257.5,133.95437622070312,26.72477531433105,29.97011375427246,96.52096557617188,49.77450180053711,30.22176742553711,4396.43994140625,0.0017966326321627,-0.002381929155637,-0.0071746407387228,0.0049173033626503,0.0349232793647791,0.0210189655568171,-0.0046845725380608,0.012333942916805,-0.0067597434978707,0.0046170165146153,0.0044735446728059
2023-06-30,191.2882843017578,333.38916015625,42.26895523071289,261.7699890136719,135.8315887451172,26.75274658203125,30.43476867675781,97.01848602294922,50.71010971069336,30.385168075561523,4450.3798828125,0.023102473723169,0.016385636640769,0.0362548588388316,0.0165824816064927,0.0140138200585635,0.0010466418284609,0.0155039425707588,0.0051545324252346,0.0187969316881471,0.0054067205178192,0.0122690044957141
2023-07-03,189.79920959472656,330.8926696777344,42.37986755371094,279.82000732421875,136.92428588867188,27.22831344604492,30.40987968444824,97.20845794677734,51.039188385009766,30.458702087402344,4455.58984375,-0.0077844532531967,-0.0074882173054025,0.0026239665114187,0.0689537344542736,0.0080444994691557,0.0177763753174071,-0.0008177815502365,0.0019581002715625,0.0064894096304235,0.0024200626982862,0.0011706778016009
2023-07-05,188.68478393554688,331.04931640625,42.28395080566406,282.4800109863281,136.01214599609375,27.11641311645508,30.252227783203125,96.71092987060548,51.01015853881836,30.62209701538086,4446.81982421875,-0.0058716032672596,0.0004734064633955,-0.002263262100225,0.009506123909958,-0.0066616370255876,-0.0041097047678541,-0.0051842329822087,-0.005118156245666,-0.0005687756233978,0.0053644744122598,-0.0019683184132291
2023-07-06,189.1581573486328,334.103759765625,42.07011413574219,276.5400085449219,134.66746520996094,26.370437622070312,29.56354522705078,93.10155487060548,50.68752670288086,30.33615493774414,4411.58984375,0.002508805443727,0.0092265508732443,-0.0050571591785417,-0.021028045208104,-0.0098864757723287,-0.0275101095112054,-0.0227646889705993,-0.0373212728367845,-0.006324854601108,-0.0093377693073435,-0.0079225113365009
2023-07-07,188.04376220703125,330.13885498046875,42.46979904174805,274.42999267578125,135.7300262451172,26.603553771972656,29.48056983947754,93.31867980957033,49.51962661743164,29.85628318786621,4398.9501953125,-0.0058913406496535,-0.0118672857436193,0.0095004473892381,-0.0076300564256251,0.0078902579290374,0.0088400561736314,-0.0028066792035928,0.0023321301053091,-0.0230411732711913,-0.0158184763646784,-0.0028651005386203
2023-07-10,186.00241088867188,324.8619689941406,42.14705657958984,269.6099853515625,136.4917449951172,26.72477531433105,29.60502815246582,94.70271301269533,49.96807098388672,29.22422790527344,4409.52978515625,-0.0108557247228009,-0.0159838380327583,-0.007599340459345,-0.0175637045981094,0.0056120135763062,0.0045565920777885,0.0042217064889165,0.0148312557137468,0.0090558915138754,-0.0211699252253086,0.0024050260571313
2023-07-11,185.47972106933597,325.4886474609375,42.371883392333984,269.7900085449219,138.62631225585938,27.06046867370605,29.887147903442383,95.860595703125,49.89387130737305,29.09947967529297,4439.259765625,-0.0028101238948389,0.001929060729199,0.0053343419680942,0.0006677170844566,0.0156388011657302,0.0125611293425911,0.0095294538996431,0.0122264996808956,-0.001484941784877,-0.0042686578541896,0.0067422110558885
2023-07-12,187.14637756347656,330.1192321777344,43.867706298828125,271.989990234375,139.3127899169922,27.37750816345215,29.86224937438965,96.33099365234376,50.01969528198242,28.99136734008789,4472.16015625,0.0089856534424999,0.0142265629014068,0.0353022520298158,0.0081544224017726,0.0049520011746817,0.0117159644782558,-0.0008330848140202,0.0049071043818209,0.0025218322674187,-0.0037152669536174,0.0074112334853124
2023-07-13,187.9056854248047,335.4645690917969,45.94109725952149,277.8999938964844,139.9898223876953,27.66657829284668,29.92033576965332,94.5670166015625,49.726104736328125,28.80840301513672,4510.0400390625,0.0040572939279606,0.0161921402724716,0.0472646312202731,0.0217287542714961,0.0048598012508866,0.0105586720189687,0.0019451446719713,-0.0183116251987124,-0.0058694988843734,-0.0063109932968969,0.0084701534580691
2023-07-14,188.0536193847656,337.99041748046875,45.43348693847656,281.3800048828125,140.8361358642578,27.14439010620117,30.136064529418945,91.3104476928711,49.8970947265625,28.284460067749023,4505.419921875,0.0007872777219404,0.0075294043585887,-0.0110491553603396,0.0125225299127729,0.0060455357548685,-0.0188743320955061,0.0072101049074599,-0.0344366252179896,0.0034386363287661,-0.0181871569594608,-0.0010244071333035
2023-07-17,191.30799865722656,338.4701538085937,46.42470932006836,290.3800048828125,144.23081970214844,27.414810180664062,29.75438499450684,91.70848083496094,49.95839691162109,26.163753509521484,4522.7900390625,0.0173055923257843,0.0014193784891924,0.0218169999351811,0.0319852151674682,0.0241037842813476,0.0099622822028746,-0.0126652083101131,0.0043591193795111,0.0012285722324019,-0.0749777988742887,0.0038553825145495
2023-07-18,191.0515899658203,351.94122314453125,47.45690155029297,293.3399963378906,144.4940948486328,28.627029418945312,30.06968879699707,91.29236602783205,49.86806488037109,26.837387084960938,4554.97998046875,-0.0013402925816272,0.0397998735910862,0.022233682134837,0.0101935099018704,0.0018253737101963,0.0442176776090261,0.0105968852170341,-0.0045373645200571,-0.001808145113419,0.0257468247128342,0.0071172752058423
2023-07-19,192.40267944335935,347.623779296875,47.04022979736328,291.260009765625,145.0489044189453,29.400983810424805,30.23562812805176,91.92559814453124,49.88420104980469,28.251195907592773,4565.72021484375,0.0070718567575425,-0.0122675139021245,-0.008780003314968,-0.0070907022507415,0.0038396695096343,0.0270357912500447,0.005518491799997,0.006936309619866,0.000323577212637,0.0526805690194818,0.002357910335732
2023-07-20,190.45993041992188,339.5862121582031,45.48444747924805,262.8999938964844,146.83555603027344,29.55017852783203,30.50944328308105,93.5448226928711,50.8068962097168,27.97675132751465,4534.8701171875,-0.010097307527411,-0.023121453759375,-0.0330734421327686,-0.0973700986000849,0.0123175808771898,0.0050744804449136,0.0090560432172814,0.0176145119642736,0.0184967412626471,-0.0097144411505909,-0.0067568962189037
2023-07-21,189.28636169433597,336.55126953125,44.274391174316406,260.0199890136719,145.7071533203125,29.82059860229492,31.03218650817871,93.97901916503906,51.09403991699219,28.176349639892575,4536.33984375,-0.0061617618099432,-0.0089371785964597,-0.0266037375848903,-0.0109547544681438,-0.0076848056456318,0.0091512162678879,0.0171338172331563,0.004641587419472,0.0056516679564548,0.0071344349471207,0.000324094521898
2023-07-24,190.08514404296875,337.8631286621094,44.57715225219727,269.0599975585937,148.5751953125,30.44535446166992,31.12344741821289,95.45352172851562,51.394073486328125,28.25951385498047,4554.64013671875,0.0042199677857546,0.0038979473549054,0.0068382889035976,0.0347665907502461,0.0196836045920312,0.0209504801599429,0.0029408469174456,0.0156896994305415,0.0058721833275148,0.0029515610130756,0.0040341538771535
2023-07-25,190.94314575195312,343.60992431640625,45.6433219909668,265.2799987792969,147.4656219482422,29.9791202545166,30.75006866455078,95.59825897216795,51.35213088989258,28.475740432739254,4567.4599609375,0.0045137757256317,0.0170092418105916,0.0239174035330391,-0.0140489066141229,-0.007468092920383,-0.0153138045326519,-0.0119967029566144,0.0015163111955573,-0.0008160979192806,0.0076514613403613,0.0028146733515561
2023-07-26,191.8109436035156,330.6772766113281,45.416500091552734,264.3500061035156,148.34954833984375,30.221559524536133,30.87452507019043,95.06454467773438,51.53602600097656,28.55890846252441,4566.75,0.0045447970815868,-0.0376375849178598,-0.0049694432727519,-0.0035057022016762,0.0059941183573741,0.008086937440501,0.0040473537473144,-0.0055828871798696,0.0035810609588584,0.0029206625893223,-0.0001554388967985
2023-07-27,190.54864501953125,323.7753295898437,45.8641471862793,255.7100067138672,146.7133331298828,29.792625427246094,30.37113571166992,95.36307525634766,51.348907470703125,27.901901245117188,4537.41015625,-0.0065809518490956,-0.0208721539387686,0.009856485942866,-0.0326839386803915,-0.0110294586553957,-0.0141929835534065,-0.0163043595772275,0.0031402935723858,-0.003630829631099,-0.0230053336341394,-0.0064246660644878
2023-07-28,193.12258911132807,331.2646789550781,46.71348190307617,266.44000244140625,147.55023193359375,29.74599838256836,30.26207160949707,94.22325897216795,51.59087371826172,28.30109596252441,4582.22998046875,0.013508068197142,0.0231313157019155,0.0185184892536487,0.0419615793117773,0.0057043132062852,-0.00156505323076,-0.0035910445762797,-0.0119523859849919,0.0047121985544997,0.014307079431624,0.0098778427947523
2023-07-31,193.7340087890625,328.8661499023437,46.6925048828125,267.42999267578125,148.53762817382812,29.839242935180664,30.253686904907227,97.00943756103516,51.57474136352539,28.342681884765625,4588.9599609375,0.0031659666564534,-0.0072405215681315,-0.0004490570903533,0.0037156216232685,0.0066919328237908,0.0031346923177051,-0.0002770697491579,0.0295699662616233,-0.0003126978392423,0.0014694103117518,0.0014687129405193
2023-08-01,192.90562438964844,329.27734375,46.47067260742188,261.07000732421875,147.80413818359375,29.48490524291992,29.876140594482425,96.44859313964844,51.33278274536133,27.802101135253903,4576.72998046875,-0.0042758852954722,0.0012503380107025,-0.0047509182886497,-0.0237818701183342,-0.0049380752826886,-0.011874888817738,-0.0124793487686805,-0.0057813387592712,-0.0046914169953584,-0.0190730274470705,-0.0026650876392156
2023-08-02,189.91751098632807,320.6229248046875,44.23442077636719,254.1100006103516,146.13026428222656,29.083940505981445,29.658002853393555,95.2454833984375,51.368263244628906,27.71062469482422,4513.39013671875,-0.0154900273788011,-0.0262830683907705,-0.0481217874754311,-0.0266595415735505,-0.0113249461208454,-0.0135989833996416,-0.0073014029505925,-0.0124741035825058,0.0006911859706413,-0.0032902707599207,-0.0138395413363479
2023-08-03,188.5269927978516,319.8006286621094,44.480224609375,259.32000732421875,147.0236358642578,29.289087295532227,29.36436653137207,96.9009017944336,51.38117218017578,27.494394302368164,4501.89013671875,-0.0073216955153575,-0.0025646829311379,0.0055568452958953,0.0205029581730475,0.0061135288190943,0.0070536105487009,-0.0099007449514721,0.017380544850311,0.0002513017713952,-0.0078031583494558,-0.0025479738404268
2023-08-04,179.47390747070312,320.8970947265625,44.64509963989258,253.8600006103516,146.7133331298828,29.18651008605957,29.38114547729492,97.1722640991211,51.08435821533203,27.128467559814453,4478.02978515625,-0.0480201014867703,0.0034285925860753,0.0037067040907619,-0.0210550923941656,-0.0021105636012259,-0.0035022330480165,0.0005714050022131,0.0028004105190184,-0.0057767067633826,-0.0133091399842982,-0.0053000741550505
2023-08-07,176.3773651123047,323.1781311035156,45.38152313232422,251.4499969482422,147.4091796875,29.72734642028809,29.93486785888672,96.9732666015625,51.77799987792969,27.053617477416992,4518.43994140625,-0.0172534403581975,0.0071083110892506,0.0164950576518281,-0.0094934359738244,0.0047428992496623,0.018530352982724,0.0188461808617945,-0.0020478837187081,0.0135783571885899,-0.0027590973294907,0.0090240927793627
2023-08-08,177.31419372558594,319.2033996582031,44.62910842895508,249.6999969482422,146.5816650390625,29.158536911010746,29.901308059692383,97.4526824951172,51.82962417602539,27.086883544921875,4499.3798828125,0.005311501352142,-0.0122988874022523,-0.0165797587087422,-0.0069596342065584,-0.0056137253473073,-0.019134217404926,-0.0011210939481188,0.0049437944121701,0.0009970315233769,0.0012296347256572,-0.0042182830447931
2023-08-09,175.72645568847656,315.463623046875,42.520751953125,242.19000244140625,144.6163330078125,28.77622413635254,30.069107055664062,99.10811614990234,51.91350555419922,27.20331573486328,4467.7099609375,-0.0089543764306121,-0.0117159673591591,-0.0472417341517446,-0.0300760696780969,-0.0134077616782853,-0.0131115211927468,0.0056117610519479,0.0169870506629521,0.0016184060661708,0.0042984712415627,-0.0070387303805971
2023-08-10,175.50950622558594,316.14892578125,42.35489273071289,245.33999633789065,144.40005493164062,28.8508243560791,29.96842765808105,99.61470794677734,51.887603759765625,27.461130142211918,4468.830078125,-0.0012345862325661,0.002172366904799,-0.0039006653173714,0.0130062920216802,-0.0014955300806872,0.0025924255862437,-0.0033482669570676,0.0051115066712474,-0.0004989413478646,0.0094773155545235,0.0002507139445697
2023-08-11,175.5687255859375,314.269287109375,40.823089599609375,242.6499938964844,145.23699951171875,29.177188873291016,30.23690414428711,101.16156768798828,52.19194412231445,27.74389266967773,4464.0498046875,0.000337413976172,-0.0059454216623704,-0.0361659074629825,-0.0109643860828199,0.0057960128926151,0.0113121383702559,0.0089586443863252,0.0155284272081328,0.0058653770938794,0.0102968277707975,-0.001069692370023
2023-08-14,177.21788024902344,317.235595703125,43.71882247924805,239.75999450683597,145.53790283203125,28.84149742126465,30.26207160949707,101.24298095703124,51.80342102050781,27.91022109985352,4489.72021484375,0.0093932142958952,0.0094387479636774,0.0709337021778573,-0.0119101564489687,0.0020718089834141,-0.0115052705551651,0.000832342659482,0.0008047845728731,-0.0074441201288865,0.0059951367371593,0.005750475751703
2023-08-15,175.2329864501953,315.1013488769531,43.90567779541016,232.9600067138672,141.83291625976562,27.918346405029297,29.691564559936523,98.64374542236328,51.53792572021485,27.660724639892575,4437.85986328125,-0.0112003021142053,-0.0067276398206245,0.0042740244490988,-0.0283616447646143,-0.025457193625647,-0.0320077353388287,-0.0188522139833119,-0.0256732418395612,-0.0051250534243261,-0.0089392505730545,-0.0115509094288417
2023-08-16,174.36399841308594,314.3361511230469,43.45203399658203,225.6000061035156,141.23109436035156,27.31223487854004,29.767072677612305,96.98385620117188,51.56382751464844,27.669042587280277,4404.330078125,-0.0049590436978391,-0.0024284178935871,-0.0103322354102356,-0.0315934083028744,-0.004243175105501,-0.0217101513712886,0.0025430831549262,-0.016827110670669,0.0005025773558331,0.0003007132855696,-0.0075553952105776
2023-08-17,171.8261260986328,310.8827819824219,43.31014251708984,219.22000122070312,139.76414489746094,27.30291175842285,30.631223678588867,98.86260986328124,50.40796661376953,27.494394302368164,4370.35986328125,-0.0145550247617094,-0.0109862296407426,-0.0032654738211645,-0.0282801627225357,-0.0103868731566131,-0.0003413532491445,0.0290304327313477,0.0193718185242324,-0.022416119139925,-0.0063120465538768,-0.0077129130290369
2023-08-18,172.30999755859375,310.4903869628906,43.265174865722656,215.4900054931641,140.08387756347656,27.14439010620117,30.75707054138184,100.35832214355467,51.13321304321289,27.594194412231445,4369.7099609375,0.002816052895723,-0.0012621960503217,-0.0010382706856583,-0.017014851321818,0.0022876587285687,-0.005806034668547,0.004108450387535,0.0151292008408627,0.014387535902812,0.0036298348225363,-0.0001487068260008
2023-08-21,173.6431121826172,315.7881774902344,46.93031692504883,231.27999877929688,140.56344604492188,27.181686401367188,31.05071449279785,99.14533996582033,50.99723052978516,27.44449806213379,4399.77001953125,0.0077367224357955,0.0170626555596935,0.0847134461076666,0.073274828918382,0.0034234380842863,0.0013739964324157,0.0095472015457691,-0.0120865131244349,-0.0026593774444176,-0.0054249219187678,0.0068791885187959
2023-08-22,175.01573181152344,316.3572082519531,45.63232803344727,233.19000244140625,137.6483612060547,26.519630432128903,30.908090591430664,98.58900451660156,50.83534240722656,27.610828399658203,4387.5498046875,0.0079048319950789,0.0018019381417035,-0.0276577908833332,0.0082584039786857,-0.0207385698123505,-0.024356692203063,-0.0045932566672586,-0.0056113121343933,-0.0031744492961054,0.0060606077454157,-0.0027774667288296
2023-08-23,178.8571319580078,320.81121826171875,47.079200744628906,236.8600006103516,138.57928466796875,26.528955459594727,30.75707054138184,97.72259521484376,51.188255310058594,27.60250663757324,4436.009765625,0.0219488848615119,0.0140790533409258,0.0317071859695852,0.0157382311871088,0.0067630551773913,0.0003516273535444,-0.0048861009256487,-0.0087880926073444,0.0069422745302853,-0.0003013948717695,0.0110448799659725
2023-08-24,174.17636108398438,313.9143371582031,47.12615585327149,230.0399932861328,138.44764709472656,26.687475204467773,30.33758354187012,96.99298095703124,50.79648971557617,27.76052474975586,4376.31005859375,-0.0261704457786027,-0.0214982541473631,0.0009973641841816,-0.0287934109036759,-0.0009499080151668,0.0059753481479691,-0.0136387176063248,-0.0074661776655488,-0.0076534273752721,0.00572477399453,-0.0134579746631461
2023-08-25,176.37850952148438,316.8673400878906,45.98206329345703,238.58999633789065,138.2783966064453,26.575580596923828,30.52216148376465,98.72581481933594,51.09760284423828,27.735570907592773,4405.7099609375,0.0126432107307499,0.0094070342769954,-0.0242772307458436,0.0371674634902419,-0.001222487285504,-0.0041927760751685,0.0060841346061655,0.0178655593962244,0.0059278334063657,-0.0008988966306663,0.006717966037625
2023-08-28,177.93875122070312,317.5736999511719,46.79841613769531,238.82000732421875,138.75796508789062,26.818021774291992,30.379528045654297,99.55572509765624,51.38899230957031,27.901901245117188,4433.31005859375,0.0088459852816065,0.0022291974398034,0.0177537236428111,0.0009640428763089,0.0034681374185312,0.0091227048261073,-0.0046731106571932,0.0084062135100024,0.0057026053887552,0.0059970042830046,0.0062646197550364
2023-08-29,181.8196563720703,322.194580078125,48.74589157104492,257.17999267578125,139.88638305664062,27.20033836364746,30.329191207885746,100.14854431152344,51.819602966308594,28.849985122680664,4497.6298828125,0.0218103427429001,0.0145505755913151,0.041614131290673,0.0768779197240256,0.0081322752754067,0.0142559578992496,-0.001656932842831,0.0059546471414446,0.0083794337539109,0.0339791854768101,0.0145083071945462
2023-08-30,185.3055419921875,322.5673522949219,49.22551727294922,256.8999938964844,139.32215881347656,27.07911872863769,30.119447708129883,101.12442016601562,52.19194412231445,28.80840301513672,4514.8701171875,0.0191722154230882,0.0011569785460279,0.0098393051485223,-0.0010887269121663,-0.0040334465073388,-0.0044565487895464,-0.0069155652163032,0.0097442839653925,0.0071853340182468,-0.0014413216286637,0.003833182103508
2023-08-31,185.52281188964844,321.556884765625,49.31644821166992,258.0799865722656,137.6013641357422,26.956886291503903,29.68317604064941,101.40713500976562,52.648468017578125,29.09116554260254,4507.66015625,0.0011724954101486,-0.0031325784277542,0.0018472317561744,0.0045931985356788,-0.0123511916007428,-0.0045139001146489,-0.0144847167088895,0.0027957128781146,0.0087470183941373,0.0098152794973482,-0.0015969365120942
2023-09-01,187.0929412841797,322.4398193359375,48.47110748291016,245.00999450683597,138.06210327148438,27.24836158752441,30.018768310546875,103.5321273803711,52.31174087524414,28.99136734008789,4515.77001953125,0.0084632686327823,0.0027458114322636,-0.0171411518755667,-0.050643183297632,0.0033483616869356,0.0108126470122913,0.011305807351541,0.0209550577521082,-0.0063957633529158,-0.0034305329694851,0.001799129260001
2023-09-05,187.32994079589844,327.2372131347656,48.51007843017578,256.489990234375,136.5387420654297,26.938077926635746,29.68317604064941,103.54125213623048,51.89083480834961,28.52564239501953,4496.830078125,0.0012667474790444,0.0148784160985708,0.0008040036485519,0.0468552140113562,-0.0110338838099486,-0.0113872410233548,-0.0111794150388094,8.813453456690823e-05,-0.0080461108701835,-0.0160642628409035,-0.004194177587506
2023-09-06,180.62481689453125,326.5799865722656,47.028114318847656,251.9199981689453,136.31307983398438,26.693613052368164,28.835803985595703,104.43502807617188,52.27936172485352,28.425844192504883,4465.47998046875,-0.0357931245420752,-0.0020084102177869,-0.0305496127667825,-0.0178174285135015,-0.0016527340740928,-0.0090750674540837,-0.0285472165745768,0.0086320758296938,0.0074873899781893,-0.0034985435606551,-0.0069715993514528
2023-09-07,175.3416290283203,323.66619873046875,46.20869064331055,251.4900054931641,135.1470184326172,26.44915199279785,28.76029396057129,103.92430114746094,52.92690658569336,28.11813735961914,4451.14013671875,-0.0292495126475109,-0.0089221261608206,-0.0174241235781105,-0.0017068620153484,-0.008554288427694,-0.0091580356353679,-0.0026186204158598,-0.0048903795797174,0.0123862426677636,-0.0108248969072614,-0.003211265936186
2023-09-08,175.95387268066406,327.9436340332031,45.540157318115234,248.5,135.25047302246094,26.665407180786133,28.73512840270996,105.4382553100586,53.0240364074707,27.818737030029297,4457.490234375,0.0034917187420726,0.0132155761692507,-0.0144676967879437,-0.0118891623040875,0.0007654966498231,0.0081762616830651,-0.0008750104535033,0.0145678551203289,0.0018351690669864,-0.0106479432033722,0.0014266227216406
2023-09-11,177.119140625,331.544189453125,45.14643478393555,273.5799865722656,135.8428955078125,26.77823638916016,28.475040435791016,104.1158447265625,53.208587646484375,28.226247787475582,4487.4599609375,0.0066225762842444,0.0109791898554045,-0.0086456120787942,0.1009254992847712,0.0043801878996252,0.0042312951611451,-0.009051219931017,-0.0125420377983999,0.0034805203737313,0.014648787146821,0.0067234531062752
2023-09-12,174.0973663330078,325.490966796875,44.83863830566406,267.4800109863281,137.61074829101562,27.23895835876465,28.65123176574707,107.15283966064452,53.26687240600586,28.309415817260746,4461.89990234375,-0.017060687406958,-0.0182576647361386,-0.0068177361013013,-0.0222968633867017,0.0130139509806124,0.0172050900929006,0.0061875708430809,0.0291693828356098,0.0010954013646955,0.002946478412978,-0.0056958856048289
2023-09-13,172.0334930419922,329.69976806640625,45.453216552734375,271.29998779296875,137.6765594482422,27.15433692932129,28.592498779296875,106.19522857666016,53.27981948852539,28.15971565246582,4467.43994140625,-0.0118547071359362,0.0129306238847415,0.0137064431546904,0.0142813543058957,0.0004782414022441,-0.0031066323582865,-0.0020499288453075,-0.0089368708007845,0.0002430606854639,-0.0052879990799262,0.0012416323054647
2023-09-14,173.5443572998047,332.289794921875,45.54915237426758,276.0400085449219,140.34713745117188,27.45521545410156,28.65123176574707,108.09220886230467,53.50321960449219,28.309415817260746,4505.10009765625,0.0087823843549099,0.007855713307469,0.0021106497803493,0.0174715111140006,0.0193974777814931,0.0110803119797553,0.0020541396855011,0.0178631404731628,0.0041929593251515,0.0053161106682486,0.0084299188671679
2023-09-15,172.82347106933594,323.97027587890625,43.86932373046875,274.3900146484375,139.93338012695312,27.11672782897949,28.5841121673584,106.43234252929688,53.30572509765625,28.10149574279785,4450.31982421875,-0.0041539018708824,-0.0250369381488972,-0.0368794709942358,-0.0059773722844812,-0.0029480994891164,-0.0123287185885661,-0.0023426426806861,-0.0153560219601234,-0.0036912639705771,-0.0073445554583334,-0.0121596129386778
2023-09-18,175.7465057373047,322.8322448730469,43.93528366088867,265.2799987792969,140.22488403320312,27.041507720947266,28.223344802856445,107.2896499633789,52.91070938110352,27.8852653503418,4453.52978515625,0.016913412569963,-0.0035127636409605,0.0015035547578798,-0.0332009744626197,0.0020831620445782,-0.0027739374937353,-0.012621254856183,0.0080549522232495,-0.0074103807016798,-0.007694622180795,0.0007212876971294
2023-09-19,176.83274841308594,322.4300231933594,43.48958969116211,266.5,140.04623413085938,26.938077926635746,28.516992568969727,107.00692749023438,52.89776611328125,27.777158737182617,4443.9501953125,0.0061807355498999,-0.0012459154439349,-0.0101443289445134,0.0045989189773711,-0.0012740242473757,-0.0038248530880324,0.0104044282548523,-0.0026351327760043,-0.0002446247267078,-0.0038768364511136,-0.0021510106153728
2023-09-20,173.2974853515625,314.6991577148437,42.2094841003418,262.5899963378906,139.45382690429688,26.844057083129883,28.20656394958496,106.15875244140624,53.0693588256836,27.9434871673584,4402.2001953125,-0.019992128682324,-0.0239768784617167,-0.0294347589828021,-0.0146716835351196,-0.004230083231006,-0.0034902580563439,-0.0108857418479167,-0.0079263564399187,0.0032438555540301,0.0059879569307113,-0.0093947947580596
2023-09-21,171.7569580078125,313.482666015625,40.98833847045898,255.6999969482422,138.36300659179688,26.373929977416992,27.560550689697266,104.66303253173828,52.4250602722168,27.68567276000977,4330.0,-0.008889496236052,-0.0038655702419164,-0.0289305983219285,-0.0262386209898972,-0.0078220894809046,-0.0175132657577434,-0.0229029406432611,-0.0140894638950613,-0.0121406884824655,-0.0092262789466659,-0.0164009341032194
2023-09-22,172.60623168945312,311.0102844238281,41.5809211730957,244.8800048828125,137.03713989257812,25.98843002319336,27.426313400268555,104.82720184326172,52.56428527832031,27.67735481262207,4320.06005859375,0.0049446246107944,-0.0078868207394715,0.0144573487179484,-0.0423151826146475,-0.0095825230448364,-0.0146167050020122,-0.0048706316118309,0.0015685510686274,0.0026556956802832,-0.0003004423067411,-0.0022955984771939
2023-09-25,173.8800811767578,311.5303039550781,42.1924934387207,246.9900054931641,137.71417236328125,25.95081901550293,27.669618606567383,106.0037078857422,52.797401428222656,27.577560424804688,4337.43994140625,0.0073800897849189,0.0016720332326416,0.0147080018520779,0.0086164675280913,0.0049405035104632,-0.0014472212310194,0.0088712326278763,0.0112232895831714,0.0044348771921471,-0.0036056331427984,0.0040230650909416
2023-09-26,169.8115692138672,306.2324523925781,41.8817138671875,244.1199951171875,136.2848358154297,25.5465145111084,27.183008193969727,106.16788482666016,52.61285781860352,27.436176300048828,4273.52978515625,-0.023398378556971,-0.0170058947564341,-0.0073657550479819,-0.0116199453910941,-0.010379008371637,-0.0155796433304474,-0.0175864517511693,0.0015487848886843,-0.0034953161448678,-0.0051267814330919,-0.0147345339908682
2023-09-27,168.3007049560547,306.8702087402344,42.43832015991211,240.5,137.0841827392578,25.64054107666016,26.93131446838379,109.6244125366211,52.36030960083008,26.945505142211918,4274.509765625,-0.0088972987223836,0.0020825890354647,0.0132899597779041,-0.014828753029631,0.0058652668071645,0.003680602514714,-0.0092592300230323,0.0325571872850665,-0.0048001235485851,-0.017884094068751,0.0002293140607452
2023-09-28,168.55746459960938,307.70416259765625,43.05888748168945,246.3800048828125,138.7861785888672,25.913209915161133,26.92292594909668,108.95863342285156,52.62579727172852,27.070247650146484,4299.7001953125,0.0015256005233117,0.0027176110083981,0.0146228059791004,0.024449084751819,0.0124156982636478,0.0106342856683776,-0.0003114782717701,-0.0060732741764716,0.0050703991806464,0.0046294366083028,0.0058931739705165
2023-09-29,169.0709686279297,309.7742004394531,43.46860122680664,250.22000122070312,136.3694610595703,25.74396514892578,27.829025268554688,107.2349090576172,51.780757904052734,26.953821182250977,4288.0498046875,0.0030464626976922,0.0067273637909917,0.0095151957953261,0.0155856654833539,-0.0174132435511178,-0.0065312158080551,0.033655306305532,-0.0158199888442511,-0.0160575119330259,-0.0043009014693988,-0.002709582086142
2023-10-02,171.5792236328125,315.7096862792969,44.75070571899414,251.6000061035156,135.19403076171875,25.10459899902344,28.475040435791016,105.45648193359376,51.8358039855957,26.41324806213379,4288.39013671875,0.0148355156727271,0.0191606848840979,0.0294949562673492,0.0055151661581012,-0.0086194540091208,-0.0248355739375687,0.0232137188062526,-0.0165844046463254,0.001063060560932,-0.0200555281739849,7.936755559079245e-05
2023-10-03,170.24610900878906,307.4588317871094,43.48659133911133,246.52999877929688,134.19723510742188,24.361804962158203,28.441486358642575,105.6388931274414,51.5087890625,26.596210479736328,4229.4501953125,-0.007769673948848,-0.0261343089894564,-0.0282479205539382,-0.020151062008054,-0.007373074452183,-0.0295879666070002,-0.0011783680245899,0.0017297295576625,-0.0063086688727076,0.0069269185361884,-0.0137440716742595
2023-10-04,171.4903564453125,312.9234313964844,44.01022720336914,261.1600036621094,134.7991180419922,24.390010833740234,27.94648551940918,101.68986511230467,52.127197265625,26.230287551879883,4263.75,0.0073085220200785,0.0177734351542673,0.0120413177518206,0.0593437105230745,0.0044850621109184,0.0011577907148441,-0.0174041832058815,-0.0373823304866767,0.0120058773343445,-0.0137584611211902,0.0081097549571607
2023-10-05,172.72471618652344,313.3158264160156,44.65677261352539,260.04998779296875,135.36746215820312,24.502838134765625,28.080720901489254,99.40070343017578,51.50555038452149,26.46314811706543,4258.18994140625,0.0071978376323718,0.0012539649644647,0.0146907991901199,-0.004250328739376,0.0042162302281079,0.0046259635469005,0.0048033010085237,-0.0225112077747451,-0.0119255765456902,0.0088775452699472,-0.0013040301597772
2023-10-06,175.27252197265625,321.0663757324219,45.73001480102539,260.5299987792969,137.45152282714844,24.512243270874023,27.795469284057617,97.74083709716795,50.641075134277344,26.204078674316406,4308.5,0.0147506728763791,0.0247371778344678,0.024033133714973,0.0018458412184594,0.0153955805606349,0.0003838386417389,-0.0101582725896651,-0.0166987382958894,-0.0167841182899763,-0.0097898194728371,0.0118148930146444
2023-10-09,176.75376892089844,323.5779113769531,45.24136352539063,259.6700134277344,137.1388702392578,24.73789978027344,27.85419273376465,101.160888671875,50.4565315246582,26.713722229003903,4335.66015625,0.00845110763268,0.0078224810642406,-0.0106855700301194,-0.0033009072106549,-0.0022746389524094,0.0092058693651897,0.0021126986238981,0.0349910198876959,-0.0036441487296589,0.0194490163543517,0.0063038542996403
2023-10-10,176.16127014160156,322.1749267578125,45.76599884033203,263.6199951171875,137.9724884033203,25.396072387695312,27.829025268554688,100.73223876953124,51.02637100219727,26.977035522460938,4358.240234375,-0.0033521139770549,-0.0043358479358815,0.0115963639037306,0.0152115434405073,0.0060786424928842,0.0266058401589415,-0.0009035431559807,-0.0042373085880466,0.011293671212033,0.0098568552596218,0.0052079907813922
2023-10-11,177.5536346435547,326.1286926269531,46.77329635620117,262.989990234375,138.44615173339844,25.40547561645508,27.77869033813477,97.1206512451172,51.23033905029297,26.72221565246582,4376.9501953125,0.0079039195212087,0.012272109157994,0.0220097352050239,-0.0023898220714724,0.003433027377846,0.0003702631106188,-0.0018087205690525,-0.0358533431653108,0.0039973065708889,-0.0094458069635915,0.0042930081710337
2023-10-12,178.45228576660156,324.8925170898437,46.91219711303711,258.8699951171875,138.12408447265625,25.29264640808105,27.61927795410156,97.1024169921875,51.46345901489258,26.255041122436523,4349.60986328125,0.0050612938724174,-0.0037904531709617,0.0029696593496029,-0.0156659769199419,-0.002326299840839,-0.0044411374176734,-0.005738657297834,-0.0001877484623088,0.0045504279089536,-0.017482627043547,-0.0062464343461184
2023-10-13,176.6155242919922,321.5274658203125,45.429229736328125,251.1199951171875,140.19863891601562,25.161012649536133,26.9397029876709,100.20328521728516,51.74838638305664,26.05118751525879,4327.77978515625,-0.0102927315652974,-0.0103574292805291,-0.0316115523887253,-0.0299378071857716,0.0150194982379778,-0.0052044280547433,-0.0246050953091531,0.031933996301525,0.0055364985878934,-0.0077643606127711,-0.0050188588887675
2023-10-16,176.4871368408203,326.34454345703125,46.06278991699219,253.9199981689453,140.05654907226562,25.377269744873047,27.91292381286621,100.27625274658205,52.19518280029297,26.543840408325195,4373.6298828125,-0.0007269318576978,0.0149818542699888,0.0139460911915358,0.01115006015531,-0.0010134894664356,0.0085949281274615,0.0361258929113179,0.0007281949802211,0.0086340164102705,0.0189109572367036,0.0105943693839298
2023-10-17,174.93673706054688,325.7754821777344,43.90729522705078,254.8500061035156,139.75341796875,25.969623565673828,27.47665405273437,101.58953857421876,52.2631721496582,26.764686584472656,4373.2001953125,-0.008784774958822,-0.0017437438152594,-0.0467947055275143,0.003662602163188,-0.0021643479403395,0.023341905049516,-0.0156296690041028,0.0130966783427344,0.0013025981655312,0.0083200536452214,-9.824505308242416e-05
2023-10-18,173.6431121826172,323.86236572265625,42.16651153564453,242.67999267578125,138.21881103515625,25.67814826965332,26.352415084838867,103.01228332519533,52.302032470703125,26.373958587646484,4314.60009765625,-0.0073948154039362,-0.0058724998035131,-0.0396467986106731,-0.0477536320826733,-0.0109808186153765,-0.0112237012324574,-0.0409161525176179,0.0140048352511921,0.0007435507537438,-0.0145986389787523,-0.0133998205065164
2023-10-19,173.26785278320312,325.0494689941406,42.07158279418945,220.1100006103516,137.63148498535156,25.34906005859375,26.167842864990234,103.07613372802734,52.0527229309082,26.824142456054688,4278.0,-0.0021610957941101,0.0036654560613595,-0.0022512827833726,-0.0930031018073377,-0.0042492483143651,-0.0128158856161949,-0.0070039963796267,0.0006198329050763,-0.0047667275633039,0.0170692566651358,-0.008482848196321
2023-10-20,170.72007751464844,320.4875183105469,41.35807418823242,211.9900054931641,135.41481018066406,24.73789978027344,25.71479034423828,101.30682373046876,51.401947021484375,26.815649032592773,4224.16015625,-0.01470425833546,-0.0140346350901929,-0.0169593953583219,-0.0368906233004917,-0.0161058699971406,-0.0241097806746137,-0.0173133308346974,-0.0171650791853235,-0.0125022452771131,-0.0003166335503858,-0.0125852837190275
2023-10-23,170.83860778808594,323.0873413085937,42.944969177246094,212.0800018310547,133.567626953125,24.04211807250977,25.874197006225582,99.82022857666016,52.13043212890625,26.662755966186523,4217.0400390625,0.0006942960380704,0.0081120881454348,0.0383696538139386,0.0004245310418349,-0.0136409246896601,-0.0281261430413952,0.0061990263133924,-0.0146741857958527,0.0141723251673209,-0.0057016358701748,-0.0016855698941634
2023-10-24,171.27310180664062,324.27447509765625,43.63248825073242,216.5200042724609,133.72866821289062,23.948091506958008,25.530216217041016,98.85350036621094,52.85567855834961,29.134521484375,4247.68017578125,0.0025433010967499,0.003674343241844,0.0160093041550162,0.0209355073702006,0.001205690805768,-0.0039109102312941,-0.0132943561147733,-0.0096846924138906,0.0139121507308821,0.0927048022088619,0.0072657922227272
2023-10-25,168.9623260498047,334.2225341796875,41.74980545043945,212.4199981689453,132.99923706054688,24.023313522338867,25.781909942626957,99.03588104248048,52.697025299072266,28.616378784179688,4186.77001953125,-0.0134917610089452,0.0306778974171042,-0.043148646244381,-0.0189359228829327,-0.0054545608065319,0.0031410442606252,0.009858660163557,0.0018449592133196,-0.0030016313025326,-0.0177844932333347,-0.0143396286277125
2023-10-26,164.804931640625,321.68438720703125,40.29782104492188,205.75999450683597,133.34027099609375,24.55925750732422,26.142671585083008,98.13300323486328,52.376495361328125,29.278921127319336,4137.22998046875,-0.0246054520340481,-0.0375143674959851,-0.0347782316552636,-0.0313529974555992,0.0025641796380502,0.0223093281652002,0.0139928206738313,-0.0091166736551767,-0.0060825053392489,0.0231525570770656,-0.0118325197781096
2023-10-27,166.1183319091797,323.56805419921875,40.47169494628906,207.3000030517578,128.53753662109375,23.666019439697266,25.26174545288086,96.26335906982422,52.18222427368164,28.404027938842773,4117.3701171875,0.0079694233387306,0.0058556369755526,0.0043147221576411,0.0074844896288654,-0.0360186336739986,-0.0363707277127806,-0.0336968671826487,-0.0190521445732626,-0.0037091272775368,-0.0298813328767166,-0.0048002802297685
2023-10-30,168.1624298095703,330.9261474609375,41.13223648071289,197.3600006103516,130.1763458251953,24.154949188232425,25.63089370727539,96.5643310546875,52.78120803833008,29.406326293945312,4166.81982421875,0.0123050711917103,0.0227404812255922,0.0163210741556647,-0.0479498422338394,0.01274965467039,0.0206595684492267,0.0146129354000135,0.0031265477100688,0.011478693616181,0.0352871908611203,0.0120100223258599
2023-10-31,168.63644409179688,331.7109680175781,40.75149917602539,200.83999633789065,131.72987365722656,24.7661075592041,25.6392879486084,96.53695678710938,52.90747833251953,29.83953094482422,4193.7998046875,0.0028187882558745,0.002371588230976,-0.0092564211738408,0.0176327306281764,0.011934025511189,0.0253015796559579,0.0003275048240172,-0.000283482185183,0.002392334296285,0.0147316821063807,0.0064749573072333
2023-11-01,171.79649353027344,339.52032470703125,42.2954330444336,205.66000366210935,131.6162109375,24.82252311706543,25.59733772277832,96.34544372558594,53.38018798828125,30.068866729736328,4237.85986328125,0.0187388287003751,0.0235426544263055,0.0378865538599995,0.0239992402514763,-0.0008628469501331,0.0022779339759575,-0.0016361696905999,-0.0019838315594076,0.0089346472495017,0.0076856363907384,0.0105059994863139
2023-11-02,175.35150146484375,341.72772216796875,43.47559356689453,218.50999450683597,133.96548461914062,25.969623565673828,25.588943481445312,99.5101547241211,53.59064102172852,30.49356842041016,4317.77978515625,0.0206931344261915,0.0065015178777361,0.0279027884930533,0.0624817203924521,0.0178494249675384,0.0462120809878416,-0.00032793415565,0.0328475418884257,0.0039425307661613,0.0141242998777146,0.0188585570201276
2023-11-03,174.4429931640625,346.1229248046875,44.97355270385742,219.9600067138672,135.46218872070312,26.72182273864746,26.2265682220459,98.29715728759766,53.31219100952149,30.59550094604492,4358.33984375,-0.0051810694131033,0.0128617093422651,0.0344551739048262,0.0066359079377755,0.0111723113294261,0.0289645774445446,0.0249179783863655,-0.0121896849611611,-0.0051958701537855,0.0033427549124271,0.0093937302530313
2023-11-06,176.9907684326172,349.7823486328125,45.71903610229492,219.2700042724609,136.48529052734375,26.6372013092041,26.15945243835449,96.55521392822266,53.383419036865234,30.27272224426269,4365.97998046875,0.0146052026644516,0.0105726132708197,0.0165760397748955,-0.0031369449915678,0.0075526744127105,-0.0031667536406853,-0.0025590760912055,-0.0177211977176351,0.0013360551497689,-0.0105498747136529,0.0017529924220356
2023-11-07,179.54843139648438,353.7066955566406,45.922889709472656,222.17999267578125,136.41893005371094,26.47735977172852,26.21817970275879,95.04126739501952,53.63272476196289,30.527544021606445,4378.3798828125,0.0144508269358745,0.0112193966881608,0.0044588343184142,0.0132712561983829,-0.0004862097107783,-0.0060006881211034,0.0022449729994422,-0.0156795937951996,0.0046700966254238,0.0084175375867312,0.0028401189192852
2023-11-08,180.60504150390625,356.3261108398437,46.54145812988281,222.1100006103516,137.09153747558594,26.22348976135254,25.85741806030273,93.87387084960938,53.19564056396485,30.38314247131348,4382.77978515625,0.0058848194841014,0.0074056140754723,0.0134697190077426,-0.0003150241594066,0.0049304551913007,-0.009588192046514,-0.0137599805381644,-0.0122830490102588,-0.008149580315711,-0.0047302052923341,0.0010049156221052
2023-11-09,180.1310272216797,353.8636474609375,46.91719436645508,209.97999572753903,136.6842041015625,25.88500213623047,25.236705780029297,93.90123748779295,53.072601318359375,30.255725860595703,4347.35009765625,-0.0026245905334614,-0.0069107014725984,0.0080731513723464,-0.0546126011862575,-0.0029712510452803,-0.0129078024398158,-0.0240051918109478,0.0002915256176814,-0.002312957308175,-0.0041936613646227,-0.0080838393067328
2023-11-10,184.3136749267578,362.6736755371094,48.30122756958008,214.6499938964844,138.7113800048828,26.02603912353516,25.06664276123047,94.6217269897461,53.80756378173828,30.332176208496094,4415.240234375,0.0232200291620539,0.0248966745789969,0.0294994878064267,0.0222402050860357,0.0148310912489495,0.0054485986349326,-0.0067387170211971,0.007672843523993,0.0138482464609221,0.0025268059425391,0.0156164410948524
2023-11-13,182.7315826416016,359.740234375,48.58602523803711,223.7100067138672,138.09567260742188,26.04484748840332,24.64150047302246,95.6158218383789,54.289981842041016,30.42561149597168,4411.5498046875,-0.0085836945402174,-0.00808837630072,0.0058962822020778,0.0422083068949539,-0.004438766288961,0.0007226748864428,-0.0169604798000934,0.0105059892717931,0.0089656179614372,0.0030804017104917,-0.0008358389332403
2023-11-14,185.3420562744141,363.2623291015625,49.62130355834961,237.41000366210935,140.61546325683594,27.474016189575195,24.87958335876465,95.98397064208984,54.28026580810547,30.47657012939453,4495.7001953125,0.014285837155652,0.0097906611215774,0.0213081501365952,0.0612399827324887,0.0182467024624104,0.0548733756958348,0.0096618664112131,0.0038502916842908,-0.0001789655035032,0.00167485979467,0.0190750177036618
2023-11-15,185.90565490722656,363.4097900390625,48.85383987426758,242.83999633789065,141.846923828125,27.85011863708496,25.67035484313965,95.40415954589844,54.96990966796875,30.57849502563477,4502.8798828125,0.0030408566956763,0.0004059351209488,-0.0154664152097409,0.0228717939093647,0.0087576468673276,0.0136893872710344,0.0317839520450178,-0.0060407075505705,0.0127052410226093,0.0033443689958383,0.0015970120755575
2023-11-16,187.58665466308597,369.79974365234375,49.4454231262207,233.58999633789065,143.46676635742188,27.774900436401367,25.313230514526367,94.29972076416016,50.52128601074219,30.73139953613281,4508.240234375,0.0090422195962693,0.0175833282108179,0.0121092477781818,-0.0380909246396521,0.0114196521544565,-0.0027008215535366,-0.0139119358028165,-0.0115764216884793,-0.080928342143862,0.0050003935893463,0.0011904273935798
2023-11-17,187.5668792724609,363.5867309570313,49.26355743408203,234.3000030517578,144.76455688476562,28.188608169555664,25.44077491760254,96.60061645507812,50.297882080078125,30.77386474609375,4514.02001953125,-0.000105420029269,-0.0168010194759719,-0.0036781097347355,0.0030395424675639,0.0090459314048421,0.0148950212837521,0.0050386458181612,0.0243998144668149,-0.0044219763253168,0.0013818182901501,0.001282049060336
2023-11-20,189.30715942382807,371.0482482910156,50.37377166748047,235.6000061035156,145.20980834960938,28.21681785583496,25.49178695678711,96.17725372314452,50.28169631958008,31.198570251464844,4547.3798828125,0.0092781847099947,0.0205219737099429,0.0225362172612884,0.005548455120893,0.0030756939020522,0.0010007477527664,0.0020051291420872,-0.0043826090088201,-0.0003217980524961,0.0138008504578548,0.0073902780973298
2023-11-21,188.50621032714844,366.7522277832031,49.90909576416016,241.1999969482422,144.9066619873047,27.88772964477539,25.763885498046875,96.14044952392578,50.463008880615234,31.64025115966797,4538.18994140625,-0.0042309498442498,-0.0115780643827297,-0.0092245604793631,0.023769060694617,-0.0020876438427274,-0.0116628392592298,0.0106739689030439,-0.0003826705150542,0.003605935644708,0.0141570881179207,-0.0020209310950652
2023-11-22,189.1687164306641,371.4512023925781,48.68195724487305,234.2100067138672,145.24769592285156,27.859521865844727,25.780893325805664,95.72628021240234,50.07771682739258,31.72520065307617,4556.6201171875,0.0035145054497986,0.0128123955450181,-0.0245874724937078,-0.0289800593814889,0.0023534731313923,-0.0010114763478406,0.0006601421885716,-0.0043079610463061,-0.0076351383274464,0.0026848552174731,0.0040611292209464
2023-11-24,187.84371948242188,371.038330078125,47.74261474609375,235.4499969482422,145.4466094970703,27.95354461669922,25.933942794799805,96.2416763305664,50.52775955200195,31.776161193847656,4559.33984375,-0.0070043132566682,-0.0011115115842774,-0.0192954957429988,0.0052943520721977,0.0013694783449398,0.0033748874552568,0.0059365463818488,0.0053840608558117,0.008986885847064,0.0016063110625763,0.000596873667884
2023-11-27,187.66574096679688,372.1983947753906,48.208290100097656,236.0800018310547,145.11508178710938,27.793704986572266,25.627840042114254,95.68024444580078,50.75763702392578,31.72520065307617,4550.43017578125,-0.0009474818541466,0.0031265360024161,0.0097538720172842,0.0026757481035388,-0.0022793773681442,-0.0057180451466418,-0.0118031706596857,-0.0058335630276975,0.0045495282981475,-0.0016037349653599,-0.00195415746009
2023-11-28,188.26889038085935,376.2191162109375,47.78758239746094,246.72000122070312,145.4466094970703,27.7655029296875,25.245210647583008,95.6250457763672,51.363094329833984,31.827125549316406,4554.89013671875,0.0032139558928296,0.010802629704981,-0.0087268746052427,0.0450694650420355,0.0022845847990307,-0.0010146922441031,-0.0149302240806276,-0.0005769076966023,0.0119283981959761,0.0032127423670165,0.0009801185306033
2023-11-29,187.2504425048828,372.4343566894531,48.10636138916016,244.13999938964844,146.18548583984375,28.498889923095703,25.576824188232425,94.18927764892578,50.53424072265625,32.073455810546875,4550.580078125,-0.0054095388458298,-0.0100599872744433,0.0066707495065949,-0.0104572058134303,0.0050800520227205,0.0264136037897606,0.0131357010752914,-0.0150145614654049,-0.0161371431762883,0.0077396326868657,-0.0009462486392383
2023-11-30,187.82394409179688,372.4933471679688,46.73731994628906,240.0800018310547,147.8527374267578,28.89694595336914,25.908435821533203,94.55742645263672,50.40796661376953,32.5576171875,4567.7998046875,0.0030627515707959,0.0001583916130618,-0.0284586363079122,-0.0166297926138435,0.0114050418708506,0.0139674222872396,0.0129653169940209,0.0039086062968138,-0.0024987831434876,0.0150953916476288,0.0037840728581564
2023-12-01,189.09950256347656,368.1678161621094,46.73232269287109,238.8300018310547,148.57264709472656,29.34238815307617,24.58197784423828,94.78752136230467,49.97087097167969,32.76996612548828,4594.6298828125,0.0067912452687941,-0.0116123711705081,-0.0001069221218443,-0.0052065977610231,0.0048690993518152,0.0154148538889138,-0.0511979181773862,0.0024333880298994,-0.0086711619502312,0.0065222505923991,0.0058737421236076
2023-12-04,187.3097381591797,362.88873291015625,45.47819900512695,235.5800018310547,149.66204833984375,29.209705352783203,24.896589279174805,94.27210998535156,49.95793533325195,32.31128692626953,4569.77978515625,-0.0094646700812768,-0.0143387961147279,-0.026836322602374,-0.0136080055900975,0.0073324482427954,-0.0045218814365338,0.0127984589738887,-0.0054375446213332,-0.0002588635774442,-0.0139969384607325,-0.0054085091269721
2023-12-05,191.25511169433597,366.2115173339844,46.53755569458008,238.72000122070312,149.6431121826172,28.98224449157715,24.73502922058105,92.44061279296876,50.4209098815918,32.63405990600586,4567.18017578125,0.0210633658128518,0.0091564827521133,0.023293725622989,0.0133288028068709,-0.0001265261129098,-0.0077871672602949,-0.0064892446423934,-0.0194277734174761,0.0092672874739818,0.0099894807802876,-0.0005688697261614
2023-12-06,190.16741943359372,362.5545043945313,45.47520065307617,239.3699951171875,148.0706024169922,28.934858322143555,24.479944229125977,91.21653747558594,49.87374496459961,32.70201110839844,4549.33984375,-0.0056871277902396,-0.0099860675220595,-0.0228279080335891,0.0027228296462826,-0.010508400571795,-0.0016350068900758,-0.0103127022483089,-0.013241748192694,-0.010851944526133,0.0020822172475105,-0.0039062028088695
2023-12-07,192.09559631347656,364.6681213378906,46.56753540039063,242.63999938964844,148.52529907226562,29.058061599731445,24.343896865844727,90.58148956298828,49.54551696777344,32.82942199707031,4585.58984375,0.0101393650164989,0.0058297908803783,0.0240204492036819,0.0136608778842981,0.00307080978838,0.0042579533729254,-0.0055575029913418,-0.0069619822257299,-0.0065811780739374,0.0038961178335346,0.0079681890658929
2023-12-08,193.51947021484372,367.892578125,47.47698211669922,243.83999633789065,150.1641082763672,29.34238815307617,24.471445083618164,91.62150573730467,49.02556228637695,32.48965835571289,4604.3701171875,0.0074123193279431,0.0088421679835339,0.0195296295689497,0.0049455858525417,0.0110338724401706,0.0097847735771663,0.0052394330487157,0.0114815530119229,-0.0104944849346245,-0.0103493640974776,0.0040954978699407
2023-12-11,191.01780700683597,365.0121765136719,46.5985221862793,239.7400054931641,150.71356201171875,29.238136291503903,24.35239791870117,91.6859130859375,49.149051666259766,31.997005462646484,4622.43994140625,-0.0129271912807038,-0.0078294637690392,-0.0185028595174953,-0.0168142671682343,0.0036590217306811,-0.003552943987667,-0.0048647378407861,0.000702971950903,0.0025188773799567,-0.0151633756093276,0.0039244942866989
2023-12-12,192.5306854248047,368.0400085449219,47.62788772583008,237.00999450683597,152.05870056152344,29.133882522583008,24.301380157470703,90.24095153808594,49.18804550170898,31.682727813720703,4643.7001953125,0.0079200910201768,0.0082951534936988,0.022090089798038,-0.0113873818460639,0.0089251327607802,-0.0035656776437966,-0.0020949789585725,-0.0157599079206114,0.0007933792032039,-0.0098220956736926,0.0045993575202152
2023-12-13,195.7443084716797,368.0301818847656,48.058624267578125,239.2899932861328,152.57020568847656,30.3659610748291,22.668819427490234,91.04165649414062,50.06222534179688,31.419408798217773,4707.08984375,0.0166914849951547,-2.6699978067923347e-05,0.0090437884675378,0.009619842336358,0.003363866224453,0.0422902286123743,-0.0671797535531573,0.0088729666787339,0.0177722011755383,-0.0083111219794936,0.0136506763510459
2023-12-14,195.89260864257807,359.7331237792969,48.32046127319336,251.0500030517578,155.34579467773438,32.16668701171875,22.218162536621094,93.48981475830078,49.45127487182617,32.1668815612793,4719.5498046875,0.0007576218795646,-0.0225445045375833,0.0054482834164664,0.0491454306305356,0.0181922084769625,0.0593008050182315,-0.0198800335549294,0.0268905285606013,-0.0122038216599338,0.0237901600205769,0.0026470624846992
2023-12-15,195.3586883544922,364.4518432617188,48.860130310058594,253.5,156.52040100097656,31.844453811645508,22.643308639526367,92.86397552490234,49.636505126953125,31.74217987060547,4719.18994140625,-0.0027255764869621,0.0131172782557464,0.0111685406688082,0.0097589998743679,0.0075612366957142,-0.0100176061014878,0.0191350703373658,-0.0066941969562825,0.0037457124332396,-0.0132030731628353,-7.62494933082003e-05
2023-12-18,193.6974639892578,366.3393249511719,50.04640579223633,252.0800018310547,157.46771240234375,31.68334197998047,23.008935928344727,93.55423736572266,50.36120223999024,31.997005462646484,4740.56005859375,-0.0085034578150932,0.0051789604699505,0.0242790077441426,-0.0056015706861748,0.0060523190287589,-0.0050593372591029,0.0161472554492374,0.0074330421126027,0.0146000833697617,0.0080279802168532,0.0045283443669004
2023-12-19,194.7357177734375,366.9389953613281,49.57368850708008,257.2200012207031,159.57066345214844,31.759157180786133,23.944259643554688,94.78752136230467,50.54319381713867,31.91206741333008,4768.3701171875,0.0053601826415097,0.001636926120984,-0.009445579111489,0.0203903496997484,0.0133548079013903,0.0023929041593393,0.0406504550285498,0.013182556250882,0.0036137258257094,-0.0026545624532132,0.0058664078189105
2023-12-20,192.6493377685547,364.3436584472656,48.08161163330078,247.13999938964844,157.7708282470703,31.256851196289062,23.493602752685547,93.2044906616211,49.95172882080078,31.682727813720703,4698.35009765625,-0.0107139051260753,-0.0070729384090313,-0.0300981613172923,-0.0391882504595967,-0.0112792362088401,-0.0158160993264946,-0.0188210826969732,-0.0167008344340262,-0.0117021690096942,-0.0071866105269501,-0.0146842669110067
2023-12-21,192.50100708007807,367.2142639160156,48.96007537841797,254.5,158.67076110839844,31.465351104736328,24.071802139282227,93.62786102294922,50.30596160888672,31.793148040771484,4746.75,-0.0007699517174298,0.0078788402163598,0.0182702641462371,0.0297806936494628,0.0057040510677857,0.0066705346337643,0.0246109288849103,0.0045423815775698,0.0070915020650581,0.0034851868721657,0.0103014678212025
2023-12-22,191.4330902099609,368.2366333007813,48.8001708984375,252.5399932861328,158.57603454589844,31.68334197998047,24.14832878112793,93.79351806640624,50.90715789794922,31.84412384033203,4754.6298828125,-0.0055475910818114,0.0027841222011995,-0.0032660178470835,-0.0077014016261971,-0.0005970007444238,0.0069279657652168,0.0031790989890541,0.0017693135531144,0.0119507960852953,0.001603358041021,0.0016600585268868
2023-12-26,190.8892822265625,368.3152770996094,49.2488899230957,256.6099853515625,159.51385498046875,32.09086608886719,24.15683364868164,94.00521087646484,50.82916259765625,31.835620880126957,4774.75,-0.0028407209161277,0.0002135686450397,0.0091950297795488,0.0161162278198776,0.00591401113829,0.0128624091847451,0.0003521928010337,0.0022570089535263,-0.001532108715425,-0.0002670181867056,0.0042316894655107
2023-12-27,190.98812866210935,367.7352600097656,49.38680648803711,261.44000244140625,160.47059631347656,32.07191467285156,24.326892852783203,93.5634307861328,51.3068733215332,31.69122314453125,4781.580078125,0.0005178207723026,-0.0015747842294547,0.0028003994639629,0.0188224050721428,0.0059978572590133,-0.0005905548314945,0.0070397969607596,-0.0046995276773816,0.009398359120301,-0.004535728583382,0.0014304577464787
2023-12-28,191.41331481933597,368.9248046875,49.49174118041992,253.17999267578125,161.3231658935547,32.10982894897461,24.479944229125977,92.21051025390624,51.20612716674805,31.84412384033203,4783.35009765625,0.0022262439042943,0.0032347854750256,0.0021247515246451,-0.0315942843042017,0.0053129333327375,0.00118216441113,0.0062914477927362,-0.0144599286372799,-0.0019635995776587,0.0048247016249092,0.0003701746080437
2023-12-29,190.3750762939453,369.6719055175781,49.49174118041992,248.47999572753903,161.13369750976562,31.910789489746094,24.479944229125977,92.01725006103516,51.23212814331055,32.022491455078125,4769.830078125,-0.0054240663789276,0.0020250761688711,0.0,-0.0185638560874,-0.0011744648249345,-0.0061987081757678,0.0,-0.0020958586210935,0.0005077708079315,0.0056012724872078,-0.0028264750133749
2024-01-02,183.5621795654297,364.5894470214844,48.13857269287109,248.4199981689453,163.0093536376953,32.128780364990234,25.279216766357425,94.20767974853516,51.76509475708008,33.02478790283203,4742.830078125,-0.0357867051777107,-0.0137485657423108,-0.0273412988768352,-0.0002414583049957,0.0116403716722011,0.0068312592301793,0.0326500963298961,0.0238045549725414,0.0104029762784532,0.0312997647031916,-0.0056605790054923
2024-01-03,182.1877593994141,364.3240356445313,47.53993606567383,238.4499969482422,162.29885864257812,31.77810859680176,25.279216766357425,94.99919891357422,51.76833724975586,33.26261901855469,4704.81005859375,-0.007487490992259,-0.0007279732837067,-0.0124356954041121,-0.0401336498437727,-0.0043586148847405,-0.0109145683155339,0.0,0.0084018539375116,6.263859249155956e-05,0.0072015940396776,-0.0080163149227308
2024-01-04,179.87393188476562,361.7090759277344,47.96868133544922,237.92999267578125,163.37591552734375,32.03400039672852,24.73502922058105,94.17088317871094,51.26788330078125,33.44099044799805,4688.68017578125,-0.0127002358570962,-0.007177565740813,0.0090186337058404,-0.0021807686270334,0.0066362566796454,0.008052455329343,-0.0215270730420967,-0.0087191865230026,-0.0096671822114002,0.005362519089187,-0.003428381297357
2024-01-05,179.15211486816406,361.5223388671875,49.0670051574707,237.4900054931641,164.19558715820312,32.63108444213867,25.058141708374023,94.4561767578125,50.92665863037109,34.145992279052734,4697.240234375,-0.0040129050887929,-0.0005162631323748,0.022896685742533,-0.0018492295892124,0.0050170897479817,0.0186390721737996,0.0130629515296518,0.0030295306730865,-0.0066557198862345,0.0210819662219929,0.0018256861788026
2024-01-08,183.48306274414065,368.3447570800781,52.22107696533203,240.4499969482422,163.95733642578125,32.37519454956055,25.15167617797852,92.88237762451172,51.42711639404297,34.061058044433594,4763.5400390625,0.0241746957838799,0.0188713600223664,0.064280911332146,0.0124636464129572,-0.0014510178777966,-0.0078419058683713,0.0037326977671787,-0.0166616857395788,0.0098270292442359,-0.0024873851644148,0.0141146293098466
2024-01-09,183.0677795410156,369.4261474609375,53.10753631591797,234.9600067138672,162.6610565185547,31.872886657714844,24.99862289428711,91.73192596435548,51.771583557128906,33.71988296508789,4756.5,-0.0022633326308932,0.0029358104332248,0.0169751257940242,-0.0228321493202461,-0.0079062025249071,-0.0155152084438213,-0.0060852120792416,-0.0123861133788701,0.006698162122227,-0.0100165731463958,-0.0014779006799081
2024-01-10,184.1060485839844,376.2879028320313,54.31679534912109,233.94000244140625,163.00421142578125,31.844453811645508,24.649999618530277,90.8299789428711,52.415035247802734,33.75444030761719,4783.4501953125,0.0056715007172312,0.0185740923273964,0.0227700081210633,-0.0043411825132567,0.0021096316141744,-0.0008920700021519,-0.0139456992183558,-0.0098324221583973,0.0124286654273149,0.0010248357790885,0.0056659718937244
2024-01-11,183.5127716064453,378.116455078125,54.78850173950195,227.22000122070312,162.3179473876953,31.41796493530273,24.14832878112793,90.81157684326172,52.35654830932617,32.735233306884766,4780.240234375,-0.0032224741234857,0.0048594499911678,0.0086843560513645,-0.0287253191013634,-0.0042101000463929,-0.0133928777320341,-0.0203517584245812,-0.0002025994041124,-0.0011158427767921,-0.0301947533848583,-0.0006710555783868
2024-01-12,183.83908081054688,381.8913879394531,54.67658233642578,218.88999938964844,161.12652587890625,31.08624649047852,24.403417587280277,91.9896240234375,52.42478942871094,33.305294036865234,4783.830078125,0.0017781280356952,0.0099835191265298,-0.0020427534888306,-0.0366605130987724,-0.0073400478995915,-0.0105582409779659,0.0105634144898549,0.0129724339244661,0.0013033922515592,0.0174142864550952,0.0007509755941104
2024-01-16,181.5746917724609,383.6609802246094,56.34755706787109,219.91000366210935,160.11622619628906,30.441781997680664,24.080305099487305,89.90962982177734,52.59052658081055,33.935813903808594,4765.97998046875,-0.0123172343339744,0.0046337580292248,0.0305610676461776,0.004659894354722,-0.0062702256944116,-0.0207314991533393,-0.0132404605476811,-0.0226111827691588,0.0031614271398263,0.0189315208040332,-0.0037313402367431
2024-01-17,180.63531494140625,382.87451171875,56.01876449584961,215.5500030517578,159.2583770751953,30.138500213623047,23.935754776000977,89.25617218017578,52.343544006347656,33.573055267333984,4739.2099609375,-0.0051735008986375,-0.0020499048545383,-0.0058350812196781,-0.0198262950195329,-0.0053576651253453,-0.0099626816879748,-0.0060028443530562,-0.007267938294228,-0.0046963320301305,-0.0106895516784377,-0.0056168971839904
2024-01-18,186.5187225341797,387.1999816894531,57.072113037109375,211.8800048828125,159.57296752929688,30.072154998779297,23.884735107421875,89.09050750732422,53.04874038696289,33.633506774902344,4780.93994140625,0.0325706387739399,0.0112973568057215,0.0188034946993129,-0.017026203279914,0.0019753463515017,-0.0022013442730558,-0.0021315253710009,-0.0018560584529341,0.013472461485025,0.001800595956698,0.008805260963896
2024-01-19,189.4159240722656,391.9186706542969,59.45466232299805,212.19000244140625,162.3274688720703,30.536556243896484,24.046293258666992,89.22855377197266,52.76926040649414,33.970367431640625,4839.81005859375,0.015533033353019,0.0121866972830291,0.0417462953288498,0.001463080760099,0.0172617040681888,0.0154428987592023,0.0067640754866449,0.0015495058734185,-0.0052683622349953,0.0100156269458542,0.0123135027649361
2024-01-22,191.7198486328125,389.7952880859375,59.61756134033203,208.8000030517578,162.13685607910156,30.84930992126465,24.071802139282227,89.10890197753906,52.77251052856445,34.18629837036133,4850.43017578125,0.0121633097736171,-0.0054179163366073,0.0027398863431264,-0.015976244642273,-0.0011742485378057,0.0102419432915155,0.0010608238176601,-0.0013409585763248,6.159119997661833e-05,0.0063564499016746,0.002194325202627
2024-01-23,192.99539184570312,392.144775390625,59.83642578125,209.13999938964844,161.06935119628906,31.057817459106445,24.1738395690918,90.1121063232422,52.90574645996094,36.47517013549805,4864.60009765625,0.0066531620068905,0.0060274902660433,0.00367114044918,0.0016283349277841,-0.0065839742340365,0.0067589044414271,0.0042388778878779,0.0112581832279339,0.0025247222476627,0.066952898507465,0.002921374261968
2024-01-24,192.32302856445312,395.7427978515625,61.32451248168945,207.8300018310547,162.50856018066406,31.256851196289062,24.088808059692383,91.66751098632812,52.15830612182617,35.654632568359375,4868.5498046875,-0.0034838307527442,0.0091752400815576,0.0248692444612184,-0.0062637351172268,0.0089353373170362,0.0064084907912373,-0.0035175011878599,0.0172607735691641,-0.0141277722770706,-0.0224957845046517,0.0008119284117831
2024-01-25,191.9967041015625,398.0137023925781,61.57936096191406,182.6300048828125,164.83419799804688,31.64542388916016,23.709047317504883,93.99600219726562,52.91874694824219,36.527000427246094,4894.16015625,-0.0016967518935532,0.005738334477201,0.004155735935132,-0.1212529313680481,0.0143108634695756,0.0124316006891067,-0.0157650283586654,0.0254014883341251,0.0145794770374607,0.0244671672668104,0.0052603655277063
2024-01-26,190.2662811279297,397.089599609375,60.99371719360352,183.25,164.20513916015625,31.68334197998047,23.709047317504883,94.79671478271484,53.38346099853516,36.62200546264648,4890.97021484375,-0.0090127743688633,-0.002321786354711,-0.0095103904808747,0.0033948152034783,-0.0038163126677031,0.0011982171878348,0.0,0.0085185812878381,0.0087816525729056,0.0026009536586397,-0.0006517852510764
2024-01-29,189.5840301513672,402.7815551757813,62.42684173583984,190.92999267578125,164.63401794433594,31.85394096374512,23.717679977416992,94.9163589477539,53.63368988037109,36.3197021484375,4927.93017578125,-0.0035857692309851,0.0143341844561166,0.0234962649954151,0.0419099191038541,0.0026118475120402,0.0053845009113131,0.0003641082577676,0.0012621129889711,0.0046873858898506,-0.0082546903259386,0.0075567748961808
2024-01-30,185.935302734375,401.6706848144531,62.73564910888672,191.58999633789065,168.0081329345703,32.9722785949707,23.32065773010254,96.49937438964844,53.81241989135742,36.68246841430664,4924.97021484375,-0.019245963987995,-0.0027579971005459,0.0049467082501724,0.0034567835721344,0.0204946403687673,0.0351082973531731,-0.0167395060432757,0.0166780042918195,0.0033324205622433,0.0099881398913055,-0.0006006499345398
2024-01-31,182.3360595703125,390.84716796875,61.48941421508789,187.2899932861328,166.18763732910156,32.233028411865234,23.3724422454834,94.62184143066406,53.70193099975586,36.57881546020508,4845.64990234375,-0.0193575029116678,-0.0269462454067388,-0.0198648601154314,-0.0224437764703241,-0.010835758803282,-0.0224203547527415,0.0022205426613681,-0.0194564262292852,-0.0020532228772582,-0.0028256810019124,-0.0161057446115979
2024-02-01,184.76852416992188,396.942138671875,62.98849868774414,188.8600006103516,165.58717346191406,31.797067642211918,23.553693771362305,94.23529815673828,54.69635391235352,36.699737548828125,4906.18994140625,0.0133405570206006,0.0155942557670325,0.0243795536482507,0.0083827613887528,-0.0036131680842083,-0.0135252810900273,0.0077549245378467,-0.0040851379351883,0.018517451683482,0.0033057956388609,0.0124936882116097
2024-02-02,183.7698516845703,404.2561950683594,66.11958312988281,187.91000366210935,166.540283203125,31.72124671936035,23.242982864379883,93.8487548828125,55.10581970214844,36.38880157470703,4958.60986328125,-0.0054049924890515,0.0184260013838701,0.0497088279188959,-0.0050301649114268,0.0057559394322903,-0.0023845256331408,-0.0131916000096851,-0.0041018947410009,0.007486162431431,-0.0084724304555966,0.0106844460775146
2024-02-05,185.579345703125,398.7804870605469,69.28964233398438,181.05999755859372,166.32107543945312,31.26632499694824,22.932268142700195,93.4622039794922,54.810096740722656,35.74100875854492,4942.81005859375,0.0098465227128798,-0.0135451430914659,0.0479443313772021,-0.036453653185133,-0.001316244691409,-0.0143412308613476,-0.0133681087101716,-0.0041188708769016,-0.005366456084388,-0.0178019827015235,-0.0031863375266721
2024-02-06,187.18121337890625,398.6231994628906,68.18132019042969,185.1000061035156,166.8929443359375,31.31371688842773,23.734943389892575,94.10645294189452,55.18381881713867,35.4991569519043,4954.22998046875,0.008631713134412,-0.000394421499446,-0.0159954952316313,0.0223130928940527,0.0034383429458557,0.0015157487003707,0.0350019998980295,0.0068931496901536,0.0068184896331033,-0.0067667873695032,0.0023104108269635
2024-02-07,187.29000854492188,407.0382080078125,70.0561752319336,187.5800018310547,167.20748901367188,31.44639587402344,23.78672409057617,94.07884216308594,55.04407501220703,34.911827087402344,4995.06005859375,0.0005812290883882,0.0211101826392954,0.0274980747845223,0.0133981396313525,0.0018847092606937,0.0042370883682845,0.0021816230960822,-0.0002933994210325,-0.0025323329904859,-0.0165448961308487,0.00824145796339
2024-02-08,186.21218872070312,407.0971984863281,69.59846496582031,189.55999755859372,166.6070098876953,31.38953018188477,23.795358657836918,95.68946075439452,55.040828704833984,34.4713249206543,4997.91015625,-0.0057548175292022,0.0001449261453962,-0.0065334749520359,0.0105554734417923,-0.0035912214788864,-0.0018083373486258,0.0003629994289195,0.0171198810941632,-5.897650877639826e-05,-0.0126175626857122,0.0005705832608251
2024-02-09,186.9745330810547,413.4281311035156,72.08895111083984,193.57000732421875,166.8071746826172,31.342145919799805,23.78672409057617,93.66468811035156,55.01157760620117,34.30722427368164,5026.60986328125,0.0040939552109287,0.0155514030573711,0.0357836361224719,0.0211543037416717,0.0012014188061881,-0.0015095562695713,-0.0003628677081488,-0.0211598291816057,-0.000531443645038,-0.0047604972350318,0.0057423415255595
2024-02-12,185.29139709472656,408.2277221679688,72.20387268066406,188.1300048828125,167.55059814453125,31.86341094970703,23.87303733825684,94.95317840576172,55.34305191040039,34.63543701171875,5021.83984375,-0.0090019531461992,-0.0125787495922591,0.0015941634335547,-0.0281035399884784,0.0044567834886513,0.016631440337272,0.0036286311369317,0.0137564147322213,0.0060255371436912,0.009566869514678,-0.0009489536011326
2024-02-13,183.2023468017578,399.4391174316406,72.08394622802734,184.0200042724609,166.09231567382812,31.038864135742188,23.277502059936523,94.13573455810548,54.96609115600586,34.661346435546875,4953.169921875,-0.0112744052110566,-0.0215286818093947,-0.0016609421099491,-0.0218465981166148,-0.0087035348536637,-0.0258775438469629,-0.0249459367018189,-0.0086089150608846,-0.0068113474299326,0.0007480611207346,-0.0136742556536254
2024-02-14,182.3212127685547,403.29986572265625,73.85486602783203,188.7100067138672,167.7793731689453,31.39900779724121,23.398338317871094,93.67127227783205,54.79059600830078,34.67862701416016,5000.6201171875,-0.0048096219758395,0.0096654236466371,0.0245674646363371,0.0254863728535852,0.0101573482690808,0.0116029910090784,0.0051911179139167,-0.0049339635203754,-0.0031927892999883,0.000498554741531,0.0095797632750176
2024-02-15,182.0341033935547,400.4141845703125,72.61360931396484,200.4499969482422,171.4394073486328,32.289894104003906,23.743572235107425,96.3558349609375,55.01482772827149,35.05865859985352,5029.72998046875,-0.0015747447630488,-0.0071551750883254,-0.0168067018549519,0.0622118055041767,0.0218145658227131,0.0283730719300299,0.0147546339635857,0.0286594023741126,0.0040925220075491,0.0109586687367462,0.0058212506847294
2024-02-16,180.49948120117188,397.9519348144531,72.56864166259766,199.9499969482422,170.6387481689453,32.30885314941406,23.838512420654297,96.3558349609375,55.362548828125,34.9722900390625,5005.56982421875,-0.0084304103669243,-0.0061492570711539,-0.0006192730507686,-0.0024943876658132,-0.0046702166792919,0.0005871510556549,0.0039985636789097,0.0,0.0063204978405271,-0.0024635443636563,-0.0048034698371121
2024-02-20,179.75694274902344,396.7011413574219,69.40957641601562,193.75999450683597,171.30592346191406,32.18564224243164,23.812620162963867,95.4455108642578,57.14990234375,34.980926513671875,4975.509765625,-0.004113798262505,-0.0031430767075285,-0.0435320983582669,-0.0309577521174382,0.0039098698280897,-0.0038135339070262,-0.0010861524089059,-0.0094475243460735,0.03228452362578,0.0002469519325078,-0.0060053220011653
2024-02-21,180.50938415527344,396.1003723144531,67.4307861328125,194.7700042724609,172.42111206054688,31.93922996520996,23.881668090820312,97.3962173461914,56.44796371459961,35.4991569519043,4981.7998046875,0.0041858823072027,-0.0015144121867485,-0.0285088943828583,0.0052126847350282,0.0065099243277524,-0.0076559689368828,0.0028996358814741,0.0204379070767182,-0.0122824116991191,0.0148146572970238,0.0012641999229821
2024-02-22,182.5390167236328,405.4272766113281,78.49002075195312,197.41000366210935,174.48939514160156,31.85394096374512,23.77809715270996,97.31261444091795,57.003662109375,35.17958450317383,5087.02978515625,0.0112439171949836,0.0235468203232858,0.1640086858450415,0.0135544454060563,0.0119955326603413,-0.0026703524649073,-0.004336838520512,-0.0008583793862988,0.0098444365076657,-0.0090022545933537,0.021122884217414
2024-02-23,180.7074279785156,404.1370544433594,78.76885986328125,191.97000122070312,175.3662872314453,32.14773178100586,23.9593448638916,96.4580078125,57.05240631103516,35.11912536621094,5088.7998046875,-0.0100339575505125,-0.0031823763283831,0.0035525422041779,-0.027556873210526,0.0050254749816294,0.0092230602673346,0.0076224649103591,-0.008782074485696,0.0008551064941517,-0.0017185858735039,0.0003479475462115
2024-02-26,179.36090087890625,401.37933349609375,79.04369354248047,199.3999938964844,174.7657928466797,31.85394096374512,23.45875740051269,96.83885955810548,58.10533142089844,34.28130340576172,5069.52978515625,-0.0074514208667141,-0.0068237270424608,0.0034891158723922,0.0387039257620216,-0.0034242293330479,-0.0091387728148932,-0.0208932033084647,0.0039483683547125,0.018455402286154,-0.0238565725003877,-0.0037867513501905
2024-02-27,180.8163299560547,401.3202819824219,78.65291595458984,199.72999572753903,174.85157775878906,32.48891830444336,23.208459854125977,96.63449096679688,58.095584869384766,34.48860168457031,5078.18017578125,0.0081145281386105,-0.0001471214602842,-0.0049438174049977,0.0016549741281635,0.000490856423972,0.0199340276740307,-0.0106696847626398,-0.0021103985759557,-0.000167739367031,0.0060469777462939,0.0017063496993998
2024-02-28,179.61831665039062,401.5566101074219,77.61555480957031,202.0399932861328,175.73800659179688,32.51735305786133,23.337921142578125,96.90389251708984,58.12482833862305,34.63543701171875,5069.759765625,-0.0066255813617897,0.0005888766045727,-0.0131890996338704,0.0115656016021996,0.0050696072884779,0.0008752139160657,0.0055781938683507,0.0027878405277215,0.00050336818717,0.0042575030582967,-0.0016581550604305
2024-02-29,178.9550018310547,407.3871765136719,79.06367492675781,201.8800048828125,177.33926391601562,32.94684982299805,22.92363929748535,97.08966827392578,57.14015579223633,34.56633758544922,5096.27001953125,-0.0036929130152523,0.0145199114134624,0.0186576018265984,-0.0007918650199801,0.0091116165209392,0.0132082326741809,-0.0177514459219313,0.001917113461703,-0.0169406529796565,-0.0019950499324189,0.0052290946971491
2024-03-01,177.87582397460938,409.2190551757813,82.22872924804688,202.63999938964844,176.6053466796875,32.78459167480469,22.94953155517578,98.31582641601562,57.2863883972168,34.72180938720703,5137.080078125,-0.0060304425436743,0.0044966527365595,0.0400317127204252,0.003764585340074,-0.0041384926277561,-0.0049248455941939,0.001129500309895,0.0126291310279318,0.0025591915694485,0.0044977805754942,0.0080078289488876
2024-03-04,173.361083984375,408.6477966308594,85.18492889404297,188.13999938964844,177.93019104003906,33.54814147949219,22.345369338989254,96.94104766845705,57.81285095214844,34.81681823730469,5130.9501953125,-0.025381414344868,-0.0013959724936967,0.035950934339245,-0.0715554680402388,0.0075017228258351,0.0232898982626126,-0.0263256883799125,-0.0139832903579665,0.0091900112690157,0.0027362874163079,-0.0011932620709189
2024-03-05,168.4305419921875,396.5632629394531,85.91551971435547,180.7400054931641,179.71255493164062,33.777198791503906,22.509353637695312,98.13005065917967,58.5343017578125,34.85136032104492,5078.64990234375,-0.028440881187798,-0.0295720025680756,0.0085765267377431,-0.0393323797198411,0.0100172088906513,0.0068277198649511,0.0073386255656975,0.0122652170501507,0.0124790733164361,0.0009921091440578,-0.0101931008834446
2024-03-06,167.44046020507812,396.0117492675781,88.64997100830078,176.5399932861328,180.6466064453125,33.80582809448242,23.467384338378903,99.17971801757812,59.051002502441406,34.48860168457031,5104.759765625,-0.0058782794106029,-0.0013907331399963,0.0318272100667793,-0.0232378669878381,0.0051974750124006,0.0008475925773252,0.0425614487249967,0.0106966963875734,0.0088273154221052,-0.010408736793426,0.0051411032032746
2024-03-07,167.32167053222656,402.9551086425781,92.61672973632812,178.64999389648438,179.06442260742188,34.00625991821289,23.122150421142575,99.73705291748048,58.84626388549805,34.14311218261719,5157.35986328125,-0.0007094442568186,0.0175332155872691,0.0447463059819377,0.0119519694720489,-0.008758447606762,0.0059289132977393,-0.0147112227020429,0.0056194442880306,-0.0034671488758365,-0.0100174981030817,0.0103041279259514
2024-03-08,169.03448486328125,400.0793151855469,87.47863006591797,175.33999633789062,179.3980255126953,33.977630615234375,23.493274688720703,100.67526245117188,58.61228561401367,34.125831604003906,5123.68994140625,0.0102366556920359,-0.0071367588978307,-0.0554770146283277,-0.0185278347141263,0.0018630328706044,-0.0008418833193468,0.0160505948114055,0.0094068303228052,-0.0039760939103907,-0.0005061219528218,-0.0065285190034379
2024-03-11,171.034423828125,398.4049987792969,85.72562408447266,177.77000427246094,179.46473693847656,34.254417419433594,24.48583030700684,101.2697525024414,59.13874435424805,34.661346435546875,5117.93994140625,0.0118315441163461,-0.0041849611881921,-0.0200392482155283,0.0138588341811503,0.0003718626533966,0.0081461478975264,0.042248500110658,0.0059050260887858,0.0089820544399399,0.0156923599036964,-0.0011222380873464
2024-03-12,171.50965881347656,409.0023193359375,91.86116027832033,177.5399932861328,180.94207763671875,34.321224212646484,24.17511749267578,100.61952209472656,59.86993408203125,34.661346435546875,5175.27001953125,0.002778592605598,0.0265993664464816,0.0715717880082367,-0.001293868373742,0.0082319274719058,0.0019503117625636,-0.0126894947173649,-0.0064207761117928,0.0123639711286951,0.0,0.0112017879813663
2024-03-13,169.4305419921875,408.82513427734375,90.83673858642578,169.47999572753906,182.409912109375,34.435760498046875,24.356369018554688,101.74349975585938,59.743202209472656,34.77362823486328,5165.31005859375,-0.0121224474217523,-0.0004332128455443,-0.011151847949566,-0.0453982080848895,0.0081121787249689,0.0033371853139838,0.0074974413644037,0.0111705724469119,-0.0021167865724547,0.003239395201372,-0.0019245297153407
2024-03-14,171.2819366455078,418.7920837402344,87.89439392089844,162.5,179.1597137451172,34.06352996826172,24.2786865234375,103.54559326171876,59.69232940673828,34.350399017333984,5150.47998046875,0.0109271600713269,0.0243794929108471,-0.0323915709801477,-0.0411847763954413,-0.0178181016956411,-0.0108094180120188,-0.0031894119791833,0.0177121242161282,-0.0008515245392438,-0.0121709824085879,-0.0028710915621273
2024-03-15,170.90570068359375,410.1251220703125,87.78746032714844,163.57000732421875,181.3805389404297,33.796287536621094,24.114702224731445,103.35979461669922,59.3597297668457,34.10856628417969,5117.08984375,-0.002196588672936,-0.020695142067914,-0.0012166144958714,0.0065846604567307,0.0123957844589546,-0.0078454121428291,-0.0067542491867405,-0.0017943655462954,-0.0055718991568627,-0.0070401724600713,-0.0064829174844615
2024-03-18,171.9947967529297,411.0115051269531,88.40512084960938,173.8000030517578,183.62994384765625,34.36894226074219,23.924819946289062,104.31658935546876,59.53580856323242,34.48860168457031,5149.419921875,0.0063724970260192,0.0021612503329866,0.0070358627548758,0.0625420020142308,0.0124015780323893,0.0169443085575766,-0.0078741290965493,0.0092569334364269,0.0029663005050448,0.0111419341764269,0.0063180595049523
2024-03-19,174.33135986328125,415.0396728515625,89.34758758544922,171.32000732421875,184.70697021484372,34.388031005859375,23.847143173217773,105.05042266845705,59.54558944702149,34.523155212402344,5178.509765625,0.0135850802144208,0.0098006203582188,0.0106607708556061,-0.0142692501955855,0.0058652001118129,0.0005554068255102,-0.0032467025141954,0.0070346750936005,0.0001642857303043,0.0010018825392823,0.0056491496501236
2024-03-20,176.89564514160156,418.8019409179688,90.32103729248048,175.66000366210938,187.1278839111328,35.07522201538086,23.907560348510746,104.95753479003906,59.917327880859375,34.652706146240234,5224.6201171875,0.0147092598849187,0.0090648396105301,0.0108950866311894,0.0253326882579294,0.0131067803963931,0.0199834357891672,0.0025335183696479,-0.0008842218437439,0.006242921386623,0.0037525809283893,0.0089041739128465
2024-03-21,169.66812133789062,422.8793640136719,91.3834228515625,172.82000732421875,189.72991943359372,35.80058670043945,23.87303733825684,105.42198944091795,60.11297607421875,35.01547622680664,5241.52978515625,-0.0408575564306596,0.0097359221563437,0.0117623268169713,-0.0161675753084549,0.01390511915208,0.0206802592650878,-0.0014440206257204,0.0044251673003563,0.0032653023804467,0.0104687373919789,0.003236535401516
2024-03-22,170.56910705566406,422.2588806152344,94.23580932617188,170.8300018310547,187.40432739257807,35.361549377441406,23.614112854003903,105.42198944091795,59.54558944702149,34.8686408996582,5234.18017578125,0.005310282866745,-0.0014672822824653,0.0312133906304057,-0.0115149022614651,-0.0122573816926624,-0.0122634113980221,-0.0108458961708239,0.0,-0.0094386713859705,-0.004193440814494,-0.0014021878490156
2024-03-25,169.15333557128906,416.4678039550781,94.94841766357422,172.6300048828125,185.68869018554688,35.18021011352539,23.67452621459961,106.49951934814452,59.25212097167969,35.300506591796875,5218.18994140625,-0.0083002808000453,-0.0137145171505181,0.0075619697278328,0.0105368087131318,-0.0091547363441466,-0.0051281481470294,0.0025583582567432,0.0102211114867116,-0.0049284670462941,0.0123855040229832,-0.0030549644525015
2024-03-26,168.0246124267578,415.2760314941406,92.5087890625,177.6699981689453,186.55599975585935,35.39973068237305,23.812620162963867,105.7006607055664,59.19342422485352,35.28322219848633,5203.580078125,-0.0066727808867567,-0.0028616196729244,-0.0256942523225445,0.0291953492647709,0.004670772191057,0.006239887940955,0.0058330184567367,-0.0075010539715832,-0.0009906269322277,-0.0004896358432023,-0.0027997952250302
2024-03-27,171.58885192871094,415.0593872070313,90.1990966796875,179.8300018310547,190.16835021972656,36.08692169189453,23.976606369018555,106.7967758178711,59.39885330200195,35.87919998168945,5248.490234375,0.0212126036208342,-0.0005216874336085,-0.0249672750688807,0.0121573911429628,0.0193633572149627,0.0194123230961094,0.0068865250834402,0.0103699930065523,0.0034704712531594,0.016891251594042,0.0086306265255329
2024-03-28,169.77703857421875,414.3601379394531,90.30504608154295,175.7899932861328,190.91183471679688,36.19189834594727,23.95071601867676,107.97650146484376,58.86082077026367,36.24195861816406,5254.35009765625,-0.0105590388543711,-0.0016846969111661,0.0011746171054427,-0.0224657093020403,0.0039096121736938,0.0029089944259867,-0.0010798171327218,0.0110464537710814,-0.0090579615906515,0.0101105553261984,0.001116485507179
2024-04-01,168.3414306640625,418.1519470214844,90.3120346069336,175.22000122070312,189.61557006835935,35.81013107299805,23.924819946289062,108.67317199707033,58.694522857666016,36.51836013793945,5243.77001953125,-0.0084558425698341,0.0091509986961759,7.738798321788032e-05,-0.0032424602491559,-0.0067898600962085,-0.0105484180271515,-0.0010812233073743,0.0064520569084505,-0.0028252734233307,0.0076265613204706,-0.0020135845401164
2024-04-02,167.1632537841797,415.0692138671875,89.40153503417969,166.6300048828125,189.539306640625,35.60015869140625,23.77809715270996,110.80038452148438,57.87279891967773,36.742923736572266,5205.81005859375,-0.0069987339137799,-0.0073722798046388,-0.0100817081213671,-0.0490240627670744,-0.0004022002397106,-0.0058634910093954,-0.0061326603045913,0.0195744035563016,-0.0140000105287672,0.0061493341372551,-0.0072390590731691
2024-04-03,167.9652099609375,414.09417724609375,88.91383361816406,168.3800048828125,189.00558471679688,35.7337760925293,23.493274688720703,110.81896209716795,58.13692474365234,37.002044677734375,5211.490234375,0.0047974429702906,-0.0023490940511086,-0.0054551794421557,0.0105023102005592,-0.0028158904518948,0.0037532810536404,-0.0119783539515396,0.0001676670687003,0.0045639027125885,0.0070522678875495,0.0010911223646881
2024-04-04,167.14344787597656,411.5630187988281,85.8565444946289,171.11000061035156,187.56753540039065,35.23747634887695,23.001317977905277,111.20909881591795,58.20540237426758,36.66518783569336,5147.2099609375,-0.004892454128757,-0.0061125188093658,-0.0343848532801378,0.0162133011543683,-0.007608501719994,-0.0138888132719928,-0.0209403208932648,0.00352048703008,0.0011778681262757,-0.0091037358874309,-0.0123343363503796
2024-04-05,167.8959197998047,419.0874938964844,87.95836639404297,164.89999389648438,189.2931671142578,35.41881561279297,23.00994873046875,112.74180603027344,58.54779052734375,36.380157470703125,5204.33984375,0.0045019528637848,0.0182826803040196,0.0244806253476175,-0.0362924825651101,0.009200055383697,0.0051462046294299,0.000375228609585,0.0137822105445934,0.0058824119258651,-0.007773868942593,0.0110991941743316
2024-04-08,166.7771453857422,418.1716003417969,87.08384704589844,172.97999572753906,190.28062438964844,35.79104232788086,22.940898895263672,111.9801025390625,58.47930908203125,36.04330825805664,5202.39013671875,-0.0066634997169466,-0.0021854471155221,-0.0099424237169979,0.0489994064895289,0.0052165500236709,0.0105092931157597,-0.0030008687117866,-0.006756176063087,-0.0011696674579122,-0.0092591466355732,-0.0003746309983179
2024-04-09,167.98501586914062,419.8360900878906,85.30585479736328,176.8800048828125,189.00555419921875,36.01056289672852,23.1135196685791,112.56531524658205,58.48908996582031,35.845821380615234,5209.91015625,0.0072424220992914,0.0039803988236726,-0.0204170154265009,0.0225460125540548,-0.0067009985620956,0.0061333941279675,0.0075245862903423,0.005226041897179,0.0001672537508154,-0.005479155132694,0.0014454931932483
2024-04-10,166.11378479003906,416.8617248535156,86.98990631103516,171.75999450683594,187.3949737548828,34.97977828979492,22.71649742126465,113.51278686523438,59.301025390625,35.5649528503418,5160.64013671875,-0.0111392737585549,-0.0070845868294751,0.0197413356641487,-0.0289462360619489,-0.0085213392334403,-0.028624506922863,-0.0171770571080168,0.0084170831536947,0.0138818269403604,-0.0078354608558454,-0.0094569806491084
2024-04-11,173.3016815185547,421.4611206054688,90.5648956298828,174.60000610351562,187.35659790039065,34.69344711303711,22.733760833740234,113.13194274902344,58.782562255859375,35.24897766113281,5199.06005859375,0.043270922624518,0.0110333846398813,0.04109659925446,0.0165347676263849,-0.0002047859327451,-0.0081856201141602,0.0007599504516671,-0.0033550767867507,-0.0087429033705644,-0.0088844540449305,0.0074447977105855
2024-04-12,174.7967071533203,415.5222473144531,88.13626861572266,171.0500030517578,175.23878479003906,34.158966064453125,22.319477081298828,111.8128890991211,58.83147430419922,34.8627815246582,5123.41015625,0.0086267231896741,-0.0140911533725434,-0.0268164281233798,-0.0203322046257725,-0.0646778028964536,-0.0154058213599402,-0.0182232827850704,-0.0116594271949221,0.0008320843199542,-0.0109562365237175,-0.0145506882958016
2024-04-15,170.9750213623047,407.3871765136719,85.95249938964844,161.47999572753906,175.33465576171875,34.31167984008789,22.36263084411621,111.17193603515624,58.62604904174805,35.20509338378906,5061.81982421875,-0.0218636028862001,-0.0195779428258263,-0.024777191732447,-0.0559485948756339,0.0005470876312829,0.0044706790992039,0.001933457610149,-0.0057323719038925,-0.0034917578537805,0.0098188338440163,-0.012021354947762
2024-04-16,167.69790649414062,408.3128967285156,87.36569213867188,157.11000061035156,173.33099365234375,33.09956359863281,22.172752380371094,110.2523193359375,58.53800582885742,34.906673431396484,5051.41015625,-0.0191672142635367,0.0022723351843467,0.0164415550339847,-0.0270621453604746,-0.0114276444703436,-0.0353266365011633,-0.0084908821805764,-0.008272021986987,-0.0015017763320179,-0.0084766130042419,-0.0020565070133361
2024-04-17,166.3315887451172,405.6143493652344,83.98760223388672,155.4499969482422,172.6407470703125,33.624488830566406,21.93971824645996,110.19658660888672,58.35213851928711,34.91545104980469,5022.2099609375,-0.0081474943700098,-0.0066090181938962,-0.0386660921706344,-0.0105658688540543,-0.0039822455723972,0.0158589774263753,-0.0105099326377464,-0.0005055016292306,-0.0031751561560486,0.0002514596077296,-0.0057806027246414
2024-04-18,165.38111877441406,398.1587524414063,84.62323760986328,149.92999267578125,173.7624053955078,34.13988494873047,21.91382598876953,110.09440612792967,57.97061920166016,35.22264862060547,5011.1201171875,-0.0057143082554186,-0.018380998935308,0.0075682048191643,-0.0355098384099605,0.0064970659837244,0.0153279986131875,-0.0011801545215653,-0.0009272563162024,-0.0065382234020582,0.00879832743282,-0.0022081601199982
2024-04-19,163.36138916015625,393.0866394042969,76.15702056884766,147.0500030517578,178.1244354248047,35.28520202636719,22.44031143188477,111.35771942138672,58.234745025634766,35.53861999511719,4967.22998046875,-0.01221257679973,-0.0127389213624177,-0.1000460072214117,-0.0192088959161848,0.0251034164689898,0.0335477720372139,0.0240252634745321,0.0114748181845776,0.0045562015312583,0.008970687523109,-0.0087585481274361
2024-04-22,164.19305419921875,394.8988342285156,79.47315979003906,142.0500030517578,181.58529663085935,36.01056289672852,22.66471099853516,111.9893798828125,58.83147430419922,33.87974548339844,5010.60009765625,0.0050909522950197,0.0046101664176758,0.0435434474250937,-0.0340020394167562,0.0194294578270575,0.0205570842365958,0.0099998419064517,0.0056723545049941,0.0102469630166968,-0.0466780790010042,0.0087312480714667
2024-04-23,165.24253845214844,401.4089050292969,82.37651062011719,144.67999267578125,184.2025146484375,36.62139129638672,22.71649742126465,112.4259796142578,57.8043212890625,34.84523010253906,5070.5498046875,0.0063917700906905,0.0164854140769989,0.0365324700533931,0.0185145340902608,0.0144131604603352,0.0169624785208144,0.0022848922597265,0.0038985815610566,-0.0174592431565734,0.0284973988253165,0.0119645762708726
2024-04-24,167.3414764404297,402.8763732910156,79.63206481933594,162.1300048828125,185.10369873046875,36.57366943359375,22.6733455657959,112.44454956054688,58.56734848022461,34.660911560058594,5071.6298828125,0.012702164999051,0.0036557939879575,-0.0333158782779399,0.1206110940725275,0.0048923549374513,-0.0013031144121954,-0.0018995822581502,0.0001651748675242,0.0132001755949426,-0.00528963482055,0.0002130100613548
2024-04-25,168.2028350830078,393.00787353515625,82.58540344238281,170.17999267578125,185.3817138671875,36.18235778808594,21.801626205444336,112.70465087890624,58.89994812011719,34.42393112182617,5048.419921875,0.005147311120353,-0.0244951067128746,0.0370873043383619,0.0496514374300258,0.0015019426333753,-0.0106992722241969,-0.0384468784203864,0.0023131518546331,0.00567892603171,-0.0068371092266801,-0.0045764303535156
2024-04-26,167.61871337890625,400.17779541015625,87.68553161621094,168.2899932861328,185.49676513671875,36.10600662231445,21.922452926635746,109.57421875,58.85103988647461,34.827674865722656,5099.9599609375,-0.0034727221084787,0.018243710515277,0.061755806247121,-0.0111058847748876,0.000620618221351,-0.002110176628584,0.0055420967249331,-0.0277755363642417,-0.0008303612346625,0.011728577496499,0.010209142634743
2024-04-29,171.7769775390625,396.1692810058594,87.70751190185547,194.0500030517578,185.29542541503903,35.838768005371094,22.12959671020508,111.13477325439452,58.92930221557617,35.18754196166992,5116.169921875,0.0248078754235296,-0.0100168336431271,0.0002506717498245,0.1530691710339953,-0.0010854082632185,-0.0074015002472801,0.0094489327568656,0.0142419861368576,0.0013298376588168,0.010332791302742,0.0031784486665891
2024-04-30,168.6384735107422,383.4446105957031,86.35327911376953,183.27999877929688,183.8190460205078,35.3233757019043,22.112335205078125,109.86217498779295,58.05866622924805,34.660911560058594,5035.68994140625,-0.0182708071435626,-0.0321192758253461,-0.0154403284133897,-0.0555011806394474,-0.0079677055773196,-0.0143808599500283,-0.0007800189652347,-0.0114509458141287,-0.0147742456400238,-0.0149663878819665,-0.0157305135868621
2024-05-01,167.61871337890625,388.9698181152344,82.99415588378906,179.99000549316406,183.93409729003903,35.266109466552734,23.45875740051269,107.78142547607422,57.56953811645508,34.4063835144043,5018.39013671875,-0.0060470194648137,0.01440940194973,-0.0388997761805299,-0.0179506400482606,0.0006258941715886,-0.0016211993959703,0.0608900951865707,-0.0189396351560483,-0.0084247218298404,-0.0073433742564232,-0.003435438815494
2024-05-02,171.3116455078125,391.8259582519531,85.76860046386719,180.00999450683594,183.7423553466797,35.199302673339844,23.907560348510746,107.97650146484376,58.41082763671875,34.16938781738281,5064.2001953125,0.0220317412922641,0.0073428322808135,0.033429396932032,0.0001110562423569,-0.0010424491499093,-0.0018943624409789,0.0191315737801289,0.0018099221448211,0.0146134491918601,-0.0068881315852991,0.009128437077573
2024-05-03,181.5588836669922,400.5126647949219,88.73892211914062,181.19000244140625,182.63986206054688,35.55243682861328,24.00250244140625,107.75355529785156,58.5184440612793,34.134281158447266,5127.7900390625,0.0598163547422838,0.0221698087123236,0.0346318074354585,0.0065552356567928,-0.0060002130921456,0.010032419066668,0.0039712162810212,-0.002064765610736,0.0018424054052077,-0.0010274301407789,0.0125567397214785
2024-05-06,179.90545654296875,407.2886352539063,92.08802032470705,184.75999450683597,184.06832885742188,35.972389221191406,24.304582595825195,108.45023345947266,58.56734848022461,34.520477294921875,5180.740234375,-0.0091068368048355,0.0169182426789276,0.0377410286894168,0.019703030064168,0.0078212213958059,0.011812197138626,0.0125853608454522,0.0064654772614727,0.0008357094883468,0.0113140257643609,0.0103261239070118
2024-05-07,180.5885772705078,403.152099609375,90.5029296875,177.80999755859375,183.82862854003903,36.11554718017578,23.96797752380371,107.91146850585938,59.301025390625,34.50291442871094,5187.7001953125,0.0037971095522379,-0.0101562756396396,-0.0172127778577271,-0.0376163517800119,-0.0013022355278105,0.0039796622377263,-0.0138494487899291,-0.0049678542537634,0.0125270637896151,-0.0005087666100584,0.001343429823275
2024-05-08,180.9252166748047,404.3340148925781,90.36100006103516,174.72000122070312,187.56753540039065,35.99147033691406,24.39952087402344,107.89289093017578,58.98799133300781,34.65213394165039,5187.669921875,0.0018641234644238,0.0029316857938934,-0.0015682323981656,-0.0173780798623113,0.0203390891290757,-0.0034355520807345,0.0180049964495812,-0.0001721557119073,-0.0052787292556103,0.0043248379277571,-5.835618166138978e-06
2024-05-09,182.7370758056641,406.0870666503906,88.69694519042969,171.97000122070312,189.34109497070312,36.53549957275391,24.68863868713379,110.02008819580078,59.32959747314453,34.92422103881836,5214.080078125,0.0100144090699973,0.0043356524389328,-0.0184156314060431,-0.015739468754503,0.0094555785814776,0.0151155046111544,0.011849323378237,0.019715824159366,0.0057911132828414,0.0078519579090317,0.0050909476986258
2024-05-10,181.4779510498047,408.4704895019531,89.82730102539062,168.47000122070312,190.55865478515625,36.697750091552734,24.539697647094727,109.57421875,59.36886596679688,35.45963287353516,5222.68017578125,-0.0068903628358288,0.00586924097638,0.0127440221592085,-0.0203523868997835,0.006430510051933,0.0044409005130949,-0.0060327765303918,-0.0040526185091515,0.0006618702186564,0.015330673635403,0.0016493988445498
2024-05-13,184.6802215576172,407.4659118652344,90.3480224609375,171.88999938964844,190.52029418945312,36.46868515014648,24.916423797607425,109.52777862548828,59.30015563964844,35.58251190185547,5221.419921875,0.0176455072877348,-0.0024593640484129,0.0057969173024545,0.020300339194899,-0.0002013059745115,-0.0062419342012737,0.0153517030213816,-0.0004238234599479,-0.0011573461279666,0.0034653215039914,-0.0002413040553572
2024-05-14,185.82034301757807,410.2629699707031,91.30448150634766,177.5500030517578,193.18544006347656,36.73593521118164,24.863853454589844,110.19266510009766,58.76025772094727,35.53861999511719,5246.68017578125,0.0061734897778709,0.0068645205010273,0.0105863860586841,0.0329280567933392,0.0139887768143651,0.0073282066500302,-0.0021098671079206,0.0060704826022524,-0.0091044941261534,-0.00123352468368,0.0048378131397597
2024-05-15,188.09068298339844,417.4360046386719,94.57662200927734,173.99000549316406,193.7606506347656,37.13678741455078,25.24934196472168,111.04483795166016,58.73081207275391,35.53861999511719,5308.14990234375,0.0122179301197695,0.0174839924463106,0.0358376768472443,-0.0200506758513316,0.002977504780381,0.0109117190311009,0.0155039728992882,0.0077334807247686,-0.000501115028004,0.0,0.0117159278825962
2024-05-16,188.20962524414065,415.3738708496094,94.3057861328125,174.83999633789062,194.1057891845703,37.432655334472656,25.33695411682129,110.37994384765624,62.834014892578125,35.327972412109375,5297.10009765625,0.0006323665736953,-0.0049399998230805,-0.0028636662074722,0.0048852854640548,0.0017812623392521,0.0079669766966958,0.0034698786297884,-0.005987618301477,0.0698645681033882,-0.0059272865135662,-0.0020816677921287
2024-05-17,188.2393798828125,414.6043395996094,92.42684173583984,177.4600067138672,196.32992553710935,37.49946975708008,25.09164428710937,112.03746032714844,63.46226119995117,35.16121292114258,5303.27001953125,0.0001580930764473,-0.0018526231523084,-0.0199239566735227,0.0149851889204641,0.0114583720654728,0.0017849234047226,-0.0096818989599486,0.0150164642390093,0.0099985065166869,-0.0047203244222879,0.0011647735102702
2024-05-20,189.3993225097656,419.6658935546875,94.72655487060548,174.9499969482422,187.50042724609372,37.05088806152344,24.99527359008789,111.1291046142578,63.00089263916016,35.2138671875,5308.1298828125,0.0061620614542781,0.0122081547915444,0.024881442355656,-0.0141440869529103,-0.0449727583141507,-0.011962347693515,-0.003840748574257,-0.0081076071363832,-0.0072699672540404,0.0014975099543781,0.0009163899374069
2024-05-21,190.69810485839844,423.3164978027344,95.33219909667967,186.6000061035156,191.27764892578125,37.84307098388672,25.02155494689941,110.36121368408205,63.95307159423828,34.7750129699707,5321.41015625,0.0068573758946042,0.0086988347257033,0.0063936055407218,0.0665905079079252,0.0201451363880358,0.0213809429087867,0.0010514530563867,-0.0069098993719169,0.0151137375232404,-0.0124625396918938,0.0025018742439781
2024-05-22,189.2605133056641,424.7767639160156,94.8964385986328,180.11000061035156,190.1176605224609,37.94804763793945,25.93270492553711,108.1418228149414,64.05123138427734,34.92422103881836,5307.009765625,-0.0075385728337563,0.0034495846981181,-0.004570968698676,-0.0347803069714999,-0.006064422110136,0.0027739993431672,0.0364146025525327,-0.0201102434003112,0.001534872174113,0.0042906689632726,-0.0027061230392261
2024-05-23,185.27505493164065,421.3037109375,103.74047088623048,173.74000549316406,188.7850646972656,37.38493728637695,25.135448455810547,106.29700469970705,63.64875411987305,34.60824203491211,5267.83984375,-0.021058055398945,-0.008176183994853,0.09319667226927,-0.0353672483238078,-0.0070093216039647,-0.0148389808333516,-0.0307432823539155,-0.0170592474512966,-0.0062836772331451,-0.0090475605327041,-0.0073807894850155
2024-05-24,188.34844970703125,424.4215393066406,106.40895080566406,179.24000549316406,192.41848754882807,37.89078521728516,25.301908493041992,106.21271514892578,64.17884063720703,34.880340576171875,5304.72021484375,0.0165882815499611,0.0074004294009248,0.0257226509253079,0.0316564972148363,0.0192463469363373,0.0135307952246463,0.0066225210791082,-0.0007929626146981,0.0083283094015578,0.0078622468308351,0.0070010425881694
2024-05-28,188.35836791992188,424.5794982910156,113.83675384521484,176.75,191.25845336914065,37.528099060058594,24.79376792907715,107.56121826171876,63.84508895874024,34.54680633544922,5306.0400390625,5.265885068905796e-05,0.0003721747596341,0.0698043067177334,-0.0138920186166755,-0.0060287043852428,-0.0095718828508499,-0.0200830923131581,0.0126962493229005,-0.0052003382291281,-0.009562241515225,0.000248801852934
2024-05-29,188.65576171875,423.4447937011719,114.7602310180664,176.19000244140625,189.9259033203125,36.9554443359375,24.37323570251465,106.40937042236328,63.727298736572266,34.318603515625,5266.9501953125,0.0015788722429075,-0.0026725374032685,0.0081122936280071,-0.003168303018918,-0.006967273996806,-0.0152593586796027,-0.0169612068551031,-0.0107087652777676,-0.0018449378658411,-0.0066056126175129,-0.0073670465096804
2024-05-30,189.64718627929688,409.13818359375,110.43768310546876,178.7899932861328,191.0955047607422,36.86954498291016,24.706159591674805,106.74650573730467,63.697845458984375,35.398189544677734,5235.47998046875,0.00525520424881,-0.0337862463306566,-0.0376659045930044,0.0147567444730083,0.006158198644748,-0.0023244031987947,0.0136594046528588,0.0031682859658244,-0.0004621767777988,0.0314577493970933,-0.0059750355854433
2024-05-31,190.59893798828125,409.5921020507813,109.5711669921875,178.0800018310547,194.2591857910156,38.16756820678711,25.109167098999023,109.8087158203125,64.55187225341797,36.11791229248047,5277.509765625,0.0050185385170056,0.0011094502425665,-0.0078461996749219,-0.003971091681523,0.0165554968665246,0.0352058378935407,0.0163120255832889,0.0286867477474503,0.0134074675254676,0.0203321909131635,0.0080278762048646
2024-06-03,192.3636474609375,408.0035400390625,114.93513488769533,176.2899932861328,193.4826202392578,38.06258010864258,25.67863655090332,107.1772689819336,64.61077117919922,35.96870422363281,5283.39990234375,0.009258758161416,-0.0038784000076297,0.0489541915337115,-0.0100517100545634,-0.0039975744189169,-0.0027507148890314,0.0226797428070404,-0.0239639159671525,0.0009124278463996,-0.0041311376925493,0.0011160825806737
2024-06-04,192.6809234619141,410.51953125,116.37133026123048,174.77000427246094,190.9325408935547,37.871700286865234,25.836334228515625,105.5103759765625,65.37642669677734,36.47777938842773,5291.33984375,0.0016493552974503,0.0061665916200055,0.0124957035543438,-0.0086220946823953,-0.0131798884186586,-0.0050148944509939,0.0061412013562207,-0.0155526728867487,0.011850276720186,0.0141532806305664,0.0015028090913065
2024-06-05,194.18785095214844,418.3536376953125,122.3709487915039,175.0,189.1110076904297,38.13893508911133,25.888898849487305,105.93179321289062,65.85742950439453,36.293453216552734,5354.02978515625,0.0078208442390623,0.0190833951833138,0.0515558129034485,0.0013159908560766,-0.0095401925444469,0.0070563191042885,0.0020345231837752,0.0039940833536764,0.0073574349642591,-0.0050531083570692,0.0118476497933313
2024-06-06,192.80978393554688,418.8568115234375,120.92975616455078,177.94000244140625,188.7754821777344,37.89078521728516,25.23181915283203,106.72777557373048,65.91632843017578,36.2759017944336,5352.9599609375,-0.0070965665969553,0.0012027475866995,-0.0117772448541576,0.0168000139508928,-0.0017742251854769,-0.0065064709134212,-0.0253807510499152,0.0075141025814617,0.000894339882751,-0.0004835974690644,-0.0001998166356331
2024-06-07,195.1990966796875,418.1957702636719,120.81981658935548,177.47999572753906,191.6898956298828,38.19805908203125,25.03907585144043,105.58529663085938,64.6696548461914,35.93359375,5346.990234375,0.0123920721001342,-0.0015782034374977,-0.0009091192993534,-0.0025851787543875,0.015438516795335,0.0081094615216872,-0.0076388983380125,-0.0107046074625799,-0.0189129706352646,-0.0094362380396048,-0.0011152197300303
2024-06-10,191.4614715576172,422.162109375,121.72130584716795,173.7899932861328,191.36395263671875,38.092430114746094,24.592262268066406,105.8943328857422,65.72981262207031,35.468406677246094,5360.7900390625,-0.0191477582921584,0.0094844075271907,0.0074614354106865,-0.0207910893071634,-0.0017003660630782,-0.0027652967146397,-0.0178446515368625,0.0029268872157763,0.0163934348868932,-0.0129457430834872,0.0025808546645145
2024-06-11,205.3709716796875,426.9079284667969,120.85173797607422,170.66000366210938,186.3308258056641,37.31464767456055,24.55722045898437,105.04216003417967,65.50404357910156,35.47718811035156,5375.31982421875,0.0726490818696359,0.0112416983580618,-0.0071439249278639,-0.018010183238054,-0.0263013318950902,-0.0204182940768711,-0.0014249119784126,-0.0080473886405423,-0.0034348042990304,0.0002475846514724,0.0027103813151374
2024-06-12,211.2401428222656,435.1761474609375,125.13966369628906,177.2899932861328,183.6177520751953,37.842769622802734,24.233060836791992,103.88095092773438,65.09175872802734,34.906673431396484,5421.02978515625,0.0285783871721272,0.0193676866668539,0.0354808775779769,0.0388491121630947,-0.0145605200789395,0.0141532074173176,-0.0132001755953525,-0.011054695620001,-0.0062940366509793,-0.0160811696006035,0.0085036727919987
2024-06-13,212.4001007080078,435.689208984375,129.5475311279297,182.47000122070312,185.65977478027344,37.69873809814453,24.22429847717285,103.04750061035156,65.4745864868164,34.91545104980469,5433.740234375,0.0054911811280027,0.0011789743680368,0.0352235838058381,0.0292177118322192,0.0111210527413594,-0.0038060513565427,-0.0003615869938244,-0.0080231294567433,0.0058813552786094,0.0002514596077296,0.0023446558536817
2024-06-14,210.66514587402344,436.6660461425781,131.81643676757812,178.00999450683594,185.77476501464844,37.679534912109375,24.11916732788086,102.1766128540039,65.7887191772461,34.81889343261719,5431.60009765625,-0.0081683333868539,0.002242050383759,0.0175140785771352,-0.0244424107197361,0.0006193599798938,-0.0005093853800931,-0.0043399048022405,-0.0084513234303537,0.0047977804410104,-0.0027654695638835,-0.0003938606975009
2024-06-17,214.8092193603516,442.3886413574219,130.9168701171875,187.44000244140625,186.9252166748047,37.93879318237305,23.63730812072754,101.4742660522461,66.18136596679688,34.634578704833984,5473.22998046875,0.0196713769101903,0.0131051985044314,-0.0068243890705129,0.0529745981999238,0.0061927230001639,0.006880612270518,-0.0199782687603941,-0.0068738508954232,0.0059682996486514,-0.0052935262902565,0.0076643865645527
2024-06-18,212.4496612548828,440.38568115234375,135.5146484375,184.8600006103516,188.86175537109372,38.39971160888672,24.014034271240234,102.429443359375,66.3580551147461,35.17876052856445,5487.02978515625,-0.010984435921768,-0.004527603147613,0.0351198307460061,-0.0137644141989443,0.010359964967477,0.0121490007417479,0.0159377772032487,0.0094130004018666,0.0026697718514583,0.015712095948045,0.0025213273947457
2024-06-20,207.87925720214844,439.7542724609375,130.7169647216797,181.57000732421875,190.46275329589844,38.39971160888672,24.303150177001957,104.63948822021484,66.76053619384766,35.31919479370117,5473.169921875,-0.0215128799252407,-0.0014337629910083,-0.0354034325524079,-0.0177972155970479,0.0084770890838059,0.0,0.0120394558655216,0.0215762654599798,0.0060652934810339,0.0039920185653694,-0.0025259318472709
2024-06-21,205.70806884765625,443.7798461914063,126.50899505615234,183.00999450683597,188.190673828125,37.91959762573242,24.303150177001957,103.72175598144533,66.6623764038086,35.31919479370117,5464.6201171875,-0.0104444685040453,0.0091541435355273,-0.032191457891383,0.0079307546650362,-0.0119292587577141,-0.0125030622116231,0.0,-0.0087704197944674,-0.0014703265676903,0.0,-0.0015621303211011
2024-06-24,206.35247802734372,441.6980285644531,118.05306243896484,182.5800018310547,190.66409301757807,38.42851638793945,24.84633445739746,106.8026885986328,67.6341781616211,36.13546371459961,5447.8701171875,0.0031326392945951,-0.0046911044852976,-0.0668405642889997,-0.0023495584322593,0.0131431549669249,0.0134209958457385,0.0223503651353609,0.0297038223855234,0.0145779645166832,0.0231111984762464,-0.00306517189499
2024-06-25,207.2745056152344,444.9342346191406,126.02923583984376,187.3500061035156,189.88754272460935,37.81396865844727,24.52217483520508,107.10236358642578,66.18136596679688,36.05647659301758,5469.2998046875,0.0044682166974923,0.0073267387341651,0.0675643074062795,0.026125557150967,-0.0040728711981291,-0.0159919712561438,-0.0130465772626621,0.0028058749430848,-0.0214804442711276,-0.0021858615737126,0.0039335900157368
2024-06-26,211.4185791015625,446.1281127929688,126.33907318115234,196.3699951171875,189.2739715576172,37.44907760620117,24.02280044555664,107.13980865478516,67.03538513183594,36.00381088256836,5477.89990234375,0.0199931654596285,0.0026832688539917,0.0024584560815898,0.0481451226037759,-0.0032312344358577,-0.009649636501843,-0.0203641966099809,0.0003496194398096,0.0129042239090007,-0.0014606449499676,0.0015724312002203
2024-06-27,212.26129150390625,446.8088989257813,123.93024444580078,197.4199981689453,190.94212341308597,37.68914031982422,24.355714797973636,107.59868621826172,66.63290405273438,35.828269958496094,5482.8701171875,0.0039859902848884,0.0015259879691293,-0.0190663796614816,0.0053470646120412,0.0088134244858963,0.0064103772100196,0.0138582657409773,0.0042829791208149,-0.0060040093498384,-0.0048756206570692,0.0009073212238914
2024-06-28,208.8111724853516,440.9875793457031,123.48046112060548,197.8800048828125,193.9044647216797,38.18845748901367,24.51341438293457,107.8047103881836,66.4660415649414,36.1969108581543,5460.47998046875,-0.0162541130043541,-0.0130286563093837,-0.0036293265393502,0.0023300917745603,0.0155143414959566,0.013248303488812,0.0064748493841804,0.0019147461475872,-0.0025042055447697,0.0102891069003678,-0.0040836525834456
2024-07-01,214.8885498046875,450.6371154785156,124.24009704589844,209.8600006103516,196.96267700195312,38.418907165527344,24.72368049621582,107.65486907958984,66.24026489257812,36.63576126098633,5475.08984375,0.0291046558811993,0.021881650605964,0.0061518714653243,0.0605417193851083,0.0157717476215053,0.0060345374405335,0.0085775938837646,-0.0013899328522306,-0.0033968725539745,0.0121239739090377,0.0026755639309195
2024-07-02,218.3782958984375,453.1531066894531,122.61087799072266,231.25999450683597,200.2030487060547,39.30233383178711,24.38199806213379,106.92443084716795,66.8194351196289,36.07402420043945,5509.009765625,0.0162397954517439,0.0055831868359663,-0.0131134721713385,0.1019727143535935,0.016451704218406,0.0229945808310874,-0.0138200473078564,-0.006784999495767,0.0087434769167971,-0.0153330254705277,0.0061953178565135
2024-07-03,219.64732360839844,454.6231994628906,128.21817016601562,246.38999938964844,200.06881713867188,39.27352142333984,24.268104553222656,107.4675750732422,66.98629760742188,36.09158706665039,5537.02001953125,0.0058111439359849,0.0032441414430044,0.0457324200526256,0.0654242205405104,-0.0006704771393361,-0.0007330966290853,-0.004671213106526,0.0050797018209112,0.0024972148820807,0.0004868563072795,0.005084444409779
2024-07-05,224.3961639404297,461.3226013183594,125.76935577392578,251.5200042724609,197.41783142089844,38.803009033203125,24.57474136352539,106.16590881347656,68.75323486328125,36.223243713378906,5567.18994140625,0.0216202968195404,0.0147361636260174,-0.0190988093880855,0.0208206700577149,-0.0132503693263502,-0.0119803973029292,0.0126353836011479,-0.0121121767089144,0.0263775924177007,0.0036478486381157,0.0054487651784855
2024-07-08,225.86346435546875,460.020263671875,128.13819885253906,252.94000244140625,197.78414916992188,39.00465393066406,24.46961212158203,105.051513671875,68.39984130859375,36.45144271850586,5572.85009765625,0.00653888368354,-0.0028230519006928,0.0188348192136036,0.0056456669243973,0.0018555454002655,0.005196630428542,-0.0042779388962113,-0.0104967324638971,-0.0051400280349024,0.0062997948757048,0.001016698964751
2024-07-09,226.7160797119141,453.40960693359375,131.3166961669922,262.3299865722656,200.15560913085935,39.7728385925293,24.285625457763672,103.89031982421876,68.6158218383789,36.24956512451172,5576.97998046875,0.0037749148977166,-0.0143703598739652,0.0248052285962823,0.0371233653839888,0.0119901416311176,0.0196946924136485,-0.0075189857078316,-0.0110535660750513,0.0031576174104079,-0.0055382607364303,0.0007410719362856
2024-07-10,230.97915649414065,460.0301208496094,134.84500122070312,263.260009765625,200.3194732666016,40.08011245727539,24.83757209777832,104.80803680419922,69.11643981933594,36.64654922485352,5633.91015625,0.0188035925270215,0.0146016180839001,0.0268686706009118,0.0035452416458809,0.000818683705412,0.0077257212615398,0.0227272977166912,0.008833517709188,0.0072959554741793,0.0109514169060573,0.0102080652935148
2024-07-11,225.6156311035156,448.6341857910156,127.3386001586914,241.02999877929688,199.9820709228516,40.14733123779297,25.109167098999023,106.05352783203124,68.51764678955078,36.842803955078125,5584.5400390625,-0.0232208198871014,-0.0247721497834687,-0.05566688415632,-0.0844412753996288,-0.0016843212407061,0.0016771105767039,0.0109348450062474,0.0118835450582748,-0.0086635398372709,0.0053553399808652,-0.0087630288411204
2024-07-12,228.5601043701172,447.4995422363281,129.177734375,248.22999572753903,197.5624237060547,39.93608093261719,25.33695411682129,106.0722427368164,67.96793365478516,36.95877456665039,5615.35009765625,0.0130508389520698,-0.0025291063200788,0.0144428650386971,0.0298717876808145,-0.0120993207322587,-0.005261876659361,0.0090718667379192,0.0001764665935,-0.0080229424173606,0.0031477140478686,0.0055170270744306
2024-07-15,232.38693237304688,447.904052734375,128.3780975341797,252.63999938964844,202.4884796142578,40.224151611328125,25.494651794433597,107.88897705078124,68.33112335205078,36.387840270996094,5631.22021484375,0.0167432020276501,0.0009039349985149,-0.0061902064213248,0.0177657967933491,0.0249341743019533,0.0072132936428337,0.0062240187547883,0.0171273300826915,0.0053435447826073,-0.0154478686684995,0.0028262026252154
2024-07-16,232.8033599853516,443.5232849121094,126.29911041259766,256.5599975585937,205.9299468994141,42.37507247924805,25.845094680786133,108.6662368774414,68.70413970947266,36.97661972045898,5667.2001953125,0.001791957955864,-0.0097805942936256,-0.0161942509003805,0.0155161422514864,0.0169958670819807,0.0534733681571091,0.0137457412314629,0.0072042561520841,0.0054589525112889,0.0161806648890945,0.0063893754987431
2024-07-17,226.9143829345703,437.6033325195313,117.9331283569336,248.5,209.0629730224609,42.23103332519531,26.30943298339844,110.16455841064452,69.72505187988281,37.4940185546875,5588.27001953125,-0.0252959280791815,-0.0133475571496797,-0.0662394376993933,-0.0314156440415187,0.0152140384155838,-0.0033991482639533,0.0179662062897183,0.0137882895024052,0.014859543758604,0.0139925941889773,-0.0139275432419937
2024-07-18,222.25473022460935,434.495361328125,121.03163146972656,249.22999572753903,202.4209899902344,41.29961395263672,26.02907371520996,111.2508544921875,69.5188980102539,37.52970504760742,5544.58984375,-0.0205348495309112,-0.0071022566796097,0.0262733903184109,0.0029376085615253,-0.031770250543184,-0.0220553299131068,-0.0106562261666904,0.0098606675070012,-0.0029566685727828,0.0009517916269197,-0.0078164039369225
2024-07-19,222.3836212158203,431.2788391113281,117.8731689453125,239.1999969482422,202.22817993164065,41.193992614746094,26.25686264038086,108.69432067871094,69.45018768310547,37.128265380859375,5505.0,0.0005799246255893,-0.0074028919594559,-0.0260961740832526,-0.0402439471622098,-0.0009525200850122,-0.0025574412877503,0.0087513265997549,-0.022979902717566,-0.0009883690494965,-0.010696584645118,-0.0071402655319269
2024-07-22,222.03663635253903,437.0310668945313,123.48046112060548,251.50999450683597,202.710205078125,40.61784362792969,25.93270492553711,107.94515228271484,69.08698272705078,34.87131118774414,5564.41015625,-0.0015602986469247,0.0133376072775932,0.0475705559243468,0.0514632011523703,0.0023835706114117,-0.013986238047005,-0.0123456377589157,-0.0068924336737938,-0.0052297188556488,-0.0607880322434549,0.0107920356494095
2024-07-23,223.0775909423828,438.9156188964844,122.53091430664062,246.3800048828125,202.7583923339844,40.72347259521485,25.845094680786133,106.20335388183594,69.3520278930664,34.69289779663086,5555.740234375,0.0046882109499757,0.0043121694193146,-0.007689854778218,-0.0203967624987723,0.0002377149973324,0.0026005557619639,-0.0033783689361576,-0.0161359576048124,0.0038363980529121,-0.0051163373282042,-0.0015581025897707
2024-07-24,216.66314697265625,423.1784057617188,114.1949462890625,215.9900054931641,201.08102416992188,40.51222229003906,26.2656192779541,107.7016830444336,69.30294036865234,35.38872146606445,5427.1298828125,-0.0287543179152554,-0.0358547576282016,-0.0680315499541355,-0.1233460458940368,-0.0082727434596125,-0.0051874334803316,0.016270963692023,0.0141081153074009,-0.0007078022936798,0.020056660400999,-0.0231490937547349
2024-07-25,215.62217712402344,412.8183898925781,112.22589874267578,220.25,201.15814208984372,40.02250289916992,26.440845489501957,109.96791076660156,68.73359680175781,35.63849639892578,5399.22021484375,-0.0048045542732017,-0.0244814379185835,-0.0172428606551682,0.0197231093962388,0.0003835166457908,-0.0120881887782677,0.0066713146830286,0.0210417113094973,-0.0082152873148808,0.0070580377734428,-0.0051426202378422
2024-07-26,216.08816528320312,419.5968017578125,113.00550842285156,219.8000030517578,204.59963989257807,40.01289749145508,27.33819961547852,109.874267578125,68.49800109863281,35.76339340209961,5459.10009765625,0.002161132799024,0.0164198398889114,0.0069467893677854,-0.0020431189477511,0.0171084191123482,-0.0002400001753773,0.0339381781998175,-0.0008515501278851,-0.003427664404127,0.0035045531039181,0.0110904687028463
2024-07-29,216.36573791503903,421.0372924804688,111.53621673583984,232.1000061035156,203.2596893310547,39.45595932006836,27.293773651123047,108.72242736816406,68.34095001220703,35.70986557006836,5463.5400390625,0.0012845341690606,0.0034330355155751,-0.0130019474936905,0.0559599767105618,-0.0065491345059399,-0.0139189662909479,-0.0016250508438865,-0.0104832572298325,-0.0022927834959685,-0.0014967212822737,0.0008133101292933
2024-07-30,216.92092895507807,417.2781372070313,103.68000793457033,222.6199951171875,207.4434356689453,39.63840866088867,27.889049530029297,110.66088104248048,67.9188461303711,35.71879196166992,5436.43994140625,0.0025659840850451,-0.0089283190362807,-0.0704363930495868,-0.0408445098536536,0.0205832565800907,0.0046241263414805,0.0218099514752059,0.0178293818602144,-0.0061764415297203,0.0002499699021283,-0.0049601718780302
2024-07-31,220.1727600097656,412.7691345214844,116.9636001586914,232.07000732421875,205.1394805908203,38.70698165893555,27.13385009765625,111.05419158935548,67.37895202636719,36.1469841003418,5522.2998046875,0.0149908589749814,-0.0108057486925317,0.1281210571714461,0.042449072025434,-0.0111064255694348,-0.0234980927191501,-0.0270787081345276,0.0035541967782093,-0.0079491059516466,0.0119878673145321,0.0157933986591674
2024-08-01,216.48472595214844,411.545654296875,109.15736389160156,216.8600006103516,200.47373962402344,37.92919158935547,27.23158073425293,109.5184097290039,68.50782775878906,36.44136428833008,5446.68017578125,-0.0167506373515669,-0.0029640787604618,-0.0667407317874848,-0.0655405965175743,-0.0227442370106384,-0.0200943095081278,0.0036017976160751,-0.0138291210657804,0.0167541301618956,0.0081439764703772,-0.013693502993456
2024-08-02,217.9718475341797,403.0406494140625,107.21829986572266,207.6699981689453,191.97120666503903,36.085548400878906,27.036121368408203,109.4528579711914,67.20225524902344,36.54841995239258,5346.56005859375,0.0068694064927239,-0.0206660058100802,-0.0177639323335482,-0.0423775819217054,-0.0424122030891945,-0.0486075002187488,-0.0071776724146928,-0.0005985455593694,-0.0190572749491115,0.0029377512657171,-0.0183818608686967
2024-08-05,207.4727935791016,389.8786010742188,100.40158081054688,198.8800048828125,187.8838653564453,35.19253158569336,26.423076629638672,107.47693634033205,66.34825134277344,35.50468444824219,5186.330078125,-0.0481670182358378,-0.0326568755756486,-0.0635779439117469,-0.0423267364743842,-0.0212914289574973,-0.0247472147371826,-0.0226750254008651,-0.0180527184715398,-0.0127079649795296,-0.028557609481065,-0.0299687983886397
2024-08-06,205.45030212402344,394.2791137695313,104.19976043701172,200.63999938964844,193.1280212402344,35.451786041259766,26.049917221069336,106.90570068359376,66.49549102783203,35.915042877197266,5240.02978515625,-0.0097482249127139,0.0112868792572558,0.0378298787310116,0.0088495296843591,0.0279116882859531,0.0073667464057005,-0.0141224814127346,-0.0053149603644211,0.0022191946596741,0.0115578672316687,0.010354085880061
2024-08-07,208.01808166503903,393.1148986816406,98.8623275756836,191.75999450683597,193.18585205078125,35.81668472290039,25.632339477539062,108.32911682128906,65.68074035644531,35.93288040161133,5199.5,0.012498300145918,-0.0029527688564583,-0.0512230818856304,-0.0442583976765632,0.000299442878229,0.0102928151833012,-0.0160299067358469,0.0133146888200859,-0.0122527205798916,0.0004966588645056,-0.0077346478585028
2024-08-08,211.47808837890625,397.3180541992188,104.91941833496094,198.83999633789065,196.71409606933597,36.69049072265625,25.55237579345703,110.398681640625,66.41695404052734,36.1469841003418,5319.31005859375,0.0166332017206018,0.010691926283318,0.0612679360056576,0.0369211620456231,0.0182634700269213,0.0243966186852901,-0.0031196404897844,0.0191044188309048,0.0112089735908371,0.0059584340675584,0.0230426115191364
2024-08-09,214.3829345703125,400.6036071777344,104.69951629638672,200.0,198.39146423339844,36.75770568847656,25.365798950195312,111.29768371582033,66.70162963867188,36.3521614074707,5344.16015625,0.0137359204146088,0.0082693271644489,-0.0020959136265145,0.0058338547750631,0.0085269342542246,0.0018319451306441,-0.007301741519843,0.0081432319828038,0.0042861887037279,0.0056761943557821,0.0046716768495385
2024-08-12,215.9114532470703,401.3830871582031,108.96746063232422,197.4900054931641,198.7674560546875,36.6520881652832,25.27695083618164,111.43814086914062,67.43783569335938,36.15589904785156,5344.39013671875,0.0071298523822402,0.0019457637587445,0.040763744541624,-0.0125499725341795,0.0018952016042723,-0.002873343730658,-0.0035026735876966,0.0012619952961367,0.0110373023669074,-0.0053989185792624,4.303397765514916e-05
2024-08-13,219.6236572265625,408.4869995117188,116.08402252197266,207.8300018310547,200.4544219970703,36.93054962158203,25.632339477539062,110.37059020996094,66.8783187866211,36.37892150878906,5434.43017578125,0.0171931776830951,0.0176985841725705,0.0653090550917856,0.0523570613716373,0.0084871335371856,0.0075974240551617,0.0140597908213166,-0.009579760132873,-0.0082967803012304,0.0061683561136824,0.0168475797535583
2024-08-14,220.07028198242188,411.2989807128906,118.02310943603516,201.3800048828125,202.6716461181641,37.26663589477539,25.658992767333984,111.3913116455078,67.3985824584961,36.4859733581543,5455.2099609375,0.0020335912874751,0.0068838939905875,0.0167041671363126,-0.0310349655555765,0.0110609888223178,0.0091004947567028,0.0010398305553918,0.0092481288140719,0.0077792576325808,0.0029426889232924,0.0038237284285767
2024-08-15,223.0479888916016,416.162109375,122.80078887939452,214.13999938964844,203.9344940185547,37.47788619995117,25.507953643798828,112.08042907714844,71.83554077148438,35.71879196166992,5543.22021484375,0.0135307088369958,0.0118238286262715,0.0404808809578831,0.0633627678888044,0.0062310043095732,0.0056686175208371,-0.0058864011110927,0.0061864558506474,0.0658316265882972,-0.0210267487988755,0.0161332477643307
2024-08-16,224.3680725097656,413.6317138671875,124.51996612548828,216.1199951171875,206.26736450195312,37.77555847167969,25.14368057250977,111.55179595947266,72.30609893798828,36.22727584838867,5554.25,0.0059183838631495,-0.0060803120966795,0.0139997247719818,0.0092462675501192,0.0114393128765464,0.0079426110144094,-0.0142807642030358,-0.0047165515159823,0.006550492436617,0.0142357526330791,0.0019897793572614
2024-08-19,224.2092742919922,416.65631103515625,129.93736267089844,222.72000122070312,207.694091796875,38.092430114746094,25.587913513183597,111.89163970947266,72.5718994140625,36.34324264526367,5608.25,-0.0007077576412592,0.0073122951325244,0.0435062481461858,0.0305386186036922,0.0069168833293953,0.0083882715672878,0.0176677769745261,0.0030465107896915,0.0036760450360096,0.0032010907295465,0.0097222847369131
2024-08-20,224.82464599609372,419.8885192871094,127.1886749267578,221.1000061035156,206.79754638671875,37.15140914916992,25.676761627197266,108.1628646850586,73.37911987304688,36.44136428833008,5597.1201171875,0.0027446309080869,0.0077574926056511,-0.0211539443901322,-0.007273684933138,-0.0043166630422644,-0.0247036212376455,0.0034722688103463,-0.0333248760505775,0.0111230443946179,0.0026998593390288,-0.0019845553982971
2024-08-21,224.7154541015625,419.2361755371094,128.4380645751953,223.2700042724609,206.87466430664065,37.20901870727539,25.79226303100586,107.47373962402344,74.0682144165039,36.61978149414063,5620.85009765625,-0.0004856758210268,-0.0015536117803544,0.0098231202515237,0.0098145549934058,0.0003729150624334,0.0015506695284197,0.0044982854725048,-0.0063711798225916,0.0093908804663946,0.0048960078552187,0.004239676828782
2024-08-22,222.85939025878903,410.7454528808594,123.68035888671876,210.66000366210935,208.8316192626953,37.679534912109375,25.570146560668945,108.30445861816406,74.4029312133789,36.459205627441406,5570.64013671875,-0.0082596181477335,-0.0202528387379071,-0.0370428011681155,-0.0564787045686769,0.0094596163460305,0.0126452193898354,-0.008611748029628,0.0077295067338936,0.0045190342377203,-0.0043849487939986,-0.0089328055481209
2024-08-23,225.15219116210935,411.97113037109375,129.30763244628906,220.32000732421875,210.45114135742188,38.18845748901367,25.676761627197266,109.8053970336914,74.52105712890625,36.76251602172852,5634.60986328125,0.0102881054312222,0.0029840317930187,0.0454985222409034,0.0458558981020607,0.0077551574825904,0.0135066045292597,0.0041695133141048,0.0138585099328092,0.0015876513680432,0.0083191717720483,0.0114833708501191
2024-08-26,225.4896545410156,408.709228515625,126.39905548095705,213.2100067138672,211.28016662597656,38.33248901367188,25.69453239440918,112.15595245361328,74.84591674804688,37.01229476928711,5616.83984375,0.0014988234276755,-0.0079177923281432,-0.022493467015879,-0.0322712435275504,0.0039392766568402,0.0037715983867545,0.0006920953455864,0.0214065563571583,0.0043592996618215,0.006794386635859,-0.0031537266931381
2024-08-27,226.33335876464844,409.0552673339844,128.23817443847656,209.2100067138672,212.25379943847656,38.092430114746094,25.60568618774414,111.0892333984375,74.9443588256836,36.97661972045898,5625.7998046875,0.0037416538038084,0.0008466626007348,0.0145501004775829,-0.0187608455233908,0.0046082546603798,-0.0062625439960386,-0.0034577864777322,-0.009511033804621,0.0013152631688393,-0.0009638702234084,0.001595196086545
2024-08-28,224.8048095703125,405.8527221679688,125.54946899414062,205.75,213.3238525390625,38.36130142211914,25.54349136352539,109.99420928955078,74.8951416015625,37.01229476928711,5592.18017578125,-0.0067535302912434,-0.0078291258462166,-0.0209664981282611,-0.0165384379467057,0.0050413849053199,0.0070583920890088,-0.0024289458115954,-0.0098571578485852,-0.0006567168615795,0.0009648001655595,-0.0059759732079761
2024-08-29,228.0802459716797,408.3435363769531,117.5333251953125,206.27999877929688,214.21075439453125,38.572547912597656,25.51683616638184,111.51403045654295,75.2298355102539,36.79820251464844,5591.9599609375,0.0145701348989275,0.0061372366696939,-0.0638484882735922,0.0025759357438486,0.0041575372135487,0.0055067602674374,-0.0010435220762974,0.0138172834443617,0.0044688333786984,-0.0057843550629107,-3.937906806072977e-05
2024-08-30,227.29611206054688,412.3171081542969,119.31246948242188,214.1100006103516,216.7075042724609,39.129486083984375,25.77449607849121,111.33468627929688,76.02722930908203,37.27100372314453,5648.39990234375,-0.0034379738051938,0.0097309530416458,0.0151373602691224,0.0379581242844206,0.011655576700557,0.014438718765706,0.0100976433923589,-0.0016082655833695,0.0105994356284275,0.0128484865071298,0.0100930517744244
2024-09-03,221.11248779296875,404.70611572265625,107.9479522705078,210.6000061035156,212.36949157714844,39.08147430419922,25.14368057250977,109.00301361083984,75.96817016601562,38.29689025878906,5528.93017578125,-0.0272051475562896,-0.0184590750204632,-0.0952500376634011,-0.0163934169204158,-0.0200178240706347,-0.0012269974535854,-0.0244744069509803,-0.0209429131780884,-0.0007768156699003,0.0275250579046648,-0.0211510743977116
2024-09-04,219.20677185058597,404.17236328125,106.15882110595705,219.41000366210935,211.43438720703125,38.88942337036133,25.223642349243164,107.67198181152344,76.03707885742188,37.003379821777344,5520.06982421875,-0.0086187621576901,-0.0013188642836621,-0.0165740167082313,0.041832845694522,-0.0044031954080253,-0.0049141169123513,0.0031801937867768,-0.0122109633048167,0.0009070732025751,-0.0337758608667935,-0.0016025435809103
2024-09-05,220.72537231445312,403.6682434082031,107.15834045410156,230.1699981689453,209.79562377929688,38.543739318847656,25.33025932312012,106.8318328857422,75.76143646240234,36.85173034667969,5503.41015625,0.0069277078032163,-0.0012472893221946,0.0094153207216467,0.0490405830511098,-0.0077506949053171,-0.0088888963001988,0.0042268666991369,-0.0078028555957285,-0.0036251050035258,-0.004098260100241,-0.0030180176155847
2024-09-06,219.177001953125,397.0556335449219,102.78044128417967,210.72999572753903,204.8117218017578,37.46126937866211,25.37468147277832,106.33151245117188,75.44641876220703,36.70899200439453,5408.419921875,-0.0070149178823096,-0.0163812981854862,-0.040854488333524,-0.0844593239607938,-0.0237559863631001,-0.0280841962745483,0.0017537187081875,-0.0046832523701566,-0.0041580217443691,-0.0038733145212547,-0.0172602498592846
2024-09-09,219.2663116455078,401.0291442871094,106.41868591308594,216.2700042724609,209.005126953125,38.1474838256836,26.1298828125,108.56877136230467,76.13551330566406,38.11846923828125,5471.0498046875,0.0004074774797855,0.0100074407878612,0.03539821957805,0.0262896059281696,0.020474439228757,0.018317971024558,0.0297620027479694,0.0210404127577905,0.0091335620001915,0.0383959666808062,0.0115800702824842
2024-09-10,218.47227478027344,409.4111022949219,108.04788970947266,226.1699981689453,198.1601104736328,37.963844299316406,26.423076629638672,104.61344146728516,77.58263397216797,38.939186096191406,5495.52001953125,-0.0036213354403393,0.0209011193505965,0.0153093771306038,0.0457760840657874,-0.0518887581256534,-0.0048139354932645,0.0112206326849049,-0.036431561722479,0.0190071702898237,0.0215306877298717,0.0044726726528396
2024-09-11,221.00331115722656,418.1488952636719,116.8536605834961,228.1300048828125,199.7700042724609,37.69322967529297,26.35199737548828,103.57504272460938,77.6121597290039,39.07299423217773,5554.1298828125,0.0115851605403876,0.0213423449431904,0.0814987770487796,0.0086660774184694,0.0081242072129461,-0.0071282197316436,-0.0026900445828726,-0.0099260547030231,0.0003805717249369,0.003436336230957,0.0106650258888965
2024-09-12,221.11248779296875,422.0630798339844,119.0927734375,229.80999755859372,199.1626892089844,37.48059844970703,25.90776252746582,105.00048065185548,78.41937255859375,39.12652206420898,5595.759765625,0.000494004524957,0.009360743540514,0.0191616834493941,0.0073641898909537,-0.0030400713344742,-0.0056410986115449,-0.0168577296700732,0.0137623687111203,0.0104005974374166,0.0013699444612096,0.0074953023589392
2024-09-13,220.844482421875,425.611572265625,119.05277252197266,230.2899932861328,196.9647674560547,37.354957580566406,26.005495071411133,104.92496490478516,79.3447494506836,39.63500213623047,5626.02001953125,-0.001212077046253,0.0084074931004067,-0.0003358802920845,0.0020886633855723,-0.0110358107819251,-0.0033521574984779,0.0037723266855522,-0.0007191942989357,0.0118003608279118,0.0129957902004949,0.0054077114053645
2024-09-16,214.71046447753903,426.3529052734375,116.73369598388672,226.77999877929688,200.37733459472656,37.78988265991211,26.716270446777344,106.3975830078125,79.30535888671875,40.14348602294922,5633.08984375,-0.0277752827558456,0.0017418065111955,-0.0194793996725941,-0.0152416284214086,0.0173257744658992,0.011643035021728,0.0273317379044091,0.0140349639798658,-0.0004964482746186,0.0128291625914647,0.0012566297656613
2024-09-17,215.17697143554688,430.1188659667969,115.54417419433594,227.8699951171875,201.7172698974609,38.22480010986328,26.50303840637207,107.78526306152344,77.37589263916016,39.32278060913086,5634.580078125,0.0021727257641728,0.0088329659462367,-0.0101900464945012,0.0048064041968332,0.0066870602178856,0.0115088330351589,-0.0079813550633895,0.0130424020403643,-0.0243295821952547,-0.0204442985681208,0.0002645500810987
2024-09-18,219.0479736328125,425.8290100097656,113.32505798339844,227.1999969482422,200.0592041015625,38.29245376586914,26.431961059570312,108.1628646850586,77.79918670654297,39.14436340332031,5618.259765625,0.0179898535212219,-0.0099736521609875,-0.0192057819133756,-0.0029402649901351,-0.008219751321943,0.0017698890723145,-0.0026818565370477,0.0035032769119802,0.0054706195036331,-0.0045372479526312,-0.002896455862498
2024-09-19,227.1670684814453,433.617919921875,117.8232650756836,243.9199981689453,202.90301513671875,39.50057220458984,26.35199737548828,109.50333404541016,76.82461547851562,39.1978874206543,5713.64013671875,0.0370653730047407,0.0182911678843362,0.0396929608714087,0.0735915556570718,0.014214847289468,0.0315497786093175,-0.0030252649019048,0.0123930645166865,-0.012526753418431,0.0013673492855792,0.0169768531667633
2024-09-20,226.5020751953125,430.2374572753906,115.95401763916016,238.25,203.4910430908203,38.920677185058594,26.138765335083008,108.81421661376952,77.82872009277344,39.54580307006836,5702.5498046875,-0.0029273313714797,-0.0077959477484081,-0.0158648415940835,-0.0232453190042176,0.0028980740069601,-0.0146806739033481,-0.0080916841849572,-0.0062931182657404,0.0130700896841926,0.0088758775614712,-0.0019410273951238
2024-09-23,224.7849273681641,428.497802734375,116.2139129638672,250.0,203.82843017578125,38.53408050537109,26.04103279113769,110.78716278076172,79.07894897460938,39.48334884643555,5718.56982421875,-0.0075811571512874,-0.00404347532182,0.002241365413623,0.0493179433368311,0.0016579947688919,-0.0099329381616185,-0.0037389885364684,0.0181313272143019,0.0160638499559755,-0.0015792882881188,0.0028092730585327
2024-09-24,225.67823791503903,424.2080078125,120.82208251953124,254.2700042724609,203.9730529785156,38.128150939941406,26.2098445892334,110.49453735351562,79.41365814208984,39.84019088745117,5732.93017578125,0.0039740678226696,-0.0100112413517654,0.0396524773853608,0.0170800170898437,0.0007095320442276,-0.0105343000301538,0.0064825308369933,-0.0026413297344312,0.0042325950435675,0.0090377855840826,0.002511178844347
2024-09-25,224.6856689453125,427.114013671875,123.4610366821289,257.0199890136719,202.6234436035156,37.93485641479492,25.70341682434082,108.34221649169922,80.13229370117188,39.74205780029297,5722.259765625,-0.0043981598708697,0.0068504266912836,0.021841654336417,0.0108152149093616,-0.0066166062393651,-0.0050696013413017,-0.0193220437903935,-0.0194789798063074,0.0090492690538976,-0.0024631680966447,-0.0018612489301417
2024-09-26,225.8271331787109,426.3232421875,123.99082946777344,254.22000122070312,202.22817993164065,38.19580841064453,25.738956451416016,106.48255157470705,78.67533874511719,39.804500579833984,5745.3701171875,0.0050802716468589,-0.0018514294990622,0.0042911739596724,-0.0108940468160233,-0.0019507302059695,0.0068789504037198,0.0013826810387924,-0.0171647302151571,-0.0181818701145376,0.0015712014675937,0.0040386757171231
2024-09-27,226.09510803222656,423.0712890625,121.35187530517578,260.4599914550781,202.9222869873047,38.07983016967773,25.84556770324707,109.33341217041016,78.53752136230469,40.04536056518555,5738.169921875,0.0011866370960109,-0.0076279048458957,-0.0212834624457735,0.0245456305735665,0.0034322964084365,-0.0030364127843536,0.0041420192008285,0.026773030449998,-0.0017517227762944,0.0060510741710848,-0.0012532169669905
2024-09-30,231.266357421875,425.324951171875,121.39186096191406,261.6300048828125,203.2693023681641,38.35044479370117,25.71230125427246,110.6550064086914,79.49241638183594,40.06320190429688,5762.47998046875,0.0228720091940748,0.0053269086502394,0.0003295017620266,0.0044921042237542,0.0017100900350148,0.0071065081650214,-0.005156259305454,0.0120877434632824,0.0121584562762833,0.0004455282424613,0.0042365525811767
2024-10-01,224.52688598632807,415.8260192871094,116.95361328125,258.0199890136719,199.58680725097656,37.905860900878906,25.472412109375,113.21322631835938,80.00430297851562,40.33082580566406,5708.75,-0.0291415989367308,-0.022333352084315,-0.0365613282924836,-0.0137981722347083,-0.018116336673984,-0.0115926658794655,-0.0093297423099225,0.0231188808594839,0.0064394393827567,0.0066800427486171,-0.0093241070946643
2024-10-02,225.09263610839844,412.3072204589844,118.80288696289062,249.0200042724609,199.8278350830078,37.91551971435547,25.419103622436523,114.71417236328124,79.17739868164062,40.18809509277344,5709.5400390625,0.002519743324213,-0.0084621901105602,0.0158120269203951,-0.0348809593226285,0.0012076340884001,0.0002548105555977,-0.0020927930464369,0.0132576916472739,-0.0103357477796794,-0.0035389980254403,0.0001383909021239
2024-10-03,223.9908905029297,411.7240295410156,122.80130004882812,240.66000366210935,197.84197998046875,37.93485641479492,25.179218292236328,115.71481323242188,79.17739868164062,39.715293884277344,5699.93994140625,-0.0048946319369513,-0.0014144572033435,0.033655857935392,-0.0335716025496675,-0.0099378302412881,0.0005099943396564,-0.0094372065106362,0.0087229053614383,0.0,-0.01176470811579,-0.001681413492255
2024-10-04,225.11251831054688,411.2495727539063,124.87047576904295,250.0800018310547,204.86412048339844,38.76603698730469,25.3924503326416,117.83879852294922,79.67945861816406,39.41198348999024,5751.06982421875,0.0050074706390905,-0.0011523660342055,0.0168497867644079,0.0391423503099883,0.035493682906039,0.0219107346399656,0.008468572690798,0.018355344758334,0.006340950130758,-0.0076371182137261,0.0089702493952743
2024-10-07,220.04049682617188,404.8049621582031,127.66937255859376,240.8300018310547,204.5828399658203,38.62106323242188,25.94330406188965,118.34855651855467,77.86811065673828,39.108680725097656,5695.93994140625,-0.0225310503495769,-0.0156708019233849,0.0224143999797643,-0.0369881635167652,-0.0013730101538249,-0.003739710482407,0.0216936027059952,0.0043258926770726,-0.0227329350981917,-0.0076956990751205,-0.0095860221658826
2024-10-08,224.0901336669922,409.9151916503906,132.83731079101562,244.5,204.4082794189453,38.59206771850586,25.9255313873291,115.20504760742188,78.4686050415039,39.26033401489258,5751.1298828125,0.0184040524323094,0.0126239299660322,0.0404790759823781,0.0152389575262299,-0.0008532511666382,-0.0007507694374317,-0.0006850582531102,-0.0265614469969471,0.0077116855629482,0.0038777398516949,0.0096893474955819
2024-10-09,227.8320770263672,412.6333923339844,132.59742736816406,241.0500030517578,206.9979248046875,38.84335708618164,26.822885513305664,115.25225830078124,79.14786529541016,39.34954452514648,5792.0400390625,0.0166983851459328,0.0066311294115493,-0.001805843715317,-0.0141104169662257,0.0126689848038619,0.0065114253402722,0.0346127573074601,0.0004097970908378,0.0086564588926612,0.0022722809800868,0.0071134119874882
2024-10-10,227.3358154296875,411.0321044921875,134.75656127929688,238.7700042724609,206.43536376953125,38.63072967529297,26.06768798828125,116.24344635009766,78.37017822265625,38.912845611572266,5780.0498046875,-0.0021781901967309,-0.0038806550113151,0.0162833770910038,-0.0094586133600145,-0.0027177134055187,-0.0054739710168952,-0.0281549695557472,0.0086001616274593,-0.0098257491828905,-0.0110979407473227,-0.0020701228399899
2024-10-11,225.8569183349609,411.5065612792969,134.74656677246094,217.8000030517578,215.60101318359372,40.54439163208008,25.90776252746582,116.68712615966795,78.85253143310547,38.95814895629883,5815.02978515625,-0.0065053414127964,0.0011543059092562,-7.416712582342111e-05,-0.0878251071971929,0.0443996088978979,0.049537297712785,-0.0061350074808063,0.0038168156872606,0.006154805582792,0.0011642259519846,0.0060518475879536
2024-10-14,229.5790100097656,414.2939758300781,138.01527404785156,219.16000366210935,214.8153839111328,40.5057258605957,25.83668708801269,117.13080596923828,79.03958129882812,39.13028717041016,5859.85009765625,0.0164798656700193,0.0067736819119377,0.0242581859685546,0.0062442635045709,-0.0036439034346833,-0.0009536651045414,-0.0027434032320536,0.0038023029975322,0.0023721478857192,0.0044185419154392,0.0077076668832223
2024-10-15,232.11004638671875,413.8985595703125,131.54783630371094,219.57000732421875,215.697998046875,40.72801971435547,26.15653419494629,113.60970306396484,80.37840270996094,39.62858963012695,5815.259765625,0.0110246854747109,-0.0009544340078162,-0.0468603043305068,0.0018707960177877,0.0041087100917656,0.0054879612458942,0.0123795711827927,-0.0300612881140609,0.0169386197286531,0.0127344442310559,-0.0076094663324381
2024-10-16,230.05545043945312,411.3088684082031,135.6662139892578,221.3300018310547,216.910400390625,41.36589813232422,26.360883712768555,113.90235137939452,79.955078125,39.78261184692383,5842.47021484375,-0.0088518182614226,-0.0062568257420316,0.031307072782547,0.008015641700267,0.0056208326212028,0.0156619060401779,0.0078125609570149,0.0025759095177364,-0.0052666458985066,0.0038866439162845,0.0046791459565738
2024-10-17,230.42266845703125,411.9019470214844,136.87571716308594,220.88999938964844,217.6669158935547,41.172607421875,26.005495071411133,113.60970306396484,79.63021850585938,39.728248596191406,5841.47021484375,0.001596215246701,0.0014419300404986,0.0089152865570782,-0.0019879927608824,0.0034876866280606,-0.004672706726466,-0.0134816664429683,-0.0025692912559364,-0.0040630267239905,-0.0013665078336636,-0.0001711604789117
2024-10-18,233.25148010253903,413.3253173828125,137.94529724121094,220.6999969482422,218.58831787109372,40.90198516845703,25.961069107055664,113.28874969482422,80.04368591308594,39.85509490966797,5864.669921875,0.0122766204577449,0.0034556048390173,0.0078142427327019,-0.0008601676940163,0.0042330823393925,-0.006572871391045,-0.0017083298831064,-0.002825052442571,0.0051923429947153,0.0031928493693709,0.0039715527389487
2024-10-21,234.7204742431641,413.9381713867188,143.6530303955078,218.8500061035156,216.2896270751953,40.360748291015625,25.70341682434082,113.35482788085938,79.55147552490234,39.59235000610352,5853.97998046875,0.0062978984741244,0.0014827400551868,0.0413767868020635,-0.0083823782071027,-0.0105160734035841,-0.0132325332184316,-0.0099245636476819,0.0005832722685452,-0.0061492718953254,-0.0065925047766154,-0.0018227694906369
2024-10-22,234.10508728027344,422.5671997070313,143.53309631347656,217.97000122070312,217.37594604492188,40.88265609741211,25.623455047607425,113.94009399414062,80.74262237548828,37.5991439819336,5851.2001953125,-0.0026217864669663,0.0208461768370014,-0.0008348872397682,-0.0040210411618459,0.005022519962776,0.0129310735924255,-0.0031109395797399,0.0051631335358419,0.014973284187709,-0.050343210844081,-0.0004748538883844
2024-10-23,229.0430145263672,419.6908264160156,139.50466918945312,213.6499938964844,216.6873016357422,40.92131423950195,25.641223907470703,113.53417205810548,81.9731674194336,38.83130645751953,5797.419921875,-0.021623078817787,-0.0068069014656364,-0.0280661898021439,-0.0198192746709422,-0.003167988094862,0.0009455878306372,0.0006934607308133,-0.003562590847573,0.0152403403275998,0.0327710246855084,-0.0091913234280693
2024-10-24,228.8544464111328,419.8193359375,140.35433959960938,260.4800109863281,218.2100524902344,41.22093200683594,25.44575881958008,112.89227294921876,81.74674224853516,37.92530059814453,5809.85986328125,-0.000823286908026,0.0003062004537526,0.0060906234543474,0.219190350702904,0.007027411588022,0.0073218021684346,-0.0076230794831003,-0.0056537965376468,-0.0027621864327858,-0.0233318407755903,0.0021457720113238
2024-10-25,229.68821716308597,423.1997985839844,141.48388671875,269.19000244140625,215.62042236328125,40.48639678955078,25.27695083618164,112.79786682128906,81.2249984741211,37.49042510986328,5808.1201171875,0.0036432359739049,0.0080521842542946,0.0080478246868811,0.0334382335984133,-0.0118676023281238,-0.0178194713589529,-0.0066340322014113,-0.0008362496870991,-0.0063824411843569,-0.0114666326020504,-0.0002994471699301
2024-10-28,231.66336059570312,421.6578369140625,140.46429443359375,262.510009765625,218.71441650390625,41.191932678222656,25.641223907470703,112.24091339111328,81.46125793457031,37.70785903930664,5823.52001953125,0.0085992370745546,-0.0036435784588774,-0.0072064198178486,-0.0248151588662185,0.014349262962727,0.017426492467069,0.0144112742731468,-0.0049376237855471,0.0029087037843957,0.0057997189630734,0.0026514435020339
2024-10-29,231.93136596679688,426.9558715820313,141.19400024414062,259.5199890136719,216.1926727294922,41.10494995117188,25.28583335876465,110.71163940429688,80.4276123046875,37.445125579833984,5832.919921875,0.0011568742264835,0.0125647722018946,0.0051949558675343,-0.0113901209124279,-0.0115298470705474,-0.0021116447176745,-0.0138601242276313,-0.0136249246430089,-0.012688800248003,-0.0069676047955622,0.0016141272481633
2024-10-30,228.38792419433597,427.5291442871094,139.28475952148438,257.54998779296875,217.6572265625,40.89232635498047,25.33914375305176,110.15469360351562,80.12244415283203,37.39982604980469,5813.669921875,-0.0152779756963453,0.0013426977897126,-0.0135221094335096,-0.0075909421397183,0.0067742991217851,-0.0051727005249729,0.0021083107497674,-0.0050305984427472,-0.0037943206706098,-0.0012097577275503,-0.0033002338893437
2024-10-31,224.22911071777344,401.65185546875,132.70738220214844,249.8500061035156,215.2421417236328,40.418739318847656,25.14368057250977,110.23963928222656,80.67371368408203,38.169921875,5705.4501953125,-0.0182094280651361,-0.060527543359667,-0.0472225198358574,-0.0298970376797018,-0.0110958173868566,-0.011581318020933,-0.007713882617618,0.0007711489717967,0.0068803384255036,0.0205908932348988,-0.0186147008716995
2024-11-01,221.25143432617188,405.6253662109375,135.34632873535156,248.97999572753903,216.2314453125,40.360748291015625,24.95709991455078,108.51213073730467,80.90999603271484,37.4723014831543,5728.7998046875,-0.0132796155774324,0.0098929226594763,0.0198854539168236,-0.0034821306973117,0.0045962355742465,-0.0014347559772847,-0.0074205785991006,-0.0156704843754001,0.0029288641596207,-0.0182767047344317,0.0040925095436261
2024-11-04,220.35813903808597,403.7373962402344,135.99606323242188,242.83999633789065,213.1665496826172,39.94516372680664,24.66390609741211,111.96715545654295,81.16593170166016,37.20050430297852,5712.68994140625,-0.0040374666532964,-0.004654467220182,0.0048005328488869,-0.024660613282231,-0.0141741439384701,-0.0102967507245521,-0.0117479121429381,0.031839985960671,0.0031632144542663,-0.0072532822756552,-0.0028120834782999
2024-11-05,221.7873992919922,406.7027587890625,139.8545379638672,251.44000244140625,214.82508850097656,40.47673034667969,24.868253707885746,112.29755401611328,82.37678527832031,37.3817024230957,5782.759765625,0.0064860787994729,0.0073447804846487,0.0283719590092181,0.0354142902042768,0.0077804834803056,0.0133074087143201,0.0082852898347305,0.0029508524908321,0.014918248965722,0.0048708511756028,0.0122656445452913
2024-11-06,221.0628662109375,415.3219299316406,145.55227661132812,288.5299987792969,239.62564086914065,43.888450622558594,24.30851936340332,114.22329711914062,82.14051818847656,37.29109954833984,5929.0400390625,-0.0032667910051139,0.0211928022525376,0.0407404631298629,0.1475103244422446,0.1154453259682997,0.0842884355198114,-0.0225079875353263,0.0171485756737945,-0.0028681270948544,-0.0024237225402524,0.0252959277864259
2024-11-07,225.7874298095703,420.51123046875,148.8209991455078,296.9100036621094,229.26702880859372,43.2698974609375,24.397363662719727,114.36489868164062,82.54412841796875,36.75656127929688,5973.10009765625,0.0213720362881961,0.012494646112146,0.0224573782717822,0.0290437906570073,-0.0432283123916766,-0.0140937570783863,0.0036548626425252,0.001239690729224,0.0049136557498465,-0.0143342050922913,0.0074312297274883
2024-11-08,225.51914978027344,417.6546936035156,147.5714569091797,321.2200012207031,229.84896850585935,43.61783218383789,24.10863876342773,114.32714080810548,83.50886535644531,36.67502212524414,5995.5400390625,-0.0011881973656511,-0.0067930096945333,-0.0083962763555054,0.081876653729253,0.002538261608264,0.008041034144222,-0.0118342663282582,-0.0003301526427287,0.0116875295307685,-0.0022183564298401,0.0037568333092317
2024-11-11,222.8064727783203,413.1770629882813,145.20240783691406,350.0,232.0894775390625,44.5359992980957,23.6755485534668,113.72298431396484,82.89852142333984,36.63877868652344,6001.35009765625,-0.0120285882799581,-0.0107208914057721,-0.0160535724311755,0.0895959114311899,0.0097477445636047,0.0210502693115965,-0.0179641088080808,-0.005284453803972,-0.007308732198675,-0.0009882322251076,0.0009690634297987
2024-11-12,222.8064727783203,418.1389770507813,148.23118591308594,328.489990234375,232.35134887695312,44.32337188720703,23.63043785095215,113.60970306396484,83.66636657714844,36.6025390625,5983.990234375,0.0,0.0120091711447223,0.0208590072388723,-0.0614571707589285,0.0011283205971566,-0.0047742817998868,-0.0019053709531915,-0.0009961156988921,0.0092624710383846,-0.0009891056777164,-0.0028926596513724
2024-11-13,223.6908264160156,420.2839050292969,146.21200561523438,330.239990234375,233.9031982421875,44.33303451538086,24.10863876342773,114.66698455810548,84.1684341430664,37.27298355102539,5985.3798828125,0.0039691559525525,0.0051297011190971,-0.0136218319067857,0.0053274073853859,0.0066788911393675,0.0002180030029848,0.0202366505221702,0.0093062605184819,0.00600082908411,0.0183168847215922,0.0002322277248243
2024-11-14,226.77114868164065,421.9543762207031,146.70181274414062,311.17999267578125,234.59182739257807,44.36203384399414,23.477052688598636,114.74312591552734,83.15447998046875,37.028358459472656,5949.169921875,0.0137704451942806,0.0039746256552217,0.0033499788669557,-0.0577155950890946,0.0029440775310713,0.0006541246032509,-0.0261975004489758,0.0006640216250151,-0.0120467271717824,-0.0065630670863213,-0.006049734794859
2024-11-15,223.57159423828125,410.2018432617188,141.9237060546875,320.7200012207031,237.9283142089844,45.183555603027344,22.37628173828125,113.55343627929688,82.93790435791016,37.735050201416016,5870.6201171875,-0.0141091777413501,-0.0278526154041761,-0.0325701952830433,0.0306575254497856,0.0142225194009972,0.0185185774376848,-0.0468871014142232,-0.0103682867861409,-0.002604497347701,0.019085149095033,-0.0132034898513612
2024-11-18,226.57241821289065,410.95306396484375,140.09442138671875,338.739990234375,237.65675354003903,45.15455627441406,22.430418014526367,114.50518035888672,82.77055358886719,38.27864837646485,5893.6201171875,0.0134222059149926,0.0018313440455353,-0.0128892115265357,0.0561860468479837,-0.0011413549910955,-0.0006418115667581,0.0024193597881143,0.0083814643640456,-0.0020177839112112,0.0144056566016821,0.003917814394541
2024-11-19,226.8307647705078,412.9595642089844,146.95172119140625,346.0,235.77513122558597,44.854942321777344,22.64696311950684,112.9062271118164,85.25130462646484,37.98871994018555,5916.97998046875,0.0011402383381653,0.0048825533134662,0.0489477006779486,0.0214323964542886,-0.0079173946728851,-0.006635298347655,0.0096540824535786,-0.0139640254009365,0.0299714201492464,-0.0075741555299418,0.00396358482847
2024-11-20,227.5461883544922,410.6860961914063,145.83216857910156,342.0299987792969,233.5346221923828,44.51667404174805,22.50260162353516,114.5146942138672,85.822265625,38.25146484375,5917.10986328125,0.0031539971427958,-0.0055053041862169,-0.0076185062905554,-0.0114739919673501,-0.00950273687287,-0.0075413825661094,-0.0063744306558849,0.0142460442014225,0.0066973872251794,0.0069163926549289,2.195086225209586e-05
2024-11-21,227.0692443847656,408.9132995605469,146.6118621826172,339.6400146484375,237.39483642578125,44.90326690673828,22.674028396606445,116.0470199584961,87.01342010498047,38.50514221191406,5948.7099609375,-0.0020960314614612,-0.0043166706818172,0.0053465131260987,-0.006987644766217,0.0165295158257881,0.0086842261537258,0.0076180868301021,0.0133810403559837,0.0138793175792539,0.0066318340800877,0.0053404615405816
2024-11-22,228.41065979003903,413.0037231445313,141.89373779296875,352.5599975585937,241.07081604003903,45.425174713134766,23.143211364746094,115.91376495361328,89.031494140625,39.09404754638672,5969.33984375,0.0059075169290669,0.0100031561418529,-0.032181054925635,0.0380402259831773,0.0154846654190266,0.011622936199285,0.0206925280295524,-0.0011482845912843,0.0231926757184093,0.0152941997001752,0.0034679590949915
2024-11-25,231.3916473388672,414.776611328125,135.96609497070312,338.5899963378906,242.7584686279297,45.90842056274414,23.61239051818848,114.18158721923828,88.10613250732422,39.84603118896485,5987.3701171875,0.013051000122185,0.0042926687684441,-0.0417752249991074,-0.0396244648214275,0.007000650744926,0.0106382826849016,0.0202728630028019,-0.014943675887572,-0.0103936437575581,0.0192352465342933,0.0030204803059383
2024-11-26,233.56771850585935,423.8883972167969,136.86572265625,338.2300109863281,242.44808959960935,46.15004348754883,23.251483917236328,112.27809143066406,89.88795471191406,40.19937133789063,6021.6298828125,0.009404277086136,0.0219679356063393,0.0066165589718578,-0.0010631895668981,-0.0012785507754872,0.0052631504600437,-0.0152846278175073,-0.0166707770922762,0.020223588913538,0.0088676372121003,0.0057220056476303
2024-11-27,233.4385528564453,418.9363098144531,135.2863311767578,332.8900146484375,242.27349853515625,46.16937255859375,23.30561828613281,111.98303985595705,90.4490737915039,40.20843124389648,5998.740234375,-0.0005530115644418,-0.0116825264264334,-0.0115397153417219,-0.0157880618645235,-0.000720117303219,0.0004188310472585,0.0023282113558502,-0.002627864180335,0.0062424279358475,0.0002253743206501,-0.00380123801744
2024-11-29,235.8233337402344,419.40185546875,138.19520568847656,345.1600036621094,242.2056121826172,45.918087005615234,23.648481369018555,112.26856994628906,91.05941009521484,40.17219543457031,6032.3798828125,0.0102158827434799,0.0011112563971908,0.0215016142903465,0.0368589878751097,-0.0002802054411626,-0.0054426893642448,0.0147116063893379,0.0025497619166197,0.0067478447056057,-0.0009011992809757,0.0056077854888152
2024-12-02,238.06895446777344,426.8497619628906,138.57504272460938,357.0899963378906,238.84002685546875,45.46383666992188,23.29659843444824,112.16387939453124,91.19722747802734,39.728248596191406,6047.14990234375,0.0095224704524474,0.0177584013924219,0.0027485543672842,0.034563659025395,-0.013895571191847,-0.0098926232627636,-0.0148797264855793,-0.0009325009823133,0.0015134886407499,-0.0110510972471489,0.0024484564662998
2024-12-03,241.1095428466797,427.0676879882813,140.20440673828125,351.4200134277344,237.45306396484372,45.25120162963867,23.06200790405273,111.99256134033205,92.0536880493164,39.71013259887695,6049.8798828125,0.012771881095138,0.0005105450320237,0.0117579903396451,-0.0158783022999925,-0.0058070789426947,-0.0046770148728755,-0.0100697331868253,-0.0015273905924436,0.0093913005359227,-0.0004559978844924,0.0004514491145146
2024-12-04,241.46725463867188,433.22802734375,145.0824737548828,357.92999267578125,236.0757751464844,44.8162841796875,22.764257431030277,108.76612854003906,92.97903442382812,38.52326965332031,6086.490234375,0.0014836069438348,0.0144247376440189,0.0347925370541841,0.0185247823097747,-0.0058002570923373,-0.0096111801297738,-0.0129108651016518,-0.0288093491360398,0.0100522466195593,-0.0298881637476629,0.0060514179242647
2024-12-05,241.4970550537109,438.3782348632813,145.01248168945312,369.489990234375,238.09320068359372,45.425174713134766,23.18832397460937,109.2419891357422,93.8158187866211,38.55044555664063,6075.10986328125,0.0001234138976053,0.0118879832200811,-0.0004824295010845,0.0322968116535151,0.0085456694396428,0.0135863680934806,0.0186286130730994,0.0043750807543725,0.0089997101817451,0.0007054412453793,-0.0018697756269248
2024-12-06,241.2983245849609,439.3191223144531,142.3933563232422,389.2200012207031,239.9166412353516,45.43489456176758,23.21539306640625,108.09038543701172,94.2095718383789,38.38736724853516,6090.27001953125,-0.000822910526614,0.0021462914358996,-0.0180613788254437,0.053397958017247,0.0076585158522903,0.000213974931174,0.0011673587028764,-0.0105417679396108,0.0041970859163249,-0.00423025741339,0.0024954538421815
2024-12-09,245.1835021972656,441.7456359863281,138.7645263671875,389.7900085449219,236.4734649658203,44.61852264404297,23.54923248291016,107.45270538330078,92.36870574951172,38.37830352783203,6052.85009765625,0.016101137954386,0.0055233509051266,-0.0254845454152861,0.0014644862094215,-0.0143515524884062,-0.0179679500876748,0.0143800889155303,-0.0058995076308848,-0.0195401173463062,-0.000236112068964,-0.0061442139272964
2024-12-10,246.1970367431641,439.0813903808594,135.0257568359375,400.989990234375,235.5520477294922,44.4630241394043,23.071029663085938,107.23379516601562,93.07749938964844,38.32394790649414,6034.91015625,0.0041337795439557,-0.0060311758361122,-0.0269432658989284,0.0287333729544849,-0.0038964931497126,-0.0034850661883004,-0.0203065140306062,-0.0020372704112406,0.0076735257291451,-0.001416311205587,-0.0029638833139443
2024-12-11,244.92518615722656,444.6871643066406,139.2643585205078,424.7699890136719,236.20187377929688,44.78374099731445,22.764257431030277,106.51998901367188,93.4811019897461,38.043087005615234,6084.18994140625,-0.0051659865722281,0.0127670496827907,0.031391060371692,0.0593032229193493,0.0027587365767711,0.0072131139102149,-0.0132968591578078,-0.0066565409835459,0.0043361994332062,-0.0073286004240527,0.0081657860482335
2024-12-12,246.3858337402344,445.2516784667969,137.29501342773438,418.1000061035156,234.26205444335935,44.78374099731445,22.89057731628418,106.4248046875,92.62464904785156,38.12462615966797,6051.25,0.0059636479446021,0.0012694635812942,-0.0141410560009396,-0.015702575706076,-0.0082125484650052,0.0,0.0055490448408703,-0.0008935818249066,-0.0091617762699083,0.0021433369495145,-0.0054140225278102
2024-12-13,246.5547332763672,442.983642578125,134.20602416992188,436.2300109863281,232.71990966796875,44.3852767944336,23.08005142211914,105.49209594726562,92.98773193359376,38.30582427978516,6051.08984375,0.000685508308529,-0.0050938289474432,-0.022498918064773,0.0433628429039625,-0.0065829900580994,-0.0088975193676817,0.0082773843235561,-0.0087640164618871,0.0039199380453751,0.0047527841809733,-2.646663912420077e-05
2024-12-16,249.4462738037109,447.2622680664063,131.9567413330078,463.0199890136719,232.3707275390625,44.19090270996094,22.782304763793945,103.2364501953125,93.59942626953124,37.03742980957031,6074.080078125,0.0117277834780098,0.0096586534513556,-0.0167599245326438,0.0614125056796777,-0.0015004394312649,-0.0043792468699224,-0.0129006063669271,-0.0213821304022692,0.0065782262156293,-0.0331123137032769,0.0037993543260221
2024-12-17,251.87078857421875,450.104736328125,130.3472900390625,479.8599853515625,231.18746948242188,43.78271484375,23.846981048583984,102.79864501953124,94.14205932617188,36.94681930541992,6050.60986328125,0.0097195870418802,0.0063552605812406,-0.0121968099370056,0.0363699121797382,-0.0050921132329015,-0.0092369207501825,0.0467325977695656,-0.0042408003660817,0.0057973972519667,-0.0024464576677234,-0.0038639949658014
2024-12-18,246.47525024414065,433.1983337402344,128.86778259277344,440.1300048828125,223.4378662109375,42.27631378173828,23.359758377075195,101.2853546142578,92.29710388183594,36.45758056640625,5872.16015625,-0.0214218503091246,-0.0375610412940998,-0.0113505040714362,-0.0827949436951747,-0.0335208620468663,-0.0344062963520581,-0.0204312097416506,-0.0147209178193536,-0.0195975683721104,-0.0132417011318184,-0.0294928463516034
2024-12-19,248.2041931152344,432.841796875,130.6371612548828,436.1700134277344,225.949951171875,42.1596908569336,23.251483917236328,100.41926574707033,92.1491241455078,36.21295928955078,5867.080078125,0.0070146713285865,-0.0008230337872171,0.0137301862925713,-0.0089973221801419,0.0112428793003507,-0.0027585878325809,-0.0046350847509246,-0.008550978278014,-0.0016032977212111,-0.006709750703558,-0.000865112324907
2024-12-20,252.8743896484375,432.4159240722656,134.65586853027344,421.05999755859375,230.4503173828125,42.92746353149414,23.78382110595703,100.76189422607422,91.00464630126952,36.176719665527344,5930.85009765625,0.0188159453496212,-0.0009838994427272,0.0307623591693777,-0.0346424912395865,0.0199175356648524,0.0182110603506542,0.0228947619264026,0.0034119795285785,-0.0124198450593094,-0.0010007363312585,0.0108691237689104
2024-12-23,253.64942932128903,431.0788879394531,139.62425231933594,430.6000061035156,231.216552734375,42.65534591674805,24.0996150970459,101.171142578125,89.13996887207031,36.18577194213867,5974.06982421875,0.0030649195987344,-0.0030920140965693,0.0368968975752104,0.0226571239258943,0.0033249481287962,-0.0063390098636144,0.0132776810623491,0.0040615388902134,-0.0204899145811326,0.0002502238095387,0.0072872734685336
2024-12-24,256.5608215332031,435.1197509765625,140.174072265625,462.2799987792969,235.01858520507807,43.131568908691406,24.126684188842773,101.26631927490234,91.43875885009766,36.05893707275391,6040.0400390625,0.0114780160148766,0.0093738365532689,0.0039378541847554,0.0735717422822457,0.0164435998449943,0.0111644386350264,0.0011232167687271,0.0009407494504063,0.0257885436478719,-0.003505103320376,0.0110427592553921
2024-12-26,257.37554931640625,433.9114074707031,139.88417053222656,454.1300048828125,235.82362365722656,43.296783447265625,23.964275360107425,101.35198211669922,91.54728698730467,36.20389938354492,6037.58984375,0.0031755736450107,-0.0027770366735764,-0.0020681551781494,-0.0176299946309711,0.0034254246379963,0.0038304782959315,-0.0067315022430829,0.0008459164153515,0.0011868942511013,0.0040201493044158,-0.0004056587864739
2024-12-27,253.9673767089844,426.404052734375,136.96511840820312,431.6600036621094,233.91287231445312,43.09268569946289,24.01841354370117,101.34247589111328,90.4324188232422,36.16765213012695,5970.83984375,-0.0132420216934903,-0.0173015841645854,-0.020867637223834,-0.0494792261667481,-0.0081024594276897,-0.0047139240274354,0.0022591204107036,-9.379417538168956e-05,-0.0121780579277797,-0.0010011974962687,-0.0110557361012355
2024-12-30,250.59890747070312,420.7586975097656,137.4449462890625,417.4100036621094,232.1185607910156,42.67478561401367,23.83796119689941,100.6572036743164,89.35700988769531,35.87773513793945,5906.93994140625,-0.0132633934402571,-0.0132394502078667,0.0035032852629626,-0.0330120925707874,-0.0076708541333518,-0.0096977034191774,-0.0075130835129234,-0.0067619446907253,-0.0118918519435918,-0.008015919616358,-0.0107019957017667
2024-12-31,248.8302154541016,417.4606018066406,134.2460174560547,403.8399963378906,232.4968414306641,42.71365737915039,23.93721008300781,102.37986755371094,89.13996887207031,36.2310791015625,5881.6298828125,-0.0070578600459713,-0.0078384492647319,-0.0232742557611401,-0.0325100194177511,0.0016296871665901,0.0009108836653171,0.0041634804792496,0.0171141638800966,-0.0024289198564027,0.0098485582287883,-0.0042848003949274
