Date,AAPL,MSFT,NVDA,TSLA,JPM,BAC,PFE,XOM,WMT,VZ,^GSPC
2020-01-02,72.33386993408203,151.82957458496094,5.963804244995117,28.68400001525879,118.43030548095705,30.4294490814209,27.048364639282227,52.947021484375,36.289947509765625,41.97882461547852,3257.85009765625
2020-01-03,71.63064575195312,149.93902587890625,5.868346691131592,29.53400039672852,116.8674774169922,29.79763984680176,26.903240203857425,52.52135848999024,35.96958923339844,41.53187561035156,3234.85009765625
2020-01-06,72.20140838623047,150.3265838623047,5.892956733703613,30.1026668548584,116.7745132446289,29.754959106445312,26.868688583374023,52.92462921142578,35.896366119384766,41.44247817993164,3246.280029296875
2020-01-07,71.8618392944336,148.95594787597656,5.964301109313965,31.270666122436523,114.789306640625,29.55857276916504,26.77884292602539,52.49149703979492,35.56378555297852,40.981781005859375,3237.179931640625
2020-01-08,73.01782989501953,151.32855224609375,5.975486755371094,32.80933380126953,115.684814453125,29.857406616210938,26.993078231811523,51.69990158081055,35.44174575805664,41.05741500854492,3253.050048828125
2020-01-09,74.56880187988281,153.21910095214844,6.04111385345459,32.089332580566406,116.10716247558594,29.908641815185547,26.87560272216797,52.09569549560547,35.80788803100586,40.887203216552734,3274.699951171875
2020-01-10,74.73735809326172,152.5101318359375,6.073429584503174,31.87666702270508,114.94984436035156,29.661027908325195,27.29023551940918,51.63268661499024,35.50886917114258,40.98446273803711,3265.35009765625
2020-01-13,76.33409118652344,154.34396362304688,6.263845920562744,34.990665435791016,115.9043960571289,29.93424797058105,27.23495483398437,52.12556838989258,35.356319427490234,41.09563827514648,3288.1298828125
2020-01-14,75.30333709716797,153.25689697265625,6.147010803222656,35.861331939697266,117.2560577392578,30.156238555908203,27.69105339050293,51.67749786376953,35.447853088378906,41.01920700073242,3283.14990234375
2020-01-15,74.98062896728516,154.24942016601562,6.104503154754639,34.56666564941406,115.49894714355467,29.601261138916016,28.105690002441406,51.59535598754883,35.17325210571289,41.06089401245117,3289.2900390625
2020-01-16,75.91986846923828,157.07579040527344,6.188028335571289,34.232666015625,115.94666290283205,29.64395523071289,28.06422996520996,51.39372253417969,35.362422943115234,41.456912994384766,3316.81005859375
2020-01-17,76.76036834716797,157.95494079589844,6.196727752685547,34.03333282470703,116.7492218017578,29.63541603088379,27.9951229095459,51.199554443359375,35.07561492919922,41.7765007019043,3329.6201171875
2020-01-21,76.24018096923828,157.38778686523438,6.163416862487793,36.47999954223633,115.60028839111328,29.251209259033203,27.87763786315918,50.46771240234375,35.267826080322266,41.90851593017578,3320.7900390625
2020-01-22,76.51231384277344,156.63150024414062,6.217361927032471,37.97066879272461,115.4651336669922,29.336593627929688,27.77398109436035,50.17646026611328,35.42343521118164,42.019676208496094,3321.75
2020-01-23,76.88077545166016,157.59571838378906,6.2857208251953125,38.14666748046875,115.34685516357422,29.13167381286621,28.13333511352539,49.86281204223633,35.3349494934082,42.04050827026367,3325.5400390625
2020-01-24,76.65921020507812,156.0076446533203,6.226558685302734,37.654666900634766,112.48304748535156,28.636472702026367,27.518291473388672,49.526763916015625,34.89559555053711,41.88071823120117,3295.469970703125
2020-01-27,74.40502166748047,153.39866638183594,5.971012592315674,37.20133209228516,111.5368881225586,28.04735374450684,27.75324821472168,48.34684371948242,35.350215911865234,41.6236457824707,3243.6298828125
2020-01-28,76.50989532470703,156.4046630859375,6.164163112640381,37.79333114624024,113.5643539428711,28.38032913208008,26.3572998046875,48.27963638305664,35.57600021362305,42.17251968383789,3276.239990234375
2020-01-29,78.1114273071289,158.84347534179688,6.103756427764893,38.732666015625,113.3954086303711,28.183956146240234,25.97030067443848,47.87636566162109,35.35935974121094,41.35963821411133,3273.39990234375
2020-01-30,77.99822998046875,163.32403564453125,6.11046838760376,42.72066879272461,114.79774475097656,28.585241317749023,25.87954330444336,48.38417816162109,35.56989288330078,41.24153137207031,3283.659912109375
2020-01-31,74.5398941040039,160.9136199951172,5.877295970916748,43.37133407592773,111.81565856933594,28.0302734375,25.99822425842285,46.390254974365234,34.93221664428711,41.29711151123047,3225.52001953125
2020-02-03,74.3351821899414,164.8365020751953,5.974245548248291,52.0,112.66889190673828,28.149805068969727,26.18671417236328,45.35222625732422,34.86508560180664,40.33137893676758,3248.919921875
2020-02-04,76.7892837524414,170.26234436035156,6.143282413482666,59.137332916259766,114.2908935546875,28.70478057861328,26.312379837036133,44.78467178344727,35.170188903808594,40.49812698364258,3297.590087890625
2020-02-05,77.41542053222656,170.0543975830078,6.233517646789551,48.97999954223633,116.23385620117188,29.63541603088379,26.647476196289062,46.84579086303711,35.64007568359375,41.08173370361328,3334.68994140625
2020-02-06,78.32096099853516,173.58030700683594,6.320274829864502,49.93066787719727,116.25077056884766,29.601261138916016,26.710309982299805,46.21103286743164,35.487525939941406,41.29711151123047,3345.780029296875
2020-02-07,77.25635528564453,173.82598876953125,6.254150390625,49.87133407592773,115.87905883789062,29.55003929138184,26.563705444335938,45.90485000610352,35.53022384643555,41.644493103027344,3327.7099609375
2020-02-10,77.62330627441406,178.37281799316406,6.537041187286377,51.41866683959961,116.36060333251952,29.618349075317383,26.396146774291992,45.42005157470703,35.164093017578125,41.85293197631836,3352.090087890625
2020-02-11,77.15496826171875,174.34593200683594,6.659343719482422,51.62533187866211,116.58024597167967,29.68665313720703,26.59162712097168,45.851829528808594,35.20986557006836,40.77603149414063,3357.75
2020-02-12,78.98722076416016,174.60118103027344,6.774935722351074,51.15266799926758,116.58024597167967,29.814722061157227,26.34728240966797,46.412384033203125,35.34716033935547,40.45644378662109,3379.449951171875
2020-02-13,78.42476654052734,173.6558837890625,6.731185436248779,53.59999847412109,116.47887420654295,29.80617904663086,25.781801223754883,46.15483474731445,35.832298278808594,40.74824905395508,3373.93994140625
2020-02-14,78.4440689086914,175.20614624023438,7.203744411468506,53.33533477783203,116.1240692138672,29.754959106445312,25.488588333129883,45.94272994995117,35.96958923339844,40.650970458984375,3380.159912109375
2020-02-18,77.0077133178711,176.98321533203125,7.372285842895508,57.22666549682617,114.5865707397461,29.259748458862305,25.35594367980957,45.35945510864258,36.500484466552734,40.23411178588867,3370.2900390625
2020-02-19,78.12299346923828,177.51400756835938,7.822970390319824,61.16133117675781,116.14939880371094,29.64395523071289,25.29311752319336,45.70789337158203,35.90552520751953,40.449501037597656,3386.14990234375
2020-02-20,77.321533203125,174.80319213867188,7.673821449279785,59.96066665649414,116.14939880371094,29.754959106445312,25.02782821655273,45.34430313110352,35.90857696533203,40.35917282104492,3373.22998046875
2020-02-21,75.57135772705078,169.2771759033203,7.310140609741211,60.06666564941406,114.73017120361328,29.336593627929688,24.93707275390625,44.791316986083984,36.18012237548828,40.43559646606445,3337.75
2020-02-24,71.981689453125,161.9787139892578,6.793331146240234,55.58599853515625,111.646728515625,27.94489288330078,24.20404052734375,42.69303512573242,35.49055862426758,40.28969192504883,3225.889892578125
2020-02-25,69.54351806640625,159.30580139160156,6.514171123504639,53.32733154296875,106.6624755859375,26.53611946105957,23.68742561340332,41.05681610107422,34.90169906616211,39.68524932861328,3128.2099609375
2020-02-26,70.646728515625,161.2962646484375,6.653379440307617,51.91999816894531,106.98348999023438,26.15190696716309,24.23894500732422,40.1553840637207,34.71558380126953,39.69914245605469,3116.389892578125
2020-02-27,66.02867126464844,149.93148803710938,6.283013820648193,45.26666641235352,102.53148651123048,24.871213912963867,23.806102752685547,37.73892974853516,33.6843147277832,38.25402069091797,2978.760009765625
2020-02-28,65.99005126953125,153.56175231933594,6.717551231384277,44.53266525268555,98.0879135131836,24.33331680297852,23.331378936767575,38.966102600097656,32.854400634765625,37.62873077392578,2954.219970703125
2020-03-02,72.13377380371094,163.77964782714844,6.875746250152588,49.574668884277344,102.658203125,25.076128005981445,24.35064697265625,40.81441879272461,35.356319427490234,39.82419967651367,3090.22998046875
2020-03-03,69.84288024902344,155.931396484375,6.613582134246826,49.70066833496094,98.80598449707033,23.692970275878903,23.94573402404785,38.86004638671875,34.45014190673828,38.69867706298828,3003.3701171875
2020-03-04,73.0824966430664,161.6564483642578,7.076724052429199,49.96666717529297,101.2474136352539,24.239398956298828,25.41179656982422,39.70845031738281,35.627864837646484,40.3800048828125,3130.1201171875
2020-03-05,70.7119369506836,157.59963989257812,6.797643661499023,48.30266571044922,96.28009033203124,23.01067352294922,24.755558013916016,37.95862579345703,35.3685188293457,39.71303939819336,3023.93994140625
2020-03-06,69.77288055419922,153.14476013183594,6.617311954498291,46.89866638183594,91.3042984008789,22.091279983520508,24.448381423950195,36.12545394897461,35.76821517944336,39.51155471801758,2972.3701171875
2020-03-09,64.25436401367188,142.7657012939453,6.104920864105225,40.53333282470703,78.93665313720703,18.84331512451172,23.568744659423828,31.709197998046875,35.74685287475586,38.78899765014648,2746.56005859375
2020-03-10,68.88208770751953,152.528564453125,6.4939398765563965,43.02199935913086,85.06978607177734,20.28685760498047,24.1481876373291,32.88332748413086,36.549312591552734,39.26839065551758,2882.22998046875
2020-03-11,66.48977661132812,145.6187744140625,6.130539894104004,42.28200149536133,81.06552124023438,19.479162216186523,22.45872688293457,31.800094604492188,34.91389846801758,38.09421920776367,2741.3798828125
2020-03-12,59.92359161376953,131.80853271484375,5.38036060333252,37.369998931884766,74.38324737548828,17.62318992614746,20.957752227783203,28.164066314697266,31.74684715270996,35.572208404541016,2480.639892578125
2020-03-13,67.10292053222656,150.547607421875,5.990501880645752,36.44133377075195,87.78154754638672,20.75944328308105,22.83571434020996,28.876117706298828,34.813209533691406,37.63567352294922,2711.02001953125
2020-03-16,58.4703483581543,128.3583221435547,4.885130882263184,29.67133331298828,74.64514923095703,17.563037872314453,21.0694522857666,26.12638092041016,32.573692321777344,35.42631149291992,2386.1298828125
2020-03-17,61.041290283203125,138.92694091796875,5.404237270355225,28.68000030517578,79.20700073242188,18.88628196716309,22.451744079589844,27.8837890625,36.38758850097656,37.73294448852539,2529.18994140625
2020-03-18,59.547000885009766,133.07864379882812,5.044816493988037,24.08133316040039,70.86895751953125,17.8637752532959,22.59136962890625,25.088592529296875,37.40055847167969,37.73988342285156,2398.10009765625
2020-03-19,59.09075546264648,135.26821899414062,5.297282695770264,28.50933265686035,72.06011199951172,18.216068267822266,21.237001419067383,26.08092498779297,36.6068229675293,37.253543853759766,2409.389892578125
2020-03-20,55.339351654052734,130.18771362304688,5.117697715759277,28.50200080871582,70.53950500488281,16.90142059326172,20.252647399902344,24.800743103027344,34.92741775512695,35.98906326293945,2304.919921875
2020-03-23,54.16370391845703,128.88914489746094,5.290317058563232,28.952667236328125,66.76329803466797,15.535211563110352,19.889617919921875,23.823558807373047,35.02241897583008,34.953861236572266,2237.39990234375
2020-03-24,59.597694396972656,140.60459899902344,6.197947025299072,33.66666793823242,74.70429229736328,18.069997787475582,20.734350204467773,26.84601211547852,35.25226593017578,34.731536865234375,2447.330078125
2020-03-25,59.26939392089844,139.25865173339844,6.109397888183594,35.95000076293945,77.49208068847656,18.130142211914062,20.76926040649414,28.24738883972168,33.52688980102539,34.69679260253906,2475.56005859375
2020-03-26,62.38832092285156,147.96942138671875,6.39842700958252,35.21066665649414,82.89024353027344,19.52212905883789,22.165512084960938,29.4063777923584,33.65559387207031,37.19796371459961,2630.070068359375
2020-03-27,59.80531311035156,141.8936767578125,6.286247253417969,34.29066848754883,76.98521423339844,18.559764862060547,21.572101593017575,27.98984146118164,33.58204650878906,36.66299057006836,2541.469970703125
2020-03-30,61.51203155517578,151.8745880126953,6.606119155883789,33.47533416748047,78.98735809326172,18.93783950805664,22.807785034179688,28.406476974487305,35.301292419433594,38.05253219604492,2626.64990234375
2020-03-31,61.38650131225586,149.4860076904297,6.556621074676514,34.93333435058594,76.05596160888672,18.241846084594727,22.786842346191406,28.762500762939453,34.82015609741211,37.32997131347656,2584.590087890625
2020-04-01,58.15651321411133,144.177978515625,6.045970916748047,32.104000091552734,71.26602935791016,16.987342834472656,22.165512084960938,28.42919540405273,34.97950744628906,36.7672119140625,2470.5
2020-04-02,59.12696075439453,147.1637420654297,6.354400634765625,30.29800033569336,73.92709350585938,17.67473793029785,22.947412490844727,30.60323715209961,36.36165618896485,38.386024475097656,2526.89990234375
2020-04-03,58.27721786499024,145.808349609375,6.066864490509033,32.000667572021484,71.74195861816406,17.21074867248535,23.484973907470703,29.70180320739746,36.616024017333984,38.003902435302734,2488.64990234375
2020-04-06,63.36118316650391,156.65182495117188,6.676013946533203,34.41600036621094,76.35974884033203,18.37932586669922,24.13422966003418,30.65627098083496,38.63560485839844,39.39344024658203,2663.679931640625
2020-04-07,62.6273078918457,154.96461486816406,6.442949295043945,36.36333465576172,77.366943359375,19.023757934570312,23.464025497436523,31.239540100097656,37.38524627685547,39.587982177734375,2659.409912109375
2020-04-08,64.23023223876953,156.51905822753906,6.639946937561035,36.589332580566406,80.49100494384766,20.14937973022461,24.15516662597656,33.21662902832031,37.33927536010742,40.15768814086914,2749.97998046875
2020-04-09,64.69371795654297,156.52853393554688,6.54045295715332,38.20000076293945,87.71214294433594,21.360916137695312,24.706689834594727,32.67123031616211,37.32701110839844,40.336761474609375,2789.820068359375
2020-04-13,65.96351623535156,156.87925720214844,6.712077617645264,43.39666748046875,83.81135559082031,20.553224563598636,24.532154083251957,32.39094161987305,38.39962005615234,39.79603576660156,2761.6298828125
2020-04-14,69.29486846923828,164.64218139648438,7.062793731689453,47.32600021362305,81.51526641845703,20.38996696472168,25.43972396850586,32.14097213745117,39.53353500366211,40.82832717895508,2846.06005859375
2020-04-15,68.66241455078125,162.91709899902344,6.985437870025635,48.65533447265625,77.49495697021484,19.066726684570312,25.111602783203125,30.66383934020996,39.45999526977539,39.97861862182617,2783.360107421875
2020-04-16,69.20796966552734,167.80801391601562,7.3301825523376465,49.68066787719727,74.54165649414062,18.40510368347168,25.04877281188965,29.65635108947754,40.55405807495117,40.49125289916992,2799.550048828125
2020-04-17,68.26890563964844,169.28663635253906,7.270985126495361,50.25933456420898,81.24210357666016,20.003305435180664,25.767841339111328,32.739402770996094,40.48970413208008,41.05304718017578,2874.56005859375
2020-04-20,66.85186767578125,165.93125915527344,7.1399006843566895,49.75733184814453,78.2802505493164,19.333087921142575,25.18839263916016,31.19408226013184,39.79402542114258,40.82130813598633,2823.159912109375
2020-04-21,64.78546905517578,159.06878662109375,6.703621864318848,45.78133392333984,76.00978088378906,18.59412956237793,24.86725807189941,31.027437210083008,39.59788513183594,39.90137481689453,2736.56005859375
2020-04-22,66.6515121459961,164.47158813476562,7.117514133453369,48.80733489990234,76.25731658935547,18.73161506652832,25.307071685791016,31.91371154785156,40.327274322509766,40.722991943359375,2799.31005859375
2020-04-23,66.39321899414062,162.48109436035156,7.064284801483154,47.04199981689453,76.29998016357422,18.79176139831543,25.61425399780273,32.91362762451172,39.389495849609375,40.44210052490234,2797.800048828125
2020-04-24,68.30995178222656,165.4478302001953,7.203080177307129,48.34333419799805,77.42669677734375,19.05813407897949,26.09596061706543,33.125732421875,39.66837692260742,40.68086624145508,2836.739990234375
2020-04-27,68.35823822021484,164.9739532470703,7.389381408691406,53.25,80.76411437988281,20.16655921936035,26.759178161621094,33.2848014831543,39.31900024414063,40.596588134765625,2878.47998046875
2020-04-28,67.25019073486328,160.9550018310547,7.247105121612549,51.27466583251953,81.33602905273438,20.527448654174805,26.465972900390625,34.06502914428711,39.22706985473633,40.61063766479492,2863.389892578125
2020-04-29,69.45901489257812,168.1776580810547,7.423707008361816,53.367332458496094,83.52967071533203,21.292179107666016,26.612579345703125,35.951229095458984,37.87863540649414,40.81427764892578,2939.510009765625
2020-04-30,70.9243392944336,169.86483764648438,7.26999044418335,52.12533187866211,81.73719787597656,20.66492462158203,26.780122756958008,35.2012939453125,37.250396728515625,40.343788146972656,2912.429931640625
2020-05-01,69.78251647949219,165.46681213378906,7.033692836761475,46.75466537475586,79.5947265625,19.83145523071289,26.2774715423584,32.67880630493164,37.67025375366211,39.90839767456055,2830.7099609375
2020-05-04,70.76984405517578,169.51416015625,7.245365142822266,50.74599838256836,78.64729309082031,19.702564239501957,26.26351356506348,33.996856689453125,37.9092903137207,39.49406814575195,2842.739990234375
2020-05-05,71.83203125,171.33399963378906,7.306304931640625,51.2140007019043,78.52777099609375,19.47057342529297,26.88484764099121,33.9589958190918,38.224945068359375,39.68367767333984,2868.43994140625
2020-05-06,72.57313537597656,173.02114868164062,7.407041072845459,52.172000885009766,77.0511245727539,19.20420455932617,26.88484764099121,33.32268524169922,37.78670120239258,39.07272338867188,2848.419921875
2020-05-07,73.32389068603516,174.0259552001953,7.583145141601562,52.00266647338867,77.85348510742188,19.625232696533203,26.05990028381348,33.512062072753906,37.51890563964844,39.03059387207031,2881.18994140625
2020-05-08,75.06912994384766,175.04962158203125,7.772928714752197,54.62799835205078,79.12528228759766,20.252490997314453,26.243209838867188,34.98162078857422,37.84211349487305,40.02777862548828,2929.800048828125
2020-05-11,76.25037384033203,177.00221252441406,8.024643898010254,54.08599853515625,76.79505157470703,19.401832580566406,26.863693237304688,34.648311614990234,38.06679534912109,39.60643005371094,2930.18994140625
2020-05-12,75.37898254394531,172.99276733398438,7.762979984283447,53.96066665649414,74.28557586669922,18.79176139831543,26.34193229675293,34.06916427612305,38.10066223144531,38.94631576538086,2870.1201171875
2020-05-13,74.46881103515625,170.37667846679688,7.740593910217285,52.73066711425781,71.72489929199219,17.93251609802246,26.12335586547852,32.37806701660156,38.07911682128906,38.517948150634766,2820.0
2020-05-14,74.92632293701172,171.1160125732422,7.989824295043945,53.55533218383789,74.70381927490234,18.654281616210938,26.736772537231445,32.66377639770508,37.9898567199707,38.560089111328125,2852.5
2020-05-15,74.48335266113281,173.60887145996094,8.44774341583252,53.27799987792969,73.32105255126953,18.422292709350582,26.62396812438965,32.43212127685547,38.765533447265625,38.41964721679688,2863.699951171875
2020-05-18,76.23827362060547,175.2676544189453,8.70592975616455,54.242000579833984,77.20475769042969,19.702564239501957,26.842538833618164,35.0112419128418,39.29496383666992,39.128902435302734,2953.909912109375
2020-05-19,75.7977294921875,174.05441284179688,8.76089859008789,53.867332458496094,75.68541717529297,19.08390998840332,26.567554473876957,33.930171966552734,38.46080017089844,38.18791198730469,2922.93994140625
2020-05-20,77.2718505859375,176.4686279296875,8.924566268920898,54.37066650390625,77.95589447021484,19.68538475036621,26.532304763793945,35.03440475463867,38.61470413208008,38.103633880615234,2971.610107421875
2020-05-21,76.69576263427734,174.3490447998047,8.730802536010742,55.17333221435547,76.96577453613281,19.67679023742676,26.27142333984375,34.40894317626953,38.47311019897461,37.89997863769531,2948.510009765625
2020-05-22,77.18954467773438,174.42506408691406,8.98052978515625,54.45866775512695,76.36829376220703,19.47057342529297,26.440637588500977,34.43982696533203,38.26995468139648,37.99127960205078,2955.449951171875
2020-05-26,76.66670227050781,172.58111572265625,8.67359447479248,54.5913314819336,81.78840637207031,20.8625545501709,26.43358612060547,35.4514045715332,38.12528991699219,38.1317138671875,2991.77001953125
2020-05-27,77.00074005126953,172.80921936035156,8.482067108154297,54.68199920654297,86.52566528320312,22.32327461242676,26.377182006835938,35.70623016357422,37.70051193237305,38.72160720825195,3036.1298828125
2020-05-28,77.03462982177734,172.4195098876953,8.444011688232422,53.72066879272461,85.2367935180664,21.360916137695312,26.92009162902832,34.77959442138672,38.07296752929688,39.128902435302734,3029.72998046875
2020-05-29,76.95960235595703,174.1779327392578,8.830545425415039,55.66666793823242,83.06021118164062,20.72507095336914,26.927154541015625,35.11163330078125,38.186859130859375,40.29463195800781,3044.31005859375
2020-06-01,77.90605163574219,173.77874755859375,8.76164436340332,59.87333297729492,84.16132354736328,21.14610290527344,25.002269744873047,35.737098693847656,38.15607452392578,39.17103576660156,3055.72998046875
2020-06-02,78.2667007446289,175.75575256347656,8.780549049377441,58.77066802978516,84.44297790527344,21.343730926513672,25.495824813842773,36.532470703125,38.1499137878418,39.60643005371094,3080.820068359375
2020-06-03,78.69756317138672,176.1834716796875,8.725081443786621,58.86399841308594,89.00102233886719,22.331865310668945,25.495824813842773,38.02280807495117,38.00524520874024,39.90839767456055,3122.8701171875
2020-06-04,78.01980590820312,173.86424255371094,8.726079940795898,57.62533187866211,90.85325622558594,23.171152114868164,25.390060424804688,37.914695739746094,37.58661651611328,40.18227005004883,3112.35009765625
2020-06-05,80.24188995361328,177.93238830566406,8.87886905670166,59.04399871826172,94.9417953491211,24.321922302246094,25.375961303710938,40.98802185058594,37.41733169555664,40.54743576049805,3193.929931640625
2020-06-08,80.71630096435547,179.0349578857422,8.764399528503418,63.32799911499024,96.8367156982422,24.69397735595703,25.799015045166016,42.269866943359375,37.318824768066406,40.793216705322266,3232.389892578125
2020-06-09,83.26517486572266,180.40365600585935,9.004286766052246,62.711334228515625,94.35283660888672,24.41709518432617,25.531082153320312,41.327781677246094,37.35268783569336,40.6317024230957,3207.179931640625
2020-06-10,85.40737915039062,187.0951385498047,9.32355785369873,68.336669921875,90.52889251708984,23.01540946960449,25.32660675048828,39.11158752441406,37.2942008972168,40.76512908935547,3190.139892578125
2020-06-11,81.30694580078125,177.04844665527344,8.755691528320312,64.85600280761719,82.97486114501953,20.705217361450195,23.479284286499023,35.65989303588867,36.96484375,39.64154052734375,3002.10009765625
2020-06-12,82.00889587402344,178.4456787109375,8.891311645507812,62.35200119018555,85.2453384399414,21.44067001342773,23.79657745361328,36.42436981201172,36.24149703979492,39.69772338867188,3041.31005859375
2020-06-15,83.02311706542969,179.5862274169922,9.131447792053224,66.05999755859375,86.42323303222656,21.760814666748047,23.521596908569336,36.40119171142578,36.34615707397461,39.43087387084961,3066.590087890625
2020-06-16,85.2234115600586,183.987060546875,9.026684761047363,65.47533416748047,87.11463928222656,22.323217391967773,23.549802780151367,37.21971893310547,36.82942199707031,39.97159576416016,3124.739990234375
2020-06-17,85.10478973388672,184.62384033203125,9.193416595458984,66.11933135986328,84.91243743896484,21.63102531433105,23.6626091003418,36.00737762451172,36.63856506347656,39.78199005126953,3113.489990234375
2020-06-18,85.13871765136719,186.60089111328125,9.175496101379396,66.9306640625,84.45150756835938,21.66563415527344,23.436986923217773,36.2313117980957,36.31844711303711,39.95052337646485,3115.340087890625
2020-06-19,84.65216827392578,185.4887542724609,9.218544960021973,66.72666931152344,83.48699951171875,21.847335815429688,23.56389617919922,35.50545120239258,36.89098358154297,39.43789291381836,3097.739990234375
2020-06-22,86.86698913574219,190.6404571533203,9.482823371887209,66.28800201416016,82.58219909667969,21.302228927612305,23.34532165527344,35.84521484375,37.45426559448242,39.08677291870117,3117.860107421875
2020-06-23,88.72115325927734,191.9141540527344,9.406423568725586,66.78533172607422,83.58940887451172,21.44932174682617,23.1055908203125,36.06142807006836,37.266510009765625,38.58115768432617,3131.2900390625
2020-06-24,87.15504455566406,188.0456085205078,9.192917823791504,64.0566635131836,80.79825592041016,20.601381301879883,22.696643829345703,34.36259460449219,37.02948760986328,37.87189483642578,3050.330078125
2020-06-25,88.31207275390625,190.4218292236328,9.44624137878418,65.73200225830078,83.61503601074219,21.38875961303711,22.788307189941406,34.879966735839844,36.8478889465332,38.11767959594727,3083.760009765625
2020-06-26,85.5986099243164,186.61036682128903,9.112786293029783,63.982666015625,79.0313949584961,20.030332565307617,22.59088516235352,33.683074951171875,36.42002868652344,37.331172943115234,3009.050048828125
2020-06-29,87.57138061523438,188.615966796875,9.157577514648438,67.29000091552734,79.38134765625,20.237985610961918,23.01393318176269,34.22360610961914,36.64780426025391,38.40560150146485,3053.239990234375
2020-06-30,88.30237579345703,193.4349365234375,9.453956604003906,71.98733520507812,80.2861328125,20.549470901489254,23.05623817443848,34.53248977661133,36.86943435668945,38.7145881652832,3100.2900390625
2020-07-01,88.1353530883789,194.56602478027344,9.48605728149414,74.64199829101562,79.603271484375,20.12550544738769,23.789525985717773,33.75257873535156,36.84173202514648,38.39155197143555,3115.860107421875
2020-07-02,88.1353530883789,196.04876708984372,9.5679292678833,80.57733154296875,79.86186218261719,20.15146255493164,24.33244132995605,34.038291931152344,36.69398498535156,38.47582244873047,3130.010009765625
2020-07-06,90.49295806884766,200.26898193359372,9.793880462646484,91.43866729736328,81.8786392211914,20.471607208251957,24.33244132995605,34.27766036987305,36.595489501953125,38.79182815551758,3179.719970703125
2020-07-07,90.21224212646484,197.94029235839844,9.826229095458984,92.65733337402344,79.5688247680664,19.9091911315918,23.994001388549805,33.3896484375,39.07643127441406,38.6513900756836,3145.320068359375
2020-07-08,92.3132781982422,202.29356384277344,10.16889476776123,91.05867004394533,80.4134521484375,19.987062454223636,23.79657745361328,33.31242370605469,38.3038215637207,38.89014053344727,3169.93994140625
2020-07-09,92.71024322509766,203.70977783203125,10.460540771484377,92.9520034790039,78.67245483398438,19.701534271240234,23.59210205078125,31.937915802001957,39.32266616821289,38.30428314208984,3152.050048828125
2020-07-10,92.87242889404295,203.0919189453125,10.43092918395996,102.97666931152344,82.9732437133789,20.78308486938477,23.85298728942871,32.93405532836914,40.22454833984375,38.694862365722656,3185.0400390625
2020-07-13,92.4439697265625,196.81871032714844,10.005898475646973,99.8040008544922,84.1626205444336,20.930177688598636,24.826000213623047,32.9417724609375,39.86750030517578,38.66645050048828,3155.219970703125
2020-07-14,93.97378540039062,198.0353546142578,10.32915210723877,101.12000274658205,84.64527893066406,20.88691711425781,24.840097427368164,34.03056716918945,40.63394546508789,39.369476318359375,3197.52001953125
2020-07-15,94.62006378173828,197.74066162109372,10.180089950561523,103.06732940673828,85.95533752441406,21.28492927551269,25.185592651367188,34.46298599243164,40.63086700439453,39.0996322631836,3226.56005859375
2020-07-16,93.45577239990234,193.82460021972656,10.088019371032717,100.04266357421876,86.1966552734375,20.705217361450195,25.10097885131836,34.19271469116211,40.69243621826172,39.61092758178711,3215.570068359375
2020-07-17,93.2669677734375,192.8361358642578,10.154458999633787,100.05599975585938,84.60218048095703,20.09089088439941,25.55927848815918,33.60585021972656,40.55083465576172,39.98018646240234,3224.72998046875
2020-07-20,95.23248291015624,201.1244354248047,10.462285995483398,109.53333282470705,83.86097717285156,20.402381896972656,25.73555564880371,32.818214416503906,40.46772766113281,39.674842834472656,3251.840087890625
2020-07-21,93.9181137084961,198.4155120849609,10.280874252319336,104.55733489990234,85.67952728271484,21.12918281555176,25.86952209472656,34.47843551635742,40.73244857788086,39.653541564941406,3257.300048828125
2020-07-22,94.18194580078124,201.2669982910156,10.390620231628418,106.15533447265624,85.05899047851562,21.03400993347168,27.188026428222656,33.67535781860352,40.83401870727539,39.589622497558594,3276.02001953125
2020-07-23,89.89513397216797,192.51292419433597,10.083041191101074,100.87133026123048,85.30894470214844,21.23301315307617,27.08226585388184,33.74485397338867,40.5200424194336,39.660621643066406,3235.659912109375
2020-07-24,89.67242431640625,191.3343505859375,10.14749240875244,94.46666717529295,84.70562744140625,21.06861686706543,26.55345344543457,33.536354064941406,40.396934509277344,40.37075424194336,3215.6298828125
2020-07-27,91.79767608642578,193.75811767578125,10.37344455718994,102.63999938964844,83.51622772216797,20.88691711425781,26.468849182128903,34.03056716918945,40.3876953125,40.38496398925781,3239.409912109375
2020-07-28,90.28968048095705,192.0186920166016,10.16839599609375,98.43267059326172,83.87821960449219,21.0772647857666,27.51236915588379,33.6290283203125,40.55698776245117,40.818138122558594,3218.43994140625
2020-07-29,92.02037811279295,193.9577178955078,10.417243003845217,99.94066619873048,85.91223907470703,21.86463928222656,27.681591033935547,33.99967575073242,40.22763442993164,40.796836853027344,3258.43994140625
2020-07-30,93.13384246826172,193.8055877685547,10.565058708190918,99.16600036621094,83.6196517944336,21.492584228515625,27.5819149017334,32.33173370361328,40.052188873291016,40.6903190612793,3246.219970703125
2020-07-31,102.8839111328125,194.86070251464844,10.565800666809082,95.38400268554688,83.29214477539062,21.52719116210937,27.39679718017578,32.49390411376953,39.830562591552734,40.818138122558594,3271.1201171875
2020-08-03,105.47632598876952,205.81983947753903,10.959482192993164,99.0,82.82672119140625,21.622373580932617,27.304244995117188,32.62517166137695,39.79977798461914,40.64772033691406,3294.610107421875
2020-08-04,106.18070220947266,202.7307586669922,11.175979614257812,99.13333129882812,82.3526840209961,21.63967514038086,27.33272361755371,33.56724166870117,40.5200424194336,41.12350082397461,3306.510009765625
2020-08-05,106.5655746459961,202.39810180664065,11.234707832336426,99.00133514404295,83.78340911865234,21.968467712402344,27.37543296813965,33.86068344116211,39.95676803588867,40.86074447631836,3327.77001953125
2020-08-06,110.2835922241211,205.6392822265625,11.283230781555176,99.30533599853516,83.80924224853516,22.03768348693848,27.24728012084961,33.69851303100586,39.81516647338867,41.06668472290039,3349.159912109375
2020-08-07,107.77619171142578,201.9608459472656,11.147859573364258,96.84733581542967,85.65367126464844,22.59143829345703,27.37543296813965,33.54407501220703,40.00601196289063,41.56378173828125,3351.280029296875
2020-08-10,109.34268951416016,197.94029235839844,11.113517761230469,94.5713348388672,86.7396469116211,22.98080062866211,27.33272361755371,34.37031936645508,40.59392929077149,41.890438079833984,3360.469970703125
2020-08-11,106.0908660888672,193.31137084960935,10.799968719482422,91.6259994506836,89.48045349121094,23.292285919189453,26.90553855895996,34.72553253173828,40.07681274414063,41.54957962036133,3333.68994140625
2020-08-12,109.61672973632812,198.8336944580078,11.387496948242188,103.65066528320312,88.72199249267578,23.12788963317871,27.28999900817871,34.717655181884766,40.59701156616211,41.61347198486328,3380.35009765625
2020-08-13,111.5566864013672,198.36798095703125,11.39023494720459,108.06666564941406,88.2306900024414,22.79909896850586,27.17608070373535,33.867244720458984,40.75154495239258,41.55666732788086,3373.429931640625
2020-08-14,111.45722198486328,198.55812072753903,11.510679244995115,110.04733276367188,88.26518249511719,22.90292739868164,27.0977725982666,34.01686096191406,40.98334503173828,41.74840927124024,3372.85009765625
2020-08-17,111.16625213623048,199.8697967529297,12.28011417388916,122.3759994506836,85.93810272216797,22.40974235534668,27.304244995117188,33.575889587402344,41.91056823730469,41.74130630493164,3381.989990234375
2020-08-18,112.09258270263672,201.01991271972656,12.204214096069336,125.80599975585938,84.74009704589844,22.089601516723636,27.311355590820312,33.4105339050293,41.6354866027832,42.025352478027344,3389.780029296875
2020-08-19,112.23320770263672,199.80029296875,12.082528114318848,125.23533630371094,84.93832397460938,22.06364250183105,27.240161895751957,33.04044342041016,40.92462158203125,41.93304443359375,3374.85009765625
2020-08-20,114.72362518310548,204.44992065429688,12.085018157958984,133.45533752441406,83.9212875366211,21.717544555664062,27.567672729492188,32.536495208740234,40.35593032836914,41.869136810302734,3385.510009765625
2020-08-21,120.6355972290039,202.9635772705078,12.625019073486328,136.6653289794922,83.87821960449219,21.61372184753418,27.681591033935547,32.292381286621094,40.68353271484375,41.890438079833984,3397.159912109375
2020-08-24,122.07844543457033,203.6019592285156,12.661596298217772,134.27999877929688,86.23975372314453,22.228042602539062,27.65310478210449,33.24517822265625,40.59082412719727,42.30231475830078,3431.280029296875
2020-08-25,121.07697296142578,206.25071716308597,12.691208839416504,134.8893280029297,86.61898803710938,22.496265411376957,27.34695625305176,32.19002914428711,40.37446975708008,42.1957893371582,3443.6201171875
2020-08-26,122.72350311279295,210.70974731445312,12.714103698730469,143.54466247558594,85.40372467041016,22.115556716918945,27.09064674377441,31.50495338439941,40.39611053466797,42.22418975830078,3478.72998046875
2020-08-27,121.25640869140624,215.88336181640625,12.57002067565918,149.25,88.21345520019531,22.539527893066406,26.95537376403809,31.292354583740234,42.228912353515625,42.20289611816406,3484.550048828125
2020-08-28,121.05998992919922,218.10345458984372,13.08712387084961,147.55999755859375,88.57544708251953,22.755836486816406,26.9909782409668,32.0404167175293,43.36322021484375,42.08216857910156,3508.010009765625
2020-08-31,125.1653823852539,214.88299560546875,13.31282901763916,166.10667419433594,86.35181427001953,22.271299362182617,26.90553855895996,31.44984245300293,42.91507339477539,42.08927536010742,3500.31005859375
2020-09-01,130.1510467529297,216.54087829589844,13.76138687133789,158.35000610351562,86.30870819091797,22.245346069335938,26.25763702392578,31.048254013061523,45.61637878417969,42.01115798950195,3526.64990234375
2020-09-02,127.45451354980467,220.71408081054688,14.284622192382812,149.1233367919922,87.61015319824219,22.513568878173828,26.4854679107666,30.859264373779297,45.64420318603516,42.98403549194336,3580.840087890625
2020-09-03,117.25042724609376,207.04151916503903,12.95936107635498,135.6666717529297,87.33434295654297,22.35674095153809,25.915889739990234,30.796276092529297,44.67369842529297,43.04084014892578,3455.06005859375
2020-09-04,117.3280029296875,204.13548278808597,12.568056106567385,139.44000244140625,89.22186279296875,23.123455047607425,25.88741111755371,30.772645950317383,44.14518356323242,42.94852066040039,3426.9599609375
2020-09-08,109.43241119384766,193.09262084960935,11.861618995666504,110.06999969482422,86.11909484863281,22.19991111755371,25.58126640319824,30.063968658447266,42.791446685791016,42.57925796508789,3331.840087890625
2020-09-09,113.79729461669922,201.31524658203125,12.66015625,122.09333038330078,86.93788146972656,22.226051330566406,25.75925636291504,29.882858276367188,43.23650741577149,42.63607025146485,3398.9599609375
2020-09-10,110.0823211669922,195.6747131347656,12.258646965026855,123.77999877929688,86.04153442382812,21.903682708740234,25.381908416748047,29.134801864624023,42.284549713134766,42.273902893066406,3339.18994140625
2020-09-11,108.63703918457033,194.39796447753903,12.112030029296877,124.23999786376952,87.11026000976562,22.21734046936035,25.680938720703125,29.056060791015625,42.25055313110352,42.45854187011719,3340.969970703125
2020-09-14,111.89616394042967,195.7128448486328,12.816727638244627,139.8733367919922,88.31687927246094,22.435157775878903,26.35019302368164,28.86708641052246,42.44218063354492,42.83491516113281,3383.5400390625
2020-09-15,112.07074737548828,198.9237365722656,12.93496799468994,149.9199981689453,85.56747436523438,22.02566337585449,26.31460189819336,28.55997657775879,42.45454025268555,43.03374481201172,3401.199951171875
2020-09-16,108.7631378173828,195.36981201171875,12.460521697998049,147.25332641601562,85.9294662475586,22.304466247558597,26.186437606811523,29.77262306213379,42.11456298828125,42.87041091918945,3385.489990234375
2020-09-17,107.0268783569336,193.33084106445312,12.40974235534668,141.14332580566406,84.94692993164062,22.086647033691406,26.214916229248047,29.76474952697754,42.247467041015625,43.026634216308594,3357.010009765625
2020-09-18,103.63197326660156,190.9298248291016,12.136673927307127,147.38333129882812,84.76593780517578,21.96466827392578,26.079652786254883,29.284404754638672,41.81475830078125,42.85620880126953,3319.469970703125
2020-09-21,106.77472686767578,192.9782867431641,12.463260650634766,149.79666137695312,82.14582824707031,21.319934844970703,25.645336151123047,28.685970306396484,42.36491775512695,42.330711364746094,3281.06005859375
2020-09-22,108.45275115966795,197.6279144287109,12.583240509033203,141.41000366210938,81.24948120117188,20.8581600189209,25.809085845947266,27.977279663085938,42.748165130615234,42.47984313964844,3315.570068359375
2020-09-23,103.903564453125,191.12033081054688,12.071456909179688,126.7866668701172,79.93080139160156,20.265701293945312,25.6310977935791,27.079620361328125,42.03110122680664,41.833621978759766,3236.919921875
2020-09-24,104.97055053710938,193.5976409912109,12.2947416305542,129.26333618164062,79.86186218261719,20.335397720336918,25.460224151611328,27.024494171142575,42.25055313110352,42.03245162963867,3246.590087890625
2020-09-25,108.90865325927734,198.0090789794922,12.81822395324707,135.77999877929688,80.55997467041016,20.466087341308597,25.66670036315918,27.276477813720703,42.42672348022461,42.17449188232422,3298.4599609375
2020-09-28,111.50817108154295,199.55255126953125,12.978774070739746,140.39999389648438,82.87843322753906,20.98884391784668,25.908771514892575,27.80405044555664,42.42055130004883,42.15317916870117,3351.60009765625
2020-09-29,110.66429138183594,197.4754943847656,13.168702125549316,139.69000244140625,82.18029022216797,20.71004676818848,25.752132415771484,26.99300193786621,42.38655090332031,42.06795883178711,3335.469970703125
2020-09-30,112.33262634277344,200.40054321289065,13.472142219543455,143.00332641601562,82.9732437133789,20.98884391784668,26.12948036193848,27.032367706298828,43.24269104003906,42.24550247192383,3363.0
2020-10-01,113.28321838378906,202.42999267578125,13.55577564239502,149.3866729736328,83.57654571533203,20.9975643157959,25.894533157348636,26.087461471557617,44.222450256347656,42.21709442138672,3380.800048828125
2020-10-02,109.62641143798828,196.45599365234372,13.005910873413086,138.3633270263672,84.36947631835938,21.09339714050293,25.901647567749023,25.96934700012207,43.42503356933594,42.06795883178711,3348.419921875
2020-10-05,113.00193786621094,200.4482269287109,13.583657264709473,141.89332580566406,86.15274047851562,21.45062065124512,26.16508102416992,26.567798614501957,43.82683563232422,42.36622619628906,3408.60009765625
2020-10-06,109.76222229003906,196.189208984375,13.677251815795898,137.9933319091797,85.26545715332031,21.23280906677246,25.752132415771484,26.292192459106445,43.46522521972656,42.22418975830078,3360.969970703125
2020-10-07,111.62454986572266,199.92417907714844,13.903768539428713,141.76666259765625,86.75294494628906,21.677152633666992,25.965726852416992,26.378801345825195,43.54558944702149,42.330711364746094,3419.43994140625
2020-10-08,111.5178680419922,200.6387634277344,13.779059410095217,141.97332763671875,88.53618621826172,21.99080848693848,26.26475715637207,27.76468086242676,43.69083786010742,42.47998428344727,3446.830078125
2020-10-09,113.45782470703124,205.62185668945312,13.703386306762695,144.6666717529297,88.03167724609375,22.09535789489746,26.193559646606445,27.35521507263184,44.12973403930664,42.58047103881836,3477.139892578125
2020-10-12,120.66472625732422,210.94793701171875,14.164639472961426,147.43333435058594,89.11030578613281,22.374170303344727,26.214916229248047,27.26860809326172,44.58407211303711,42.73835754394531,3534.219970703125
2020-10-13,117.46378326416016,212.3390045166016,14.186795234680176,148.88333129882812,87.66630554199219,21.738142013549805,26.27187728881836,26.945756912231445,45.19603729248047,42.60199737548828,3511.929931640625
2020-10-14,117.55110931396484,210.4334259033203,14.034454345703123,153.76666259765625,87.17919921875,20.57935333251953,26.2434024810791,26.8906364440918,44.48826217651367,41.93453979492188,3488.669921875
2020-10-15,117.08551025390624,209.2901153564453,13.90974235534668,149.6266632080078,88.4840087890625,21.041126251220703,26.02268409729004,27.126867294311523,44.67060852050781,41.74077224731445,3483.340087890625
2020-10-16,115.44627380371094,209.2901153564453,13.751928329467772,146.55667114257812,88.30132293701172,21.11954116821289,27.01944732666016,26.85126495361328,44.72624588012695,41.66182708740234,3483.81005859375
2020-10-19,112.49755096435548,204.10694885253903,13.439530372619627,143.61000061035156,86.81385040283203,20.666475296020508,26.912654876708984,26.315814971923828,44.18227767944336,41.1235580444336,3426.919921875
2020-10-20,113.98160552978516,204.51663208007807,13.586645126342772,140.64666748046875,87.30965423583984,21.03241539001465,26.691938400268555,26.53629302978516,44.475887298583984,41.08768081665039,3443.1201171875
2020-10-21,113.36083221435548,204.65953063964844,13.466412544250488,140.8800048828125,86.4397964477539,20.953998565673828,26.40003776550293,26.11108016967773,44.63042449951172,40.72883987426758,3435.56005859375
2020-10-22,112.27444458007812,204.74526977539065,13.303369522094728,141.92999267578125,89.49303436279297,21.668437957763672,26.649229049682617,27.44970703125,44.367713928222656,41.14509582519531,3453.489990234375
2020-10-23,111.58576965332033,206.0220642089844,13.531633377075195,140.2100067138672,90.3020477294922,21.694580078125,27.18320083618164,26.898509979248047,44.460445404052734,41.59723281860352,3465.389892578125
2020-10-26,111.59545135498048,200.162353515625,13.08456802368164,140.0933380126953,88.06645202636719,21.380922317504883,26.99808883666992,26.26069450378418,43.9381103515625,41.48959732055664,3400.969970703125
2020-10-27,113.09890747070312,203.18267822265625,13.33896827697754,141.55999755859375,86.40499877929688,20.77974510192871,26.649229049682617,25.843358993530277,44.15754318237305,41.18097686767578,3390.679931640625
2020-10-28,107.86107635498048,193.11167907714844,12.572537422180176,135.33999633789062,83.97803497314453,20.44866371154785,25.2395133972168,24.85907554626465,43.28287506103516,40.41304016113281,3271.030029296875
2020-10-29,111.85736846923828,195.05540466308597,12.967824935913086,136.94332885742188,84.52605438232422,20.509654998779297,25.11847877502441,25.961475372314453,43.24576950073242,40.73601150512695,3310.110107421875
2020-10-30,105.59130859375,192.91163635253903,12.479939460754396,129.34666442871094,85.28286743164062,20.649057388305664,25.26087188720703,25.68587303161621,42.8841552734375,40.90107345581055,3269.9599609375
2020-11-02,105.50402069091795,192.7782287597656,12.52648639678955,133.50332641601562,87.20528411865234,20.98013687133789,25.794857025146484,26.76464462280273,43.394134521484375,41.41063690185547,3310.239990234375
2020-11-03,107.1239013671875,196.68467712402344,12.96334457397461,141.3000030517578,89.95410919189453,21.51161193847656,25.76637077331543,26.30793571472168,44.12973403930664,41.446510314941406,3369.159912109375
2020-11-04,111.49845123291016,206.17446899414065,13.73475170135498,140.32666015625,87.20528411865234,20.631628036499023,26.57802391052246,26.16620445251465,43.87628936767578,41.06614685058594,3443.43994140625
2020-11-05,115.4559555053711,212.7487335205078,14.09892463684082,146.02999877929688,90.77178192138672,21.4419059753418,26.175222396850582,26.118959426879883,44.34299087524414,41.73360061645508,3510.449951171875
2020-11-06,115.32481384277344,213.15843200683597,14.499192237854004,143.31666564941406,89.56266021728516,21.180530548095703,26.18241500854492,25.81185913085937,45.05386352539063,42.00632095336914,3509.43994140625
2020-11-09,113.02198028564452,208.0800628662109,13.571958541870115,140.4199981689453,101.68875885009766,24.186403274536133,28.19644546508789,29.079687118530277,44.364627838134766,42.94649124145508,3550.5
2020-11-10,112.68191528320312,201.0484771728516,12.714919090270996,136.7866668701172,101.35819244384766,24.099279403686523,27.82240104675293,29.72482109069824,44.988956451416016,43.85076904296875,3545.530029296875
2020-11-11,116.10211181640624,206.32688903808597,13.360124588012695,139.0433349609375,99.84461212158205,23.820470809936523,27.69293975830078,29.41837882995605,45.7369270324707,43.77901077270508,3572.659912109375
2020-11-12,115.83004760742188,205.26931762695312,13.39870834350586,137.25332641601562,98.61808013916016,23.254148483276367,27.00960922241211,28.410350799560547,45.8141975402832,43.628299713134766,3537.010009765625
2020-11-13,115.87862396240234,206.28880310058597,13.23964500427246,136.1666717529297,99.23570251464844,23.52424049377441,27.77925682067871,29.095813751220703,46.52814483642578,43.82207107543945,3585.14990234375
2020-11-16,116.88912963867188,206.97482299804688,13.456954002380373,136.02999877929688,102.03671264648438,24.02957534790039,26.851364135742188,30.77317237854004,47.11539459228516,43.70005416870117,3626.909912109375
2020-11-17,116.00495147705078,204.3356475830078,13.36435604095459,147.20333862304688,101.00155639648438,24.003440856933597,27.323341369628903,31.1844539642334,46.166542053222656,43.599586486816406,3609.530029296875
2020-11-18,114.68350219726562,201.6416931152344,13.370829582214355,162.2133331298828,100.2534637451172,23.506816864013672,27.53561210632324,30.0070743560791,46.08000183105469,43.29098892211914,3567.7900390625
2020-11-19,115.2762222290039,202.92181396484372,13.382278442382812,166.42333984375,100.52311706542967,23.506816864013672,27.437049865722656,30.160295486450195,47.01648712158203,43.2120361328125,3581.8701171875
2020-11-20,114.01306915283205,200.9825439453125,13.03129768371582,163.20333862304688,99.66192626953124,23.35869789123535,27.823705673217773,29.78933906555176,46.43544006347656,43.090030670166016,3557.5400390625
2020-11-23,110.62201690673828,200.71505737304688,13.08332347869873,173.9499969482422,102.53253173828124,23.86403465270996,27.687240600585938,31.740886688232425,46.6486930847168,43.22639083862305,3577.590087890625
2020-11-24,111.9045867919922,204.29737854003903,12.901862144470217,185.1266632080078,107.27337646484376,25.24935340881348,27.74789047241211,33.85372543334961,46.78159332275391,43.5206413269043,3635.409912109375
2020-11-25,112.74020385742188,204.30694580078125,13.177664756774902,191.3333282470703,106.15122985839844,25.292917251586918,27.69482040405273,32.91020202636719,46.926856994628906,43.355567932128906,3629.64990234375
2020-11-27,113.28433990478516,205.6061553955078,13.204051971435549,195.2533264160156,105.4466323852539,25.2580623626709,28.22551918029785,32.41021728515625,46.85577774047852,43.477577209472656,3638.35009765625
2020-11-30,115.67459106445312,204.4980010986328,13.343695640563965,189.1999969482422,102.54124450683594,24.534912109375,29.044309616088867,30.74897766113281,47.22357177734375,43.355567932128906,3621.6298828125
2020-12-01,119.24054718017578,206.54229736328125,13.332247734069824,194.9199981689453,104.15921020507812,24.996686935424805,29.87826919555664,31.047351837158203,47.17721176147461,43.477577209472656,3662.449951171875
2020-12-02,119.59032440185548,205.73985290527344,13.486080169677734,189.60667419433597,106.1599349975586,25.31905174255371,30.932077407836918,32.2086181640625,46.52196502685547,44.037376403808594,3669.010009765625
2020-12-03,119.4542999267578,204.6604461669922,13.342161178588867,197.7933349609375,105.46401977539062,25.34535789489746,30.393796920776367,32.42634201049805,46.14490509033203,44.31009292602539,3666.719970703125
2020-12-04,118.78384399414062,204.7750396728516,13.50375747680664,199.67999267578125,106.4208984375,25.678497314453125,30.58332633972168,33.61180114746094,46.02436065673828,44.17374420166016,3699.1201171875
2020-12-07,120.24131774902344,204.7081298828125,13.55206298828125,213.9199981689453,106.02074432373048,25.503158569335938,31.273237228393555,32.9827766418457,45.777103424072266,44.03018951416016,3691.9599609375
2020-12-08,120.85346221923828,206.35122680664065,13.296346664428713,216.6266632080078,106.12512969970705,25.362890243530277,32.26640319824219,34.06338119506836,46.19126510620117,44.10196304321289,3702.25
2020-12-09,118.32717895507812,202.3294982910156,12.878779411315918,201.4933319091797,105.29875183105467,25.24891471862793,31.72812271118164,34.514991760253906,45.82655715942383,44.10913848876953,3672.820068359375
2020-12-10,119.74579620361328,201.1067047119141,12.920113563537598,209.02333068847656,104.62024688720705,25.520694732666016,31.63714599609375,35.490760803222656,45.61251068115234,43.427337646484375,3668.10009765625
2020-12-11,118.93932342529295,203.7242126464844,12.960949897766112,203.3300018310547,104.0026397705078,25.047277450561523,31.1746826171875,35.32141876220703,45.60010147094727,43.3125114440918,3663.4599609375
2020-12-14,118.32717895507812,204.6221466064453,13.25525951385498,213.27667236328125,102.90658569335938,24.740428924560547,29.72663116455078,34.04726791381836,45.18132400512695,43.046966552734375,3647.489990234375
2020-12-15,124.25424194335938,204.55532836914065,13.306804656982422,211.0833282470703,104.66373443603516,25.108646392822266,29.347570419311523,34.708526611328125,45.159610748291016,43.45603942871094,3694.6201171875
2020-12-16,124.18621063232422,209.4750061035156,13.189275741577148,207.58999633789065,104.96820068359376,25.17877578735352,28.687992095947266,35.24077224731445,45.11308288574219,42.996726989746094,3701.169921875
2020-12-17,125.05099487304688,209.6087951660156,13.287630081176758,218.63333129882807,104.09832763671876,25.27521705627441,28.83202743530273,35.06334686279297,45.3209228515625,43.06849670410156,3722.47998046875
2020-12-18,123.06881713867188,208.81585693359372,13.218660354614258,231.6666717529297,103.58507537841795,25.13494873046875,28.566680908203125,34.45853805541992,45.27439880371094,43.39145660400391,3709.409912109375
2020-12-21,124.59429168701172,212.63705444335935,13.27866554260254,216.6199951171875,107.47344970703124,26.073013305664062,28.33924102783203,33.82952880859375,45.28059005737305,42.6953010559082,3694.919921875
2020-12-22,128.14080810546875,213.9266662597656,13.224882125854492,213.44667053222656,105.83808135986328,25.60836601257324,27.854034423828125,33.25696563720703,44.73153305053711,42.33646011352539,3687.260009765625
2020-12-23,127.24694061279295,211.13720703125,12.956964492797852,215.32666015625,108.79564666748048,26.34478759765625,28.38473129272461,33.684364318847656,44.427528381347656,42.3149299621582,3690.010009765625
2020-12-24,128.22825622558594,212.78988647460935,12.941524505615234,220.58999633789065,108.31722259521484,26.265888214111328,28.255844116210938,33.54728317260742,44.51438522338867,42.22880935668945,3703.06005859375
2020-12-28,132.81442260742188,214.90098571777344,12.848152160644531,221.22999572753903,109.03052520751952,26.41492462158203,27.914682388305664,33.66018295288086,45.04793930053711,42.32927322387695,3735.360107421875
2020-12-29,131.04603576660156,214.12725830078125,12.891228675842283,221.9966735839844,108.74347686767578,26.309722900390625,28.08905792236328,33.28116226196289,44.76255035400391,42.20726776123047,3727.0400390625
2020-12-30,129.9286651611328,211.7677001953125,13.092915534973145,231.5933380126953,109.04791259765624,26.283422470092773,27.854034423828125,33.54728317260742,44.7253303527832,41.72641372680664,3732.0400390625
2020-12-31,128.9279022216797,212.47463989257807,13.00253200531006,235.22332763671875,110.53540802001952,26.572731018066406,27.9070987701416,33.24083709716797,44.71602249145508,42.16421127319336,3756.070068359375
2021-01-04,125.74083709716795,207.9561462402344,13.060794830322266,243.2566680908203,109.4915542602539,26.32725524902344,27.9070987701416,33.466636657714844,45.45431518554688,42.235984802246094,3700.64990234375
2021-01-05,127.29548645019533,208.1566925048828,13.350874900817873,245.0366668701172,110.08734893798828,26.528898239135746,28.195188522338867,35.07947540283203,45.21234893798828,42.04220199584961,3726.860107421875
2021-01-06,123.0105209350586,202.7593688964844,12.563800811767578,251.9933319091797,115.25657653808594,28.18586158752441,27.95259094238281,35.9746208190918,45.49462890625,42.55176162719727,3748.139892578125
2021-01-07,127.2080078125,208.52931213378903,13.290369987487791,272.0133361816406,119.04151153564452,28.808311462402344,28.09663391113281,36.25686264038086,45.49153900146485,42.45601272583008,3803.7900390625
2021-01-08,128.30599975585938,209.79983520507807,13.223389625549316,293.3399963378906,119.17294311523438,28.518999099731445,28.149703979492188,36.66007614135742,45.485328674316406,41.926490783691406,3824.679931640625
2021-01-11,125.3230209350586,207.76507568359372,13.566752433776855,270.39666748046875,120.9515151977539,28.99241065979004,28.634918212890625,37.77295303344727,45.6900520324707,41.67985916137695,3799.610107421875
2021-01-12,125.1481475830078,205.31951904296875,13.430553436279297,283.14666748046875,122.85271453857422,29.50967025756836,28.187612533569336,38.61163330078125,46.21120834350586,41.534786224365234,3801.18994140625
2021-01-13,127.17888641357422,206.66650390625,13.477362632751465,284.8033447265625,122.96662902832033,29.33433151245117,27.945009231567383,39.04709243774414,45.73971176147461,41.38970947265625,3809.840087890625
2021-01-14,125.25502014160156,203.4949493408203,13.147198677062988,281.6666564941406,123.68509674072266,29.79898452758789,27.861618041992188,40.57123947143555,45.590797424316406,41.37521362304688,3795.5400390625
2021-01-15,123.5352020263672,203.14144897460935,12.807814598083496,275.3866577148437,121.4684066772461,28.9398136138916,27.823705673217773,38.61968994140625,44.86802291870117,41.6218376159668,3768.25
2021-01-19,124.20565795898438,206.76202392578125,12.972902297973633,281.51666259765625,120.94273376464844,28.72941017150879,27.846445083618164,39.38579940795898,44.480262756347656,41.38246536254883,3798.909912109375
2021-01-20,128.2865447998047,214.3087615966797,13.31203269958496,283.4833374023437,119.12913513183594,28.35243225097656,27.672082901000977,39.94221878051758,45.13789749145508,41.534786224365234,3851.85009765625
2021-01-21,132.98931884765625,214.91061401367188,13.811765670776367,281.663330078125,118.1303253173828,27.852712631225582,27.656911849975582,38.79710388183594,44.93317413330078,41.54204559326172,3853.070068359375
2021-01-22,135.12698364257812,215.8467712402344,13.657387733459473,282.2133178710937,117.2191390991211,27.65983390808105,27.709985733032227,38.24873733520508,45.39226150512695,41.68711853027344,3841.469970703125
2021-01-25,138.8677978515625,219.26670837402344,13.598376274108888,293.6000061035156,115.75597381591795,27.31792640686035,28.263427734375,37.821327209472656,45.35194396972656,42.376224517822266,3855.360107421875
2021-01-26,139.1009979248047,221.9414825439453,13.381253242492676,294.36334228515625,115.28286743164062,27.125049591064453,28.286170959472656,36.9907112121582,45.7583122253418,41.034278869628906,3849.6201171875
2021-01-27,138.03221130371094,222.4859771728516,12.865835189819336,288.0533447265625,112.02361297607422,26.151918411254883,27.474964141845703,36.57136535644531,44.61984634399414,39.98974990844727,3750.77001953125
2021-01-28,133.20310974121094,228.2463836669922,12.998546600341797,278.4766540527344,113.99492645263672,26.58149528503418,27.48262596130371,37.14393615722656,44.591941833496094,40.16383361816406,3787.3798828125
2021-01-29,128.21853637695312,221.58804321289065,12.937543869018556,264.510009765625,112.73329162597656,25.994112014770508,27.51328659057617,36.16009140014648,43.5806770324707,39.71410751342773,3714.239990234375
2021-02-01,130.33673095703125,228.93418884277344,13.183799743652344,279.9366760253906,113.56561279296876,26.265888214111328,27.43664932250977,36.22461318969727,43.20222091674805,39.3731803894043,3773.860107421875
2021-02-02,131.16265869140625,228.80044555664065,13.502264976501465,290.92999267578125,117.06143951416016,27.203954696655277,26.815866470336918,36.79717254638672,43.66753005981445,39.53276443481445,3826.31005859375
2021-02-03,130.14242553710938,232.1344146728516,13.476119995117188,284.89666748046875,118.40191650390624,27.686140060424805,26.70091438293457,38.24066162109375,43.8009147644043,39.74311828613281,3830.169921875
2021-02-04,133.49456787109375,231.1886444091797,13.609333038330078,283.3299865722656,121.12672424316406,28.49270439147949,26.739229202270508,38.974517822265625,44.2134895324707,39.99700164794922,3871.739990234375
2021-02-05,133.0810089111328,231.3701629638672,13.536376953125,284.07666015625,120.8901824951172,28.37873268127441,26.76222419738769,40.28092575073242,44.78116226196289,40.1275634765625,3886.830078125
2021-02-08,133.22698974609375,231.62808227539065,14.38072109222412,287.8066711425781,122.78265380859376,29.00995445251465,26.68558120727539,42.014739990234375,44.98900604248047,39.93171310424805,3915.590087890625
2021-02-09,132.35121154785156,232.86997985839844,14.205924987792969,283.1533203125,122.2919921875,28.88722038269043,26.800546646118164,41.52266693115234,45.23716354370117,39.895450592041016,3911.22998046875
2021-02-10,131.7478790283203,231.9624786376953,14.70490837097168,268.2733459472656,122.36212158203124,28.91351890563965,26.624269485473636,41.92451858520508,44.70981597900391,39.86643600463867,3909.8798828125
2021-02-11,131.49485778808594,233.55780029296875,15.18945598602295,270.5533447265625,122.02040100097656,28.825851440429688,26.386690139770508,40.87478256225586,44.67569732666016,39.60529327392578,3916.3798828125
2021-02-12,131.7283935546875,234.03546142578125,14.90112018585205,272.0400085449219,123.75516510009766,29.255428314208984,26.60894775390625,41.43246078491211,44.815277099609375,39.31515502929688,3934.830078125
2021-02-16,129.6070556640625,232.8031005859375,15.268636703491213,265.4066772460937,126.73401641845705,30.044456481933597,26.5859489440918,42.67904281616211,45.18442535400391,39.27887725830078,3932.590087890625
2021-02-17,127.32029724121094,233.81805419921875,14.84609031677246,266.04998779296875,127.1283187866211,30.167192459106445,26.739229202270508,43.34331893920898,45.662139892578125,41.33893203735352,3931.330078125
2021-02-18,126.2206573486328,233.4254150390625,14.769401550292969,262.4599914550781,127.55762481689452,29.974321365356445,26.4863224029541,42.66263961791992,42.70280075073242,41.331687927246094,3913.969970703125
2021-02-19,126.3763656616211,230.72540283203125,14.86650848388672,260.4333190917969,129.6866455078125,30.281160354614254,26.39435386657715,42.94967651367188,42.91373062133789,40.947242736816406,3906.7099609375
2021-02-22,122.61048889160156,224.54000854492188,14.298051834106444,238.1666717529297,130.90447998046875,30.81594467163086,26.256406784057617,44.53249740600586,42.712100982666016,40.947242736816406,3876.5
2021-02-23,122.47425079345705,223.3527374267578,14.085162162780762,232.94667053222656,131.9558563232422,31.14033508300781,25.98816680908203,45.14760208129883,42.02344512939453,41.36795425415039,3881.3701171875
2021-02-24,121.97794342041016,224.57827758789065,14.440725326538086,247.33999633789065,134.27764892578125,31.8942985534668,25.86554908752441,46.50080490112305,41.32238006591797,41.43323516845703,3925.429931640625
2021-02-25,117.73523712158205,219.2546844482422,13.254014015197754,227.4066619873047,132.4552764892578,31.49977684020996,25.919198989868164,45.72988128662109,40.931522369384766,40.98350524902344,3829.340087890625
2021-02-26,117.99799346923828,222.50054931640625,13.659382820129396,225.1666717529297,128.94192504882812,30.430198669433597,25.666290283203125,44.58991622924805,40.30180358886719,40.113059997558594,3811.14990234375
2021-03-01,124.35233306884766,226.86666870117188,13.786118507385254,239.47666931152344,131.8594970703125,31.37704086303711,25.819564819335938,46.2547607421875,40.75161361694336,40.15658950805664,3901.820068359375
2021-03-02,121.754150390625,223.9272003173828,13.35236930847168,228.81333923339844,131.43017578125,31.14910125732422,25.681617736816406,45.98411560058594,40.36075210571289,39.880950927734375,3870.2900390625
2021-03-03,118.7764663696289,217.885498046875,12.753288269042969,217.73333740234372,133.9709930419922,31.92935943603516,26.356037139892575,46.35317611694336,39.57903289794922,40.17108917236328,3819.719970703125
2021-03-04,116.8983917236328,217.09078979492188,12.320533752441406,207.14666748046875,131.9120635986328,32.15843200683594,26.210426330566406,48.14923477172852,39.56040954589844,39.75038146972656,3768.469970703125
2021-03-05,118.1536865234375,221.75375366210935,12.411417007446287,199.3166656494141,132.21871948242188,32.53728485107422,26.356037139892575,49.96989822387695,40.05364227294922,40.62082290649414,3841.93994140625
2021-03-08,113.22978973388672,217.72271728515625,11.54665470123291,187.6666717529297,133.9709930419922,32.7134895324707,26.32537841796875,49.92069625854492,39.668983459472656,41.19386291503906,3821.35009765625
2021-03-09,117.83255767822266,223.8410186767578,12.474231719970703,224.52667236328125,133.0247344970703,31.99984359741211,26.402027130126957,49.14977264404297,39.9822883605957,40.76589584350586,3875.43994140625
2021-03-10,116.7524185180664,222.5388336181641,12.42242431640625,222.6866607666016,135.91600036621094,32.92495346069336,26.76988410949707,50.65880584716797,41.002872467041016,41.40422439575195,3898.81005859375
2021-03-11,118.6791763305664,227.04861450195312,12.9457426071167,233.1999969482422,135.2063751220703,32.81040573120117,26.60128593444824,50.28154373168945,40.98735809326172,40.265380859375,3939.340087890625
2021-03-12,117.77415466308594,225.72727966308597,12.808749198913574,231.2433319091797,136.80970764160156,33.427154541015625,26.777549743652344,50.82283020019531,41.60467529296875,40.3524284362793,3943.340087890625
2021-03-15,120.654541015625,224.8272399902344,13.14276885986328,235.97999572753903,136.1262969970703,33.25975036621094,27.13774871826172,49.52703094482422,41.39061737060547,40.35968399047852,3968.93994140625
2021-03-16,122.19203186035156,227.6039581298828,13.24240016937256,225.6266632080078,134.4966583251953,33.1628303527832,27.45963478088379,48.4772834777832,41.37822341918945,40.35968399047852,3962.7099609375
2021-03-17,121.40382385253906,226.96241760253903,13.292216300964355,233.9366607666016,135.88096618652344,33.43595886230469,27.428970336914062,48.69051742553711,41.03388214111328,40.4394760131836,3974.1201171875
2021-03-18,117.28763580322266,220.9111328125,12.675741195678713,217.72000122070312,138.1239013671875,34.308204650878906,27.413646697998047,46.59101104736328,40.49810791015625,40.84567642211914,3915.4599609375
2021-03-19,116.7621612548828,220.5568389892578,12.798538208007812,218.2899932861328,135.9248046875,33.94697189331055,27.229717254638672,46.328575134277344,41.037017822265625,40.7949104309082,3913.10009765625
2021-03-22,120.07069396972656,225.95709228515625,13.13778591156006,223.3333282470703,132.2712860107422,33.180450439453125,27.589920043945312,45.85290145874024,41.233245849609375,41.04879760742188,3940.590087890625
2021-03-23,119.24356079101562,227.4794464111328,13.022710800170898,220.72000122070312,130.9482879638672,32.5108528137207,27.099428176879883,45.28701400756836,41.72230529785156,41.28090286254883,3910.52001953125
2021-03-24,116.8594741821289,225.4496154785156,12.59653377532959,210.08999633789065,131.964599609375,32.5108528137207,27.291030883789062,46.20555114746094,41.4637565612793,41.35343933105469,3889.139892578125
2021-03-25,117.34600830078124,222.46226501464844,12.489178657531738,213.4633331298828,133.6555938720703,33.180450439453125,27.33700561523437,46.07433319091797,41.74409866333008,41.6218376159668,3909.52001953125
2021-03-26,117.94932556152344,226.42626953125,12.792061805725098,206.23666381835935,135.88096618652344,34.07912826538086,27.781517028808597,47.3291130065918,42.09299087524414,42.20212173461914,3974.5400390625
2021-03-29,118.12448120117188,225.23895263671875,12.900662422180176,203.76333618164065,133.76947021484375,33.75313949584961,28.065080642700195,47.07487869262695,42.57270050048828,42.673622131347656,3971.090087890625
2021-03-30,116.67457580566406,221.9931182861328,12.824440956115724,211.8733367919922,135.34649658203125,34.352256774902344,27.67422103881836,46.49259948730469,42.28300476074219,42.49952697753906,3958.550048828125
2021-03-31,118.8640365600586,225.74644470214844,13.29919147491455,222.6433258056641,133.37521362304688,34.08794021606445,27.76618385314941,45.78729248046875,42.3110466003418,42.18037033081055,3972.889892578125
2021-04-01,119.69119262695312,232.04672241210935,13.76098918914795,220.5833282470703,134.67185974121094,34.79278564453125,27.81984138488769,47.06667709350586,42.24563217163086,42.28917694091797,4019.8701171875
2021-04-05,122.51317596435548,238.48097229003903,13.936092376708984,230.3500061035156,135.3857421875,35.065914154052734,27.80450439453125,46.33677673339844,43.43244552612305,42.70263671875,4077.909912109375
2021-04-06,122.8148422241211,237.32241821289065,13.810555458068848,230.5399932861328,134.43394470214844,34.968994140625,27.62823867797852,46.20555114746094,43.641151428222656,42.87672805786133,4073.93994140625
2021-04-07,124.45938110351562,239.2756805419922,14.091519355773926,223.6566619873047,136.5402374267578,35.28617858886719,27.52094078063965,46.41058349609375,43.54768753051758,42.79693222045898,4079.949951171875
2021-04-08,126.85318756103516,242.48329162597656,14.264381408691406,227.93333435058597,136.70770263671875,34.977806091308594,27.55925941467285,45.92670440673828,43.519657135009766,42.23092269897461,4097.169921875
2021-04-09,129.4221649169922,244.9727783203125,14.347076416015623,225.67333984375,137.73001098632812,35.23331069946289,28.049753189086918,45.820091247558594,43.541465759277344,42.150272369384766,4128.7998046875
2021-04-12,127.70953369140624,245.0301818847656,15.153100967407228,233.9933319091797,137.43917846679688,35.294979095458984,28.33330726623535,45.51665496826172,43.54768753051758,42.18692779541016,4127.990234375
2021-04-13,130.81370544433594,247.5004730224609,15.621871948242188,254.10667419433597,135.8000030517578,34.64300537109375,28.478931427001957,45.688873291015625,43.41374588012695,42.24558639526367,4141.58984375
2021-04-14,128.47825622558594,244.72378540039065,15.220850944519045,244.07666015625,133.2618408203125,35.13639450073242,28.48658943176269,47.0092658996582,43.39817810058594,42.30424118041992,4124.66015625
2021-04-15,130.8818359375,248.46759033203125,16.07794189453125,246.2833404541016,134.10787963867188,34.131988525390625,28.81614112854004,46.73042678833008,43.65984344482422,42.30424118041992,4170.419921875
2021-04-16,130.55096435546875,249.6547698974609,15.854015350341797,246.5933380126953,135.103759765625,34.49321365356445,29.559539794921875,46.46799850463867,43.80001449584961,42.7294807434082,4185.47021484375
2021-04-19,131.2126922607422,247.7398376464844,15.305290222167969,238.2100067138672,134.53089904785156,34.51084518432617,29.83542823791504,46.32037353515625,43.519657135009766,42.81013107299805,4163.259765625
2021-04-20,129.5292205810547,247.2803192138672,15.115492820739746,239.663330078125,131.55206298828125,33.550498962402344,29.91206359863281,45.34442138671875,43.8560791015625,42.81013107299805,4134.93994140625
2021-04-21,129.90872192382812,249.5016632080078,15.30404567718506,248.0399932861328,132.6713409423828,34.114376068115234,30.295265197753903,45.92670440673828,43.983795166015625,42.626834869384766,4173.419921875
2021-04-22,128.3906707763672,246.2366485595703,14.795671463012695,239.89666748046875,129.87762451171875,33.79718780517578,29.613182067871094,45.32802200317383,43.50719833374024,41.99630737304688,4134.97998046875
2021-04-23,130.70669555664062,250.04742431640625,15.209146499633787,243.13333129882807,132.3628692626953,34.519657135009766,29.628498077392575,45.57405853271485,43.57884979248047,42.01096725463867,4180.169921875
2021-04-26,131.09591674804688,250.430419921875,15.421113967895508,246.0666656494141,132.68898010253906,34.7222900390625,29.64384078979492,45.66426467895508,42.95895767211914,41.74702453613281,4187.6201171875
2021-04-27,130.77474975585938,250.8325653076172,15.325215339660645,234.913330078125,133.29705810546875,35.13639450073242,29.467567443847656,46.262962341308594,43.10536193847656,41.292457580566406,4186.72021484375
2021-04-28,129.9866180419922,243.73757934570312,15.22060203552246,231.46665954589844,134.16073608398438,35.26854705810547,29.743467330932617,47.657169342041016,42.95273208618164,41.37310791015625,4183.18017578125
2021-04-29,129.8892822265625,241.77474975585935,15.268425941467283,225.6666717529297,136.76943969726562,36.2200927734375,29.582521438598636,48.337867736816406,43.49473571777344,42.025638580322266,4211.47021484375
2021-04-30,127.92363739013672,241.4587860107422,14.954337120056152,236.47999572753903,135.55319213867188,35.709075927734375,29.6208438873291,46.943660736083984,43.58196258544922,42.3702278137207,4181.169921875
2021-05-03,128.9745330810547,241.15237426757807,14.782220840454102,228.3000030517578,135.1566162109375,35.73551177978516,30.525184631347656,48.23945236206055,44.27037811279297,42.46553802490234,4192.66015625
2021-05-04,124.41070556640624,237.25540161132807,14.298504829406738,224.5333404541016,137.0249786376953,36.1231689453125,30.617143630981445,48.54288864135742,43.83427429199219,42.96409606933594,4164.66015625
2021-05-05,124.65399169921876,235.99151611328125,14.405360221862791,223.64666748046875,138.8228302001953,36.46678161621094,30.632471084594727,50.002708435058594,43.79689025878906,43.03007888793945,4167.58984375
2021-05-06,126.2498779296875,239.11289978027344,14.469623565673828,221.17999267578125,141.61660766601562,37.01303482055664,30.330644607543945,50.4783821105957,44.109622955322266,43.46998596191406,4201.6201171875
2021-05-07,126.92242431640624,241.7268524169922,14.757810592651367,224.1233367919922,142.10130310058594,37.16280746459961,30.632474899291992,51.20008850097656,43.84379959106445,43.05208969116211,4232.60009765625
2021-05-10,123.64727783203124,236.67135620117188,14.213316917419434,209.67999267578125,142.0836639404297,37.04827499389648,30.849178314208984,51.32310104370117,44.037696838378906,43.63861846923828,4188.43017578125
2021-05-11,122.73101806640624,235.76171875,14.253668785095217,205.73333740234372,139.72177124023438,36.62537384033203,30.454465866088867,49.691062927246094,43.640533447265625,42.92011260986328,4152.10009765625
2021-05-12,119.6702880859375,228.83909606933597,13.70793342590332,196.6300048828125,138.76119995117188,36.2817611694336,30.717609405517575,49.95732116699219,42.511600494384766,42.82479095458984,4063.0400390625
2021-05-13,121.8147430419922,232.69778442382807,13.61502742767334,190.56333923339844,142.3304443359375,36.86326217651367,31.03491973876953,49.34158706665039,43.230865478515625,43.118072509765625,4112.5
2021-05-14,124.2321319580078,237.6000823974609,14.19065284729004,196.5800018310547,144.54249572753906,37.321407318115234,30.97300148010254,50.56473159790039,43.63115692138672,43.03007888793945,4173.85009765625
2021-05-17,123.08192443847656,234.75637817382807,14.113439559936523,192.27667236328125,145.12416076660156,37.65620040893555,31.042673110961918,51.74626159667969,43.43413543701172,42.48019790649414,4163.2900390625
2021-05-18,121.69776153564452,232.7456512451172,13.964238166809082,192.6233367919922,143.07955932617188,37.14519119262695,30.99622917175293,50.28183364868164,44.3785514831543,41.92298889160156,4127.830078125
2021-05-19,121.54180908203124,233.3214569091797,14.014053344726562,187.82000732421875,141.98672485351562,36.97779846191406,30.825963973999023,49.07532501220703,44.38168716430664,41.732364654541016,4115.68017578125
2021-05-20,124.0956802368164,236.54608154296875,14.558794021606444,195.5933380126953,141.7399444580078,36.889686584472656,31.050397872924805,48.95883941650391,44.538047790527344,41.63705062866211,4159.1201171875
2021-05-21,122.26313018798828,235.2888641357422,14.936652183532717,193.6266632080078,143.35272216796875,37.35665893554688,30.918832778930664,49.02540969848633,44.328521728515625,41.72502899169922,4155.85986328125
2021-05-24,123.89095306396484,240.6727752685547,15.55461883544922,202.14666748046875,144.12828063964844,37.55928802490234,30.810487747192383,49.59953308105469,44.3316535949707,41.77635192871094,4197.0498046875
2021-05-25,123.69599151611328,241.5748748779297,15.59024143218994,201.56333923339844,142.63888549804688,37.01303482055664,30.43899154663086,48.47624206542969,44.513031005859375,41.409767150878906,4188.1298828125
2021-05-26,123.64727783203124,241.3541412353516,15.642297744750977,206.3766632080078,142.6212615966797,37.03946685791016,30.121675491333008,49.04204940795898,44.45986175537109,41.3217887878418,4195.990234375
2021-05-27,122.11692810058594,239.26194763183597,15.431075096130373,210.2833404541016,144.84214782714844,37.488807678222656,29.9127140045166,48.72586441040039,44.30976867675781,41.27047348022461,4200.8798828125
2021-05-28,121.46382904052734,239.6170654296875,16.184799194335938,208.4066619873047,144.74525451660156,37.34783554077149,29.9746208190918,48.56776428222656,44.41608428955078,41.41709899902344,4204.10986328125
2021-06-01,121.14216613769533,237.42898559570312,16.20471954345703,207.96665954589844,146.34031677246094,37.81479644775391,29.79662704467773,50.30679321289063,44.30037307739258,41.336456298828125,4202.0400390625
2021-06-02,121.9024658203125,237.3330535888672,16.716581344604492,201.7066650390625,146.3491668701172,37.83242034912109,30.02106285095215,50.70618438720703,44.20343780517578,41.53440856933594,4208.1201171875
2021-06-03,120.42084503173828,235.8070526123047,16.907379150390625,190.94667053222656,146.4461212158203,38.26595306396485,30.160377502441406,50.9058837890625,44.2816162109375,41.77635192871094,4192.85009765625
2021-06-04,122.7115249633789,240.68234252929688,17.513643264770508,199.68333435058597,146.68408203125,38.28364181518555,30.29968643188477,51.13054656982422,44.35979461669922,42.01096725463867,4229.89013671875
2021-06-07,122.72126770019533,243.5806579589844,17.554244995117188,201.7100067138672,145.99667358398438,38.15092468261719,30.17584991455078,50.7977180480957,44.06270980834961,41.93765640258789,4226.52001953125
2021-06-08,123.54005432128906,242.3906097412109,17.392841339111328,201.19667053222656,145.4149932861328,37.9385871887207,30.0674991607666,51.69633483886719,43.72809600830078,41.90099334716797,4227.259765625
2021-06-09,123.92020416259766,243.36949157714844,17.29841423034668,199.5933380126953,143.59951782226562,37.44313049316406,30.810487747192383,52.1290168762207,43.49355316162109,41.82767868041992,4219.5498046875
2021-06-10,122.92597198486328,246.87237548828125,17.364938735961914,203.3733367919922,141.36097717285156,36.88571548461914,31.483797073364254,52.21222305297852,43.74372482299805,42.04029846191406,4239.18017578125
2021-06-11,124.13463592529295,247.49620056152344,17.76380729675293,203.29666137695312,141.26402282714844,37.0361328125,31.07362174987793,51.7296257019043,44.01580047607422,42.0329704284668,4247.43994140625
2021-06-14,127.18560028076172,249.4155731201172,17.95663833618164,205.89666748046875,138.86692810058594,36.593746185302734,30.67116928100586,51.646427154541016,43.95637512207031,41.92298889160156,4255.14990234375
2021-06-15,126.36683654785156,247.9472198486328,17.72718620300293,199.7866668701172,136.7606201171875,36.62028884887695,30.640216827392575,53.52689743041992,43.7812614440918,42.00364303588867,4246.58984375
2021-06-16,126.86397552490234,247.0067443847656,17.748859405517578,201.6233367919922,137.72120666503906,36.82378387451172,30.4157772064209,53.33551406860352,42.88999176025391,41.527076721191406,4223.7001953125
2021-06-17,128.4625701904297,250.3848419189453,18.592937469482425,205.5333404541016,133.7465362548828,35.213523864746094,30.555084228515625,51.57984924316406,43.0682487487793,41.44642639160156,4221.85986328125
2021-06-18,127.1661605834961,248.97412109375,18.57450294494629,207.7700042724609,130.36231994628906,34.311065673828125,30.03653717041016,50.25687789916992,42.27080535888672,40.92588424682617,4166.4501953125
2021-06-21,128.95968627929688,252.0452117919922,18.363731384277344,206.94332885742188,132.57435607910156,35.169273376464844,30.508644104003903,52.0791015625,42.65544891357422,41.34378433227539,4224.7900390625
2021-06-22,130.59725952148438,254.80902099609372,18.8216495513916,207.90333557128903,132.38052368164062,35.36392974853516,30.655689239501957,53.077579498291016,42.85246276855469,41.3291244506836,4246.43994140625
2021-06-23,130.32432556152344,254.57872009277344,18.99155807495117,218.85667419433597,133.18247985839844,35.56743240356445,30.2222843170166,53.46865081787109,42.51786422729492,41.109161376953125,4241.83984375
2021-06-24,130.0416717529297,255.94151306152344,19.13930320739746,226.60667419433597,134.40750122070312,36.12482452392578,30.330644607543945,53.68498229980469,42.81494522094727,41.3291244506836,4266.490234375
2021-06-25,129.74923706054688,254.3388519287109,18.96539878845215,223.9566650390625,135.76470947265625,36.82378387451172,30.168113708496094,53.80147933959961,43.321556091308594,41.336456298828125,4280.7001953125
2021-06-28,131.37709045410156,257.88970947265625,19.916112899780277,229.5733337402344,136.01148986816406,36.77070236206055,30.27646255493164,52.428558349609375,43.18707656860352,41.18981552124024,4290.60986328125
2021-06-29,132.8878936767578,260.4617004394531,19.95771598815918,226.9199981689453,135.8440399169922,36.17791366577149,30.260988235473636,52.10405349731445,42.93689727783203,40.9405403137207,4291.7998046875
2021-06-30,133.50209045410156,259.9818115234375,19.93355178833008,226.5666656494141,137.07786560058594,36.47873306274414,30.30742454528809,52.48681640625,44.1002311706543,41.079837799072266,4297.5
2021-07-01,133.80419921875,260.653564453125,20.1423282623291,225.97332763671875,138.43504333496094,36.75300598144531,30.61700439453125,52.6365852355957,43.568603515625,41.27047348022461,4319.93994140625
2021-07-02,136.42630004882812,266.4598388671875,20.416378021240234,226.3000030517578,138.30210876464844,36.4079475402832,30.74856948852539,52.56169509887695,43.81565856933594,41.38043594360352,4352.33984375
2021-07-06,138.43431091308594,266.4693603515625,20.62714958190918,219.8600006103516,135.97979736328125,35.45240020751953,30.408037185668945,51.063961029052734,43.76249313354492,41.35844421386719,4343.5400390625
2021-07-07,140.91986083984375,268.64794921875,20.30153083801269,214.88333129882807,136.13934326171875,35.169273376464844,30.454465866088867,50.26519393920898,43.69056701660156,41.44642639160156,4358.1298828125
2021-07-08,139.6234893798828,266.2390441894531,19.83414459228516,217.60333251953125,133.79046630859375,34.311065673828125,30.377073287963867,50.04053115844727,43.65303802490234,41.281837463378906,4320.81982421875
2021-07-09,141.44625854492188,266.7381286621094,19.98113250732422,218.98333740234372,138.07167053222656,35.42586135864258,30.655689239501957,50.94747924804688,43.87506866455078,41.57098007202149,4369.5498046875
2021-07-12,140.8516387939453,266.1430969238281,20.441791534423828,228.5666656494141,140.0482940673828,35.9478645324707,30.77178382873535,50.89755630493164,43.79689025878906,41.63029861450195,4384.6298828125
2021-07-13,141.962890625,269.6555480957031,20.18020439147949,222.8466644287109,137.9652557373047,35.26660919189453,30.68665313720703,50.65626525878906,43.96264266967773,41.58581161499024,4369.2099609375
2021-07-14,145.38424682617188,271.1239013671875,19.77310562133789,217.7933349609375,137.4954833984375,34.3818359375,30.918832778930664,49.5329704284668,44.26597595214844,41.7563362121582,4374.2998046875
2021-07-15,144.73117065429688,269.7035827636719,18.90087509155273,216.86666870117188,137.796875,34.35530090332031,31.027183532714844,49.05037689208984,44.30037307739258,41.92686080932617,4360.02978515625
2021-07-16,142.69393920898438,269.434814453125,18.098398208618164,214.7400054931641,134.6502685546875,33.5501594543457,31.228403091430664,47.69409942626953,44.26910400390625,41.86013412475586,4327.16015625
2021-07-19,138.8533935546875,265.8455505371094,18.715017318725582,215.4066619873047,130.27151489257812,32.67425537109375,31.07362174987793,46.05492782592773,44.16591644287109,41.40046691894531,4258.490234375
2021-07-20,142.4599609375,268.0625,18.54784202575684,220.1666717529297,132.70021057128906,33.34667205810547,31.770166397094727,46.5624885559082,44.36604690551758,41.20769119262695,4323.06005859375
2021-07-21,141.72891235351562,270.05865478515625,19.343095779418945,218.42999267578125,135.49229431152344,34.0279426574707,31.74695205688477,48.06020736694336,44.14714813232422,41.48201751708984,4358.68994140625
2021-07-22,143.0935516357422,274.6076354980469,19.52645874023437,216.4199981689453,133.78155517578125,33.58555221557617,32.09522247314453,47.51936340332031,44.17841720581055,41.48201751708984,4367.47998046875
2021-07-23,144.80914306640625,277.9953918457031,19.49058532714844,214.4600067138672,133.52452087402344,33.35551452636719,32.25774383544922,47.461124420166016,44.54117965698242,41.43011474609375,4411.7900390625
2021-07-26,145.22830200195312,277.4003295898437,19.22749710083008,219.2066650390625,134.41976928710938,33.7359619140625,32.35835647583008,48.65929412841797,44.60371398925781,41.35597610473633,4422.2998046875
2021-07-27,143.06436157226562,274.9914855957031,19.141794204711918,214.9266662597656,134.24249267578125,33.60325241088867,32.58279037475586,48.11845779418945,44.60684585571289,41.6673698425293,4401.4599609375
2021-07-28,141.3195037841797,274.68438720703125,19.435773849487305,215.66000366210935,134.4640655517578,33.7359619140625,33.62761688232422,48.44295883178711,44.42546463012695,41.311485290527344,4400.64013671875
2021-07-29,141.962890625,274.9530944824219,19.594226837158203,225.7833404541016,135.6163787841797,34.22258758544922,33.41676330566406,49.03373718261719,44.48175430297852,41.50425720214844,4419.14990234375
2021-07-30,142.17727661132812,273.42724609375,19.431787490844727,229.0666656494141,134.5349884033203,33.9394645690918,33.43238067626953,47.90212631225586,44.578704833984375,41.35597610473633,4395.259765625
2021-08-02,141.8459014892578,273.3407897949219,19.681921005249023,236.55667114257807,133.9943084716797,33.58555221557617,34.330467224121094,47.91043472290039,44.47550201416016,41.34114837646485,4387.16015625
2021-08-03,143.63941955566406,275.548095703125,19.7466983795166,236.5800018310547,135.5188751220703,34.107566833496094,35.67369842529297,48.42631912231445,44.97584915161133,41.31890869140625,4423.14990234375
2021-08-04,143.23976135253906,274.9627380371094,20.2041130065918,236.97332763671875,134.05638122558594,33.85983657836914,35.29103469848633,47.29470443725586,44.66940307617188,41.05199432373047,4402.66015625
2021-08-05,143.34701538085938,277.85137939453125,20.56586456298828,238.2100067138672,135.7493438720703,34.52340316772461,35.18951416015625,47.59424591064453,45.49810791015625,41.000099182128906,4429.10009765625
2021-08-06,142.6636962890625,277.7938232421875,20.295799255371094,233.0333404541016,139.6050567626953,35.52318572998047,35.197322845458984,48.14341735839844,45.41679382324219,40.9407844543457,4436.52001953125
2021-08-09,142.61485290527344,276.7093505859375,20.22504425048828,237.9199981689453,139.45440673828125,35.98325729370117,35.90798568725586,47.59424591064453,45.5262565612793,40.86664581298828,4432.35009765625
2021-08-10,142.13653564453125,274.8955078125,19.86728286743164,236.663330078125,141.1651153564453,36.65567398071289,37.633880615234375,48.40968704223633,46.49570083618164,41.133548736572266,4436.75
2021-08-11,142.3903350830078,275.385009765625,19.63109970092773,235.94000244140625,142.84925842285156,37.11576461791992,36.16569519042969,48.55113220214844,46.91162109375,41.20027923583984,4442.41015625
2021-08-12,145.3482666015625,278.129638671875,19.83638381958008,240.75,143.4076385498047,37.2927131652832,36.8919792175293,48.44132995605469,46.78606414794922,41.25217819213867,4460.830078125
2021-08-13,145.55325317382812,281.0472412109375,20.118412017822266,239.05667114257807,141.80332946777344,36.832637786865234,37.8603515625,47.95142364501953,46.933589935302734,41.42270278930664,4468.0
2021-08-16,147.5251922607422,282.7266845703125,19.88122940063477,228.72332763671875,140.87261962890625,36.53181457519531,38.19615936279297,47.25035095214844,47.31650924682617,41.50425720214844,4479.7099609375
2021-08-17,146.6173553466797,281.2679138183594,19.390928268432617,221.90333557128903,139.17076110839844,36.3548583984375,39.37538528442383,46.92938995361328,47.30081558227539,41.65254211425781,4448.080078125
2021-08-18,142.87844848632812,279.5467529296875,18.974369049072266,229.663330078125,137.9032440185547,36.08944320678711,38.508544921875,45.94112014770508,46.79862594604492,41.12613296508789,4400.27001953125
2021-08-19,143.21034240722656,285.3544311523437,19.729755401611328,224.4900054931641,136.75096130371094,35.5585823059082,38.11026382446289,44.53899002075195,47.11563491821289,41.05199432373047,4405.7998046875
2021-08-20,144.66488647460938,292.6524963378906,20.74424362182617,226.7533264160156,137.14096069335938,35.71783447265625,38.04778289794922,44.54743194580078,47.53621673583984,41.163204193115234,4441.669921875
2021-08-23,146.1487579345703,292.93133544921875,21.88231468200684,235.43333435058597,138.89599609375,36.19560623168945,38.99272537231445,46.38035202026367,47.222354888916016,41.08906555175781,4479.52978515625
2021-08-24,146.06088256835938,290.9794006347656,21.71787452697754,236.163330078125,139.75576782226562,36.69991683959961,37.782264709472656,46.76044845581055,46.73584747314453,40.78508758544922,4486.22998046875
2021-08-25,144.8308563232422,290.39288330078125,22.13642692565918,237.0666656494141,142.63650512695312,37.2927131652832,37.10283279418945,46.84492111206055,46.75467300415039,40.72576904296875,4496.18994140625
2021-08-26,144.03036499023438,287.58514404296875,21.99193382263184,233.72000122070312,143.37220764160156,37.19538879394531,37.001312255859375,46.211421966552734,46.24934005737305,40.481101989746094,4470.0
2021-08-27,145.06512451171875,288.1910095214844,22.557973861694336,237.30667114257807,144.52450561523438,37.59352493286133,36.39217376708984,47.10675430297852,45.98883056640625,40.60714721679688,4509.3701171875
2021-08-30,149.4776153564453,291.91217041015625,22.60979461669922,243.6366729736328,142.21104431152344,36.85917282104492,36.51712417602539,46.59151840209961,46.35919189453125,40.60714721679688,4528.7900390625
2021-08-31,148.21829223632812,290.26788330078125,22.3117733001709,245.2400054931641,141.7767333984375,36.93880081176758,35.978267669677734,46.05094146728516,46.48474884033203,40.77767562866211,4522.68017578125
2021-09-01,148.88214111328125,290.2197265625,22.36758804321289,244.69667053222656,141.57284545898438,36.443336486816406,35.95484924316406,45.41743469238281,46.384307861328125,40.733184814453125,4524.08984375
2021-09-02,149.99502563476562,289.56591796875,22.322738647460938,244.1300048828125,142.22877502441406,36.47890472412109,36.5796012878418,46.52394485473633,46.62913131713867,40.9926872253418,4536.9501953125
2021-09-03,150.62954711914062,289.5563659667969,22.76827812194824,244.52333068847656,141.36898803710938,36.505592346191406,36.5796012878418,46.34657287597656,46.84571075439453,41.09648513793945,4535.43017578125
2021-09-07,152.96270751953125,288.63336181640625,22.587871551513672,250.97332763671875,141.12081909179688,36.74570083618164,36.50931167602539,46.076271057128906,46.2242317199707,40.64422225952149,4520.02978515625
2021-09-08,151.42030334472656,288.6620788574219,22.265926361083984,251.2899932861328,140.49147033691406,36.26548004150391,36.32188415527344,45.65394592285156,46.28387069702149,40.7109489440918,4514.06982421875
2021-09-09,150.40505981445312,285.81597900390625,22.104455947875977,251.6199951171875,141.1030731201172,36.39888000488281,35.94702911376953,45.6877326965332,45.95743560791016,40.36248397827149,4493.27978515625
2021-09-10,145.42636108398438,284.3351745605469,22.40447235107422,245.42333984375,139.48101806640625,35.81193542480469,35.60341262817383,45.59481430053711,45.79108810424805,40.20678329467773,4458.580078125
2021-09-13,145.99258422851562,285.5659484863281,22.07953643798828,247.6666717529297,141.69692993164062,36.40776824951172,34.814659118652344,46.76889801025391,45.53055953979492,40.49593353271485,4468.72998046875
2021-09-14,144.5965576171875,288.2583312988281,22.16924095153809,248.163330078125,139.2239532470703,35.42953872680664,34.91618728637695,46.10160827636719,45.29202651977539,40.34024429321289,4443.0498046875
2021-09-15,145.48489379882812,293.0948181152344,22.267919540405277,251.94332885742188,140.1901397705078,35.69633483886719,34.963035583496094,47.65578842163086,45.37049102783203,40.4588623046875,4480.7001953125
2021-09-16,145.2506103515625,293.4794006347656,22.16924095153809,252.3300018310547,140.12806701660156,35.97200393676758,34.72875213623047,47.14899063110352,45.52115631103516,40.35506820678711,4473.75
2021-09-17,142.5855712890625,288.3351745605469,21.82835960388184,253.163330078125,139.76461791992188,36.01647186279297,34.27579498291016,46.59151840209961,45.42698287963867,40.24386215209961,4432.990234375
2021-09-20,139.53981018066406,282.9794616699219,21.04393196105957,243.38999938964844,135.58091735839844,34.780357360839844,34.51790237426758,45.3498649597168,44.80238723754883,40.22903060913086,4357.72998046875
2021-09-21,140.01809692382812,283.46026611328125,21.17650032043457,246.4600067138672,135.59866333007812,34.79814147949219,34.29923248291016,45.30763244628906,44.890262603759766,40.058502197265625,4354.18994140625
2021-09-22,142.38055419921875,287.0947570800781,21.86922264099121,250.64666748046875,138.1957550048828,35.69633483886719,34.32266616821289,46.63374710083008,44.78668594360352,40.08074951171875,4395.64013671875
2021-09-23,143.33724975585938,288.037109375,22.4084587097168,251.2133331298828,142.86695861816406,37.074737548828125,34.51008987426758,48.2132682800293,44.811790466308594,40.34766006469727,4448.97998046875
2021-09-24,143.42510986328125,287.835205078125,22.008764266967773,258.1300048828125,144.51565551757812,37.47492980957031,34.31485366821289,48.64403533935547,44.93734359741211,40.310585021972656,4455.47998046875
2021-09-27,141.9119873046875,282.8545227050781,21.58914566040039,263.78668212890625,148.00799560546875,38.47093963623047,34.02590560913086,50.088417053222656,44.64858627319336,40.38471984863281,4443.10986328125
2021-09-28,138.5343017578125,272.6141052246094,20.63128662109375,259.1866760253906,147.21026611328125,38.38199615478516,33.61199951171875,50.61209487915039,44.09929656982422,40.15489196777344,4352.6298828125
2021-09-29,139.43240356445312,273.0756530761719,20.44988250732422,260.4366760253906,147.09503173828125,38.30196380615234,33.994659423828125,50.57831954956055,44.08047103881836,40.31800842285156,4359.4599609375
2021-09-30,138.13404846191406,271.0757141113281,20.648239135742188,258.49334716796875,145.091796875,37.7505989074707,33.588565826416016,49.6829833984375,43.74776840209961,40.043678283691406,4307.5400390625
2021-10-01,139.25668334960938,277.9795227050781,20.674148559570312,258.4066772460937,148.14096069335938,38.31085968017578,33.526092529296875,51.46521759033203,43.01643753051758,40.25868606567383,4357.0400390625
2021-10-04,135.83016967773438,272.21990966796875,19.667451858520508,260.510009765625,147.98141479492188,38.54207229614258,33.1278076171875,52.13250350952149,42.60212326049805,40.40696716308594,4300.4599609375
2021-10-05,137.75335693359375,277.6525573730469,20.384096145629883,260.1966552734375,150.39797973632812,39.32466125488281,33.049713134765625,52.04802322387695,42.88147735595703,40.41437911987305,4345.72021484375
2021-10-06,138.6221466064453,281.835205078125,20.632287979125977,260.9166564941406,150.71902465820312,39.34244155883789,32.815433502197266,51.09355926513672,43.19535446166992,40.42920684814453,4363.5498046875
2021-10-07,139.88148498535156,283.5082397460937,21.00606155395508,264.53668212890625,151.67312622070312,39.2357292175293,33.37771224975586,51.23714828491211,43.70382308959961,40.43671417236328,4399.759765625
2021-10-08,139.50070190429688,283.5082397460937,20.762859344482425,261.8299865722656,151.78903198242188,39.43136596679688,33.151241302490234,52.52104187011719,43.83564758300781,39.94156646728516,4391.33984375
2021-10-11,139.4128875732422,282.9121398925781,20.62729835510254,263.9800109863281,148.59666442871094,38.933372497558594,32.8466796875,51.99734115600586,43.79485702514648,39.14633941650391,4361.18994140625
2021-10-12,138.143798828125,281.6140441894531,20.603382110595703,268.5733337402344,147.45529174804688,38.71994018554688,32.68267059326172,51.7270622253418,43.74776840209961,38.50865173339844,4350.64990234375
2021-10-13,137.55809020996094,284.912109375,20.870502471923828,270.3599853515625,143.5673828125,38.36421203613281,32.34687423706055,51.58346557617188,43.43074798583984,38.523658752441406,4363.7998046875
2021-10-14,140.3402557373047,291.1044006347656,21.674861907958984,272.7733459472656,145.76992797851562,40.080562591552734,32.542091369628906,52.36899566650391,43.90156173706055,38.95127868652344,4438.259765625
2021-10-15,141.3945770263672,292.5082702636719,21.79047966003418,281.010009765625,148.5699462890625,41.23665237426758,32.40153503417969,52.86735153198242,44.11499786376953,39.21385192871094,4471.3701171875
2021-10-18,143.06393432617188,295.46978759765625,22.14930725097656,290.03668212890625,148.51646423339844,41.1566047668457,32.268760681152344,52.84201431274414,44.46967697143555,38.94377517700195,4486.4599609375
2021-10-19,145.22132873535156,296.37359619140625,22.217084884643555,288.0899963378906,150.31773376464844,41.33446502685547,32.87009811401367,53.63599395751953,45.41444396972656,39.273868560791016,4519.6298828125
2021-10-20,145.70945739746094,295.58514404296875,22.03069305419922,288.6000061035156,152.34193420410156,41.87693786621094,33.42456817626953,53.93162155151367,45.82561492919922,40.219146728515625,4536.18994140625
2021-10-21,145.9242401123047,298.8062744140625,22.61776733398437,298.0,151.14706420898438,41.64572525024414,33.471435546875,52.95182037353516,46.07984924316406,40.05409622192383,4549.77978515625
2021-10-22,145.15304565429688,297.267822265625,22.651657104492188,303.2266540527344,153.18016052246094,42.30379867553711,33.705711364746094,53.31501770019531,46.5600814819336,39.70899963378906,4544.89990234375
2021-10-25,145.1042022705078,296.27740478515625,23.09021759033203,341.6199951171875,152.4310760498047,42.25043487548828,33.69790267944336,54.35395050048828,47.09994888305664,39.4464225769043,4566.47998046875
2021-10-26,145.7680206298828,298.18133544921875,24.63614273071289,339.4766540527344,152.84127807617188,42.65061569213867,34.01810073852539,55.612491607666016,46.68876266479492,39.82152938842773,4574.7900390625
2021-10-27,145.3092041015625,310.7388916015625,24.371013641357425,345.9533386230469,149.6578369140625,41.83247375488281,33.55733108520508,54.16812896728516,46.30583572387695,39.48393249511719,4551.68017578125
2021-10-28,148.94073486328125,311.8735656738281,24.859413146972656,359.0133361816406,151.91390991210938,42.49055480957031,33.72132873535156,54.32016372680664,46.5946044921875,39.611473083496094,4596.419921875
2021-10-29,146.23660278320312,318.8638916015625,25.48335647583008,371.3333435058594,151.4947967529297,42.49055480957031,34.158660888671875,54.45530700683594,46.89906311035156,39.75401306152344,4605.3798828125
2021-11-01,145.41661071777344,316.7004089355469,25.74251365661621,402.86334228515625,151.41452026367188,42.55279541015625,34.080570220947266,55.43510818481445,47.01519393920898,39.7239990234375,4613.669921875
2021-11-02,146.4513702392578,320.3158569335937,26.31463432312012,390.6666564941406,152.01199340820312,42.57948303222656,35.49409103393555,54.750938415527344,46.99322891235352,39.43891906738281,4630.64990234375
2021-11-03,147.88644409179688,321.1523742675781,26.510990142822266,404.6199951171875,152.0655059814453,43.015235900878906,35.00208282470703,53.99919509887695,47.13760757446289,39.71650314331055,4660.56982421875
2021-11-04,147.36903381347656,323.4984741210937,29.703510284423828,409.9700012207031,150.06800842285156,42.09036636352539,34.54515838623047,54.40464019775391,47.48286056518555,38.89875793457031,4680.06005859375
2021-11-05,147.8969268798828,323.1331787109375,29.65467643737793,407.36334228515625,149.85400390625,41.77021789550781,38.29509735107422,54.91987991333008,47.1533088684082,39.19135284423828,4697.52978515625
2021-11-08,147.07574462890625,324.0273132324219,30.70323181152344,387.6466674804688,150.75462341308594,42.09926223754883,38.074520111083984,55.51114654541016,46.85197830200195,39.25887680053711,4701.7001953125
2021-11-09,147.4374542236328,323.0273742675781,30.556713104248047,341.1666564941406,149.6132354736328,41.690185546875,37.26307678222656,56.05171585083008,47.01519393920898,39.19135284423828,4685.25
2021-11-10,144.61207580566406,318.075439453125,29.36263084411621,355.9833374023437,149.4705810546875,42.00143814086914,38.61809921264648,54.94747543334961,46.59146499633789,39.46142578125,4646.7099609375
2021-11-11,144.56321716308594,319.6427001953125,30.290586471557617,354.5033264160156,149.46168518066406,42.23265075683594,39.53195571899414,55.05018615722656,46.61029815673828,39.34889602661133,4649.27001953125
2021-11-12,146.63580322265625,323.7677001953125,30.290586471557617,344.47332763671875,148.79286193847656,41.71685791015625,39.17743682861328,54.6307373046875,46.378028869628906,39.26637268066406,4682.85009765625
2021-11-15,146.6455535888672,323.1427001953125,29.92677879333496,337.7966613769531,148.52536010742188,41.84136962890625,39.11441421508789,55.10155487060547,46.11124038696289,39.31138610839844,4682.7998046875
2021-11-16,147.62319946289062,326.4504089355469,30.104198455810547,351.57666015625,147.45529174804688,41.86804962158203,39.07502365112305,55.657962799072266,44.93734359741211,39.05631637573242,4700.89990234375
2021-11-17,150.05747985839844,326.67193603515625,29.1652774810791,363.0033264160156,146.66165161132812,41.361141204833984,40.07553482055664,55.05018615722656,44.5512809753418,38.80874252319336,4688.669921875
2021-11-18,154.33953857421875,328.7430419921875,31.57138442993164,365.4599914550781,145.3953857421875,41.19219207763672,40.50094604492188,54.45098114013672,44.93421173095703,38.44112396240234,4704.5400390625
2021-11-19,156.95965576171875,330.5155029296875,32.877098083496094,379.0199890136719,143.49600219726562,40.37403106689453,40.020389556884766,51.93429946899414,44.69252395629883,38.156063079833984,4697.9599609375
2021-11-22,157.41912841796875,327.3558959960937,31.851463317871094,385.6233215332031,146.55465698242188,41.1566047668457,40.33551025390625,52.653350830078125,45.442684173583984,38.66619491577149,4682.93994140625
2021-11-23,157.8003692626953,325.2847900390625,31.64215087890625,369.6766662597656,150.05909729003906,42.24153900146485,40.24097442626953,54.04010009765625,45.76597213745117,38.8237419128418,4690.7001953125
2021-11-24,158.31857299804688,325.50640869140625,32.56711196899414,372.0,148.88201904296875,42.35715866088867,40.091285705566406,54.339691162109375,45.9951057434082,38.75621795654297,4701.4599609375
2021-11-26,153.30325317382812,317.5783996582031,31.399948120117188,360.6400146484375,144.39666748046875,40.69417572021485,42.54135513305664,52.430789947509766,45.48035430908203,38.86125564575195,4594.6201171875
2021-11-29,156.65655517578125,324.2733459472656,33.26681900024414,378.9966735839844,143.7724609375,40.54299545288086,41.280879974365234,52.72183609008789,44.767845153808594,38.75621795654297,4655.27001953125
2021-11-30,161.60342407226562,318.4550170898437,32.5691032409668,381.586669921875,141.63230895996094,39.546974182128906,42.32865905761719,51.22380828857422,44.140113830566406,37.71342086791992,4567.0
2021-12-01,161.08529663085938,317.9638061523437,31.33600425720215,365.0,140.79412841796875,38.986724853515625,43.07706451416016,51.18100738525391,43.04468536376953,37.33831787109375,4513.0400390625
2021-12-02,160.09783935546875,317.3954467773437,32.02482604980469,361.5333251953125,143.7546844482422,40.11262893676758,41.78507232666016,52.45647430419922,42.52052307128906,38.05851745605469,4577.10009765625
2021-12-03,158.22080993652344,311.1532897949219,30.596343994140625,338.3233337402344,141.15081787109375,39.2011833190918,42.75405883789063,52.12262725830078,43.16082382202149,38.576171875,4538.43017578125
2021-12-06,161.6229705810547,314.216552734375,29.94241142272949,336.336669921875,142.8182830810547,39.45138549804688,40.556095123291016,52.7132682800293,43.62849044799805,38.3135986328125,4591.669921875
2021-12-07,167.35191345214844,322.62603759765625,32.32487869262695,350.5833435058594,144.96739196777344,39.95177459716797,40.74517822265625,53.30392074584961,43.48725128173828,38.1035385131836,4686.75
2021-12-08,171.16470336914062,322.6742858886719,31.725770950317383,356.32000732421875,143.30873107910156,39.4603157043457,40.49307632446289,53.45800018310547,43.04783248901367,37.87847137451172,4701.2099609375
2021-12-09,170.6563262939453,320.8729858398437,30.39398193359375,334.6000061035156,143.08587646484375,39.75520324707031,41.02878189086914,53.59496688842773,43.64659118652344,37.63090133666992,4667.4501953125
2021-12-10,175.4369659423828,329.96649169921875,30.102895736694336,339.010009765625,142.51513671875,39.78200912475586,41.58023452758789,53.93737030029297,44.44388961791992,37.65340423583984,4712.02001953125
2021-12-13,171.8099365234375,326.9416809082031,28.07231330871582,322.1366577148437,140.82086181640625,38.94204330444336,43.486724853515625,52.75608444213867,45.24433135986328,37.72092056274414,4668.97021484375
2021-12-14,170.4314727783203,316.28765869140625,28.24776077270508,319.5033264160156,141.8998260498047,39.43350982666016,43.75457382202149,52.67902755737305,45.67607116699219,37.99850845336914,4634.08984375
2021-12-15,175.29031372070312,322.36602783203125,30.36307907104492,325.3299865722656,140.8386993408203,39.26372909545898,46.32280731201172,52.44791030883789,45.93764114379883,37.92348098754883,4709.85009765625
2021-12-16,168.40774536132812,312.9739074707031,28.297607421875,308.97332763671875,143.041259765625,40.21092224121094,48.2529296875,52.53350830078125,45.171852111816406,39.573951721191406,4668.669921875
2021-12-17,167.3127899169922,311.914306640625,27.71344757080078,310.8566589355469,139.7864532470703,39.21012115478516,46.858524322509766,51.38644790649414,43.72536087036133,39.88905334472656,4620.64013671875
2021-12-20,165.95388793945312,308.1670837402344,27.631710052490234,299.9800109863281,137.2718048095703,38.56673431396485,48.07172775268555,50.6417236328125,43.8671875,39.82903289794922,4568.02001953125
2021-12-21,169.12144470214844,315.2762145996094,28.98343849182129,312.84332275390625,139.18899536132812,39.48712921142578,46.44097900390625,51.78877639770508,43.99953842163086,39.596466064453125,4649.22998046875
2021-12-22,171.712158203125,320.96929931640625,29.307416915893555,336.2900085449219,139.73294067382812,39.56754684448242,46.91365814208984,52.20822525024414,44.0562629699707,39.58896255493164,4696.56005859375
2021-12-23,172.33786010742188,322.40460205078125,29.54665756225586,355.6666564941406,140.23233032226562,39.69264602661133,46.25190734863281,52.23390579223633,43.95857620239258,39.52143859863281,4725.7900390625
2021-12-27,176.2972869873047,329.8797607421875,30.84754753112793,364.6466674804688,141.03488159179688,39.88923645019531,46.63793563842773,52.97863006591797,44.35879898071289,39.52143859863281,4791.18994140625
2021-12-28,175.28053283691406,328.7237548828125,30.22650909423828,362.8233337402344,141.462890625,39.942848205566406,45.7004508972168,52.80743408203125,44.99537658691406,39.55145263671875,4786.35009765625
2021-12-29,175.36854553222656,329.3981018066406,29.906518936157227,362.0633239746094,141.39157104492188,39.88030242919922,45.36170196533203,52.34518814086914,44.97331237792969,39.28137969970703,4793.06005859375
2021-12-30,174.21493530273438,326.86456298828125,29.49282455444336,356.7799987792969,141.32020568847656,39.79095077514648,46.00769805908203,52.03702545166016,45.11827850341797,39.1988525390625,4778.72998046875
2021-12-31,173.59902954101562,323.9747009277344,29.318378448486328,352.260009765625,141.204345703125,39.75520324707031,46.5197639465332,52.379425048828125,45.59729766845703,38.981292724609375,4766.18017578125
2022-01-03,177.9397430419922,322.4623718261719,30.026142120361328,399.9266662597656,144.19154357910156,41.26533508300781,44.62904357910156,54.391056060791016,45.58469009399414,39.34139251708984,4796.56005859375
2022-01-04,175.68136596679688,316.9330444335937,29.1977653503418,383.1966552734375,149.6578369140625,42.88271331787109,42.95889663696289,56.43692398071289,44.74956130981445,40.11411666870117,4793.5400390625
2022-01-05,171.00828552246094,304.76666259765625,27.517070770263672,362.7066650390625,146.9217987060547,42.15890884399414,43.82548522949219,57.13886642456055,45.35463333129883,40.5267333984375,4700.580078125
2022-01-06,168.15357971191406,302.35845947265625,28.089262008666992,354.8999938964844,148.482666015625,43.00782012939453,43.20311737060547,58.48279571533203,45.22858428955078,40.33168411254883,4696.0498046875
2022-01-07,168.3197784423828,302.5126647949219,27.16119384765625,342.32000732421875,149.95388793945312,43.94607162475586,43.89638900756836,58.962162017822266,45.66031646728516,41.18205261230469,4677.02978515625
2022-01-10,168.33929443359375,302.7341003417969,27.313709259033203,352.7066650390625,150.097412109375,43.72267150878906,44.30603790283203,58.6112174987793,45.57208633422852,40.90111923217773,4670.2900390625
2022-01-11,171.16470336914062,303.4180603027344,27.729398727416992,354.79998779296875,150.2499542236328,43.97287368774414,44.660552978515625,61.0765266418457,45.442867279052734,40.68852615356445,4713.06982421875
2022-01-12,171.60462951660156,306.5873413085937,27.910823822021484,368.739990234375,151.1021270751953,43.66013717651367,44.62904357910156,60.896759033203125,45.20336532592773,40.58223724365234,4726.35009765625
2022-01-13,168.33929443359375,293.6116943359375,26.491310119628903,343.85333251953125,150.9137420654297,43.570762634277344,43.75457382202149,60.460182189941406,45.84310531616211,40.6353874206543,4659.02978515625
2022-01-14,169.19964599609375,298.8135681152344,26.857152938842773,349.8699951171875,141.63807678222656,42.81122589111328,43.28977584838867,61.52164840698242,45.71388244628906,40.453155517578125,4662.85009765625
2022-01-18,166.0028076171875,291.54058837890625,25.821422576904297,343.5033264160156,135.699462890625,41.33682632446289,42.628021240234375,62.55742263793945,44.9134521484375,40.56705856323242,4577.10986328125
2022-01-19,162.51258850097656,292.1957092285156,24.98805809020996,331.8833312988281,133.60032653808594,41.49767303466797,42.17897033691406,62.58310317993164,45.360939025878906,40.62019348144531,4532.759765625
2022-01-20,160.8310546875,290.5292053222656,24.073944091796875,332.0899963378906,132.46102905273438,40.88109970092773,42.58074951171875,62.72005844116211,44.50376129150391,40.54427719116211,4482.72998046875
2022-01-21,158.77806091308594,285.1636657714844,23.300386428833008,314.6333312988281,130.14662170410156,40.13943862915039,41.5881233215332,61.77845764160156,44.17916870117188,40.3620491027832,4397.93994140625
2022-01-24,158.00567626953125,285.4910888671875,23.29839324951172,310.0,130.030029296875,39.80881118774414,40.60337066650391,62.30918502807617,44.18231964111328,40.21019744873047,4410.1298828125
2022-01-25,156.20687866210938,277.90045166015625,22.253698348999023,306.1333312988281,131.44737243652344,40.59516525268555,41.39117431640625,64.14103698730469,43.22115707397461,40.164642333984375,4356.4501953125
2022-01-26,156.11883544921875,285.8187255859375,22.700284957885746,312.4700012207031,132.6942901611328,41.01514434814453,41.76143264770508,63.4904899597168,42.77996063232422,38.73724365234375,4349.93017578125
2022-01-27,155.6593780517578,288.83380126953125,21.874895095825195,276.3666687011719,130.35293579101562,40.63090515136719,42.364723205566406,64.30369567871094,42.80832290649414,38.866310119628906,4326.509765625
2022-01-28,166.52096557617188,296.9447937011719,22.768075942993164,282.1166687011719,131.51913452148438,40.98833465576172,43.12676239013672,64.44065856933594,43.33775329589844,40.164642333984375,4431.85009765625
2022-01-31,170.87139892578125,299.5649108886719,24.40888977050781,312.239990234375,133.30433654785156,41.22959899902344,41.8249397277832,65.02275085449219,44.05942153930664,40.41519546508789,4515.5498046875
2022-02-01,170.70521545410156,297.4264221191406,24.56040954589844,310.4166564941406,135.591796875,41.9444580078125,42.126583099365234,69.1915283203125,44.40607070922852,40.39241790771485,4546.5400390625
2022-02-02,171.90769958496094,301.953857421875,25.162506103515625,301.8866577148437,134.50634765625,41.899784088134766,42.75367736816406,69.01176452636719,44.387168884277344,40.84797286987305,4589.3798828125
2022-02-03,169.03346252441406,290.1920166015625,23.872581481933597,297.0466613769531,133.3939971923828,41.48873519897461,42.372657775878906,68.2071304321289,44.43128204345703,40.84037399291992,4477.43994140625
2022-02-04,168.74960327148438,294.7098693847656,24.242420196533203,307.7733459472656,136.856689453125,43.141849517822266,42.07101440429688,69.6880111694336,43.90815734863281,40.4759407043457,4500.52978515625
2022-02-07,168.03500366210938,289.90301513671875,24.650127410888672,302.4466552734375,137.3141632080078,43.34737777709961,42.23770904541016,70.52689361572266,43.47641754150391,40.24056625366211,4483.8701171875
2022-02-08,171.13803100585938,293.3805847167969,25.028932571411133,307.3333435058594,139.89773559570312,44.12478256225586,41.03907775878906,68.70360565185547,43.4858627319336,40.10390472412109,4521.5400390625
2022-02-09,172.55746459960938,299.7864074707031,26.62090110778809,310.6666564941406,140.48081970214844,44.035430908203125,40.85651016235352,68.37471771240234,43.391334533691406,40.62019348144531,4587.18017578125
2022-02-10,168.4852752685547,291.28057861328125,25.74267578125,301.51666259765625,139.89773559570312,43.82990646362305,40.16591262817383,67.71691131591797,42.88395690917969,40.270938873291016,4504.080078125
2022-02-11,165.07876586914062,284.2099914550781,23.87357711791992,286.6666564941406,138.07667541503906,42.820159912109375,40.30879592895508,69.42196655273438,42.64759826660156,40.48353576660156,4418.64013671875
2022-02-14,165.31370544433594,284.17144775390625,24.190580368041992,291.9200134277344,136.79388427734375,42.37337112426758,39.5308837890625,68.35739135742188,42.21269607543945,40.44557189941406,4401.669921875
2022-02-15,169.14114379882812,289.440673828125,26.411563873291016,307.4766540527344,138.7943878173828,42.70400238037109,39.52293395996094,67.50055694580078,42.34506988525391,40.51390838623047,4471.06982421875
2022-02-16,168.90615844726562,289.102783203125,26.42750740051269,307.7966613769531,139.0455322265625,42.60569763183594,39.43561935424805,67.81211853027344,42.080352783203125,40.54427719116211,4475.009765625
2022-02-17,165.31370544433594,280.6372375488281,24.42982292175293,292.1166687011719,135.8429412841797,41.16704177856445,38.81646347045898,67.70826721191406,43.76633834838867,40.680938720703125,4380.259765625
2022-02-18,163.7670440673828,277.9344787597656,23.56754493713379,285.6600036621094,136.47991943359375,41.06876754760742,38.522762298583984,66.9552993774414,43.4858627319336,40.87075424194336,4348.8701171875
2022-02-22,160.84999084472656,277.7317810058594,23.316341400146484,273.84332275390625,136.2376708984375,40.71133041381836,37.72896957397461,66.17632293701172,43.00056076049805,40.92390060424805,4304.759765625
2022-02-23,156.68975830078125,270.5404052734375,22.31649398803711,254.67999267578125,133.38504028320312,40.01433944702149,37.20506286621094,66.44462585449219,42.559356689453125,40.55186462402344,4225.5
2022-02-24,159.30337524414062,284.3632507324219,23.6732120513916,266.92333984375,129.67117309570312,38.95991134643555,36.48271179199219,65.6051025390625,42.39548873901367,39.92928314208984,4288.7001953125
2022-02-25,161.3688201904297,286.9888610839844,24.080923080444336,269.9566650390625,132.73912048339844,40.22879409790039,37.87978744506836,67.3707046508789,42.97850036621094,41.09093475341797,4384.64990234375
2022-02-28,161.63307189941406,288.4174499511719,24.308202743530277,290.1433410644531,127.2042465209961,39.49606323242188,37.260623931884766,67.87271881103516,42.59402847290039,40.749271392822266,4373.93994140625
2022-03-01,159.75367736816406,284.7107849121094,23.40306282043457,288.1233215332031,122.40492248535156,37.95017623901367,36.31601333618164,68.52184295654297,42.855587005615234,40.70372009277344,4306.259765625
2022-03-02,163.04266357421875,289.7688903808594,24.147836685180664,293.2966613769531,124.94359588623048,38.56673431396485,37.86391830444336,69.69893646240234,42.90916442871094,41.10612487792969,4386.5400390625
2022-03-03,162.71963500976562,285.6471252441406,23.64335250854492,279.7633361816406,124.05552673339844,38.15369415283203,37.96710968017578,70.14035034179688,43.89555358886719,41.50094223022461,4363.490234375
2022-03-04,159.72427368164062,279.7974548339844,22.86766624450684,279.42999267578125,120.56593322753906,36.77085113525391,38.61801910400391,72.78012084960938,45.00798416137695,41.84260559082031,4328.8701171875
2022-03-07,155.9359893798828,269.2276306152344,21.288387298583984,268.1933288574219,115.91015625,34.427215576171875,38.086181640625,75.40258026123047,44.64557266235352,41.51612091064453,4201.08984375
2022-03-08,154.11526489257812,266.2738037109375,21.44990348815918,274.79998779296875,115.09380340576172,34.65169906616211,37.657527923583984,75.97382354736328,43.72222137451172,40.43038177490234,4170.7001953125
2022-03-09,159.50894165039062,278.4847412109375,22.945430755615234,286.3233337402344,119.70475006103516,36.8516731262207,38.6973991394043,71.65496063232422,43.94913101196289,40.30131912231445,4277.8798828125
2022-03-10,155.17245483398438,275.6757507324219,22.590499877929688,279.4333190917969,118.28740692138672,36.5194206237793,39.05459976196289,73.87930297851562,44.94809722900391,40.41519546508789,4259.52001953125
2022-03-11,151.46249389648438,270.3473815917969,22.034156799316406,265.1166687011719,115.6230926513672,36.21413040161133,39.90396499633789,73.49849700927734,44.7716178894043,40.270938873291016,4204.31005859375
2022-03-14,147.43930053710938,266.8433532714844,21.26644897460937,255.4566650390625,116.7713394165039,36.995338439941406,41.47567367553711,70.86734771728516,45.39560317993164,39.86094284057617,4173.10986328125
2022-03-15,151.81491088867188,277.1815185546875,22.90455818176269,267.2966613769531,118.8435516357422,37.26472091674805,41.44391250610352,66.83411407470703,45.94078826904297,40.05834579467773,4262.4501953125
2022-03-16,156.2198944091797,284.1702575683594,24.423015594482425,280.07666015625,124.1541976928711,38.43204879760742,42.007511138916016,66.58312225341797,45.80528259277344,39.85335159301758,4357.85986328125
2022-03-17,157.22813415527344,284.97137451171875,24.692214965820312,290.5333251953125,125.72405242919922,38.63857269287109,43.05531692504883,68.35739135742188,45.8748779296875,39.754638671875,4411.669921875
2022-03-18,160.51718139648438,290.0005187988281,26.37418365478516,301.7966613769531,125.6792221069336,38.52184295654297,43.269630432128906,68.08907318115234,46.01090621948242,38.57021331787109,4463.1201171875
2022-03-21,161.88758850097656,288.77459716796875,26.65435218811035,307.0533447265625,125.27552795410156,38.46796798706055,43.015625,71.14430236816406,45.62812423706055,38.797977447509766,4461.18017578125
2022-03-22,165.25498962402344,293.5045471191406,26.444978713989254,331.32666015625,127.93981170654295,39.67121505737305,42.10277557373047,70.83273315429688,45.49208831787109,38.72205352783203,4511.60986328125
2022-03-23,166.6156463623047,289.0931701660156,25.5576286315918,333.03668212890625,125.39215087890624,38.69245529174805,41.428035736083984,71.94922637939453,44.90682601928711,38.69927597045898,4456.240234375
2022-03-24,170.39410400390625,293.5431823730469,28.066131591796875,337.97332763671875,126.20849609375,38.67449569702149,41.74556350708008,72.16560363769531,45.18522644042969,38.72205352783203,4520.16015625
2022-03-25,171.0303497314453,293.1377258300781,27.609493255615234,336.8800048828125,127.3118667602539,39.26713562011719,41.89638137817383,73.74079895019531,45.38136291503906,38.93464279174805,4543.06005859375
2022-03-28,171.8917999267578,299.91412353515625,28.134929656982425,363.9466552734375,126.36994171142578,39.10550308227539,42.29327392578125,71.6722640991211,46.18807601928711,38.85113143920898,4575.52001953125
2022-03-29,175.1808319091797,304.4605407714844,28.57062530517578,366.5233459472656,126.64806365966795,39.00673294067383,41.86463165283203,71.29144287109375,46.57719039916992,38.91188049316406,4631.60009765625
2022-03-30,174.01597595214844,302.9643249511719,27.607501983642575,364.663330078125,126.0739288330078,38.61163711547852,41.62648391723633,72.51181030273438,47.412376403808594,39.185203552246094,4602.4501953125
2022-03-31,170.92269897460938,297.6070251464844,27.204702377319336,359.20001220703125,122.28829956054688,37.01329803466797,41.09464645385742,71.48184204101562,47.11183547973633,38.6765022277832,4530.41015625
2022-04-01,170.6290283203125,298.67852783203125,26.632417678833008,361.5299987792969,121.38224029541016,36.72595977783203,40.93589019775391,71.94056701660156,47.77301406860352,39.57242202758789,4545.85986328125
2022-04-04,174.6718292236328,304.0357360839844,27.27848625183105,381.8166809082031,121.9205093383789,36.66310119628906,40.43579864501953,71.97520446777344,47.782508850097656,39.83057403564453,4582.64013671875
2022-04-05,171.36322021484375,300.0877990722656,25.853736877441406,363.7533264160156,120.50167846679688,36.04351043701172,40.67394256591797,71.60302734375,47.918548583984375,40.07353210449219,4525.1201171875
2022-04-06,168.20138549804688,289.102783203125,24.33428192138672,348.586669921875,118.82979583740234,35.64842224121094,41.96782684326172,72.39928436279297,49.03212738037109,40.39241790771485,4481.14990234375
2022-04-07,168.5048370361328,290.9079284667969,24.13587951660156,352.4200134277344,118.4683074951172,35.37006378173828,43.78560256958008,73.6109848022461,49.52246856689453,40.47695541381836,4500.2099609375
2022-04-08,166.4981689453125,286.6605834960937,23.050121307373047,341.8299865722656,120.63722229003906,35.6214714050293,43.79353713989258,75.16024017333984,49.79770660400391,41.13786315917969,4488.27978515625
2022-04-11,162.2498016357422,275.3571472167969,21.851701736450195,325.3099975585937,120.19441223144533,35.54964828491211,42.80924606323242,72.57239532470703,48.8106689453125,41.422210693359375,4412.52978515625
2022-04-12,164.11947631835938,272.2681884765625,21.439926147460938,328.9833374023437,118.87496948242188,35.17250442504883,42.1583251953125,74.08700561523438,48.47533798217773,41.24545669555664,4397.4501953125
2022-04-13,166.8015594482422,277.6352844238281,22.13684463500977,340.7900085449219,115.04320526123048,34.85823440551758,42.15039443969727,75.13426971435547,49.73759841918945,41.60664749145508,4446.58984375
2022-04-14,161.7995147705078,270.1157531738281,21.194664001464844,328.3333435058594,113.97683715820312,33.73579406738281,42.1662712097168,76.01708984375,49.69331359863281,41.36842346191406,4392.58984375
2022-04-18,161.5841827392578,270.7816772460937,21.71810340881348,334.7633361816406,116.09153747558594,34.885162353515625,41.15021133422852,76.64026641845703,49.31367874145508,41.0302848815918,4391.68994140625
2022-04-19,163.8649444580078,275.395751953125,22.13186454772949,342.7166748046875,118.49541473388672,35.53168487548828,39.83251953125,75.95649719238281,49.873634338378906,41.306941986083984,4462.2099609375
2022-04-20,163.69850158691406,276.4189758300781,21.417991638183597,325.7333374023437,118.9111328125,35.61250686645508,39.49118423461914,76.12960815429688,50.50001907348633,41.81414794921875,4459.4501953125
2022-04-21,162.9056854248047,271.0616760253906,20.12286949157715,336.260009765625,117.98932647705078,34.93904113769531,38.9831657409668,75.32469177246094,50.57594299316406,42.275238037109375,4393.66015625
2022-04-22,158.3734130859375,264.5169982910156,19.45685577392578,335.01666259765625,114.60040283203124,33.7268180847168,38.20524215698242,73.68021392822266,49.62370681762695,39.89289093017578,4271.77978515625
2022-04-25,159.4404296875,270.9748229980469,19.84270668029785,332.67333984375,114.56424713134766,33.484375,38.85615539550781,71.19624328613281,49.64902114868164,38.640235900878906,4296.1201171875
2022-04-26,153.48878479003906,260.8392944335937,18.732027053833008,292.1400146484375,111.17530822753906,32.73009490966797,38.919654846191406,71.22222137451172,49.13019180297852,37.971641540527344,4175.2001953125
2022-04-27,153.26365661621094,273.3879699707031,18.36013984680176,293.836669921875,109.7293472290039,32.55050277709961,39.48324966430664,73.2561264038086,48.79486083984375,37.2415657043457,4183.9599609375
2022-04-28,160.1843719482422,279.5754699707031,19.723064422607425,292.5033264160156,111.46448516845705,33.053367614746094,40.09446716308594,75.47181701660156,49.4180793762207,37.19546127319336,4287.5
2022-04-29,154.32086181640625,267.8858947753906,18.491743087768555,290.2533264160156,107.8676986694336,32.03868103027344,38.95141220092773,73.78409576416016,48.399410247802734,35.58160400390625,4131.93017578125
2022-05-02,154.62429809570312,274.5946655273437,19.47480583190918,300.9800109863281,108.8527603149414,32.45172882080078,38.37192916870117,74.78807067871094,48.07988357543945,35.527809143066406,4155.3798828125
2022-05-03,156.11219787597656,271.9979858398437,19.543598175048828,303.0833435058594,111.18433380126952,33.3406982421875,39.12603759765625,76.32867431640625,48.24755859375,36.25019073486328,4175.47998046875
2022-05-04,162.51409912109375,279.9133605957031,20.27341651916504,317.5400085449219,114.86246490478516,34.67864227294922,39.41974639892578,79.36659240722656,48.91506576538086,37.17239761352539,4300.169921875
2022-05-05,153.4593963623047,267.7218322753906,18.78785896301269,291.09332275390625,111.9886474609375,33.708858489990234,38.459259033203125,78.16352844238281,48.4959602355957,36.765098571777344,4146.8701171875
2022-05-06,154.1848907470703,265.1927490234375,18.61935806274414,288.54998779296875,111.80791473388672,33.628047943115234,38.92759323120117,79.3579330444336,47.48628616333008,37.095550537109375,4123.33984375
2022-05-09,149.06761169433594,255.3950958251953,16.89949607849121,262.3699951171875,110.1269760131836,32.65826797485352,38.61007308959961,73.10035705566406,48.041934967041016,37.364524841308594,3991.239990234375
2022-05-10,151.46939086914062,260.1443176269531,17.542577743530273,266.67999267578125,107.44295501708984,32.11052322387695,39.28480529785156,73.58499908447266,47.36563491821289,36.98797225952149,4001.050048828125
2022-05-11,143.6170196533203,251.5050201416016,16.5804500579834,244.6666717529297,106.7651596069336,31.939897537231445,39.2530517578125,75.11698150634766,46.87033462524414,36.79583740234375,3935.179931640625
2022-05-12,139.7545623779297,246.48550415039065,16.12681007385254,242.6666717529297,106.6748046875,31.490930557250977,40.32540512084961,75.45796203613281,46.82587814331055,36.93416595458984,3930.080078125
2022-05-13,144.2150421142578,252.05517578125,17.653247833251953,256.5299987792969,107.6236801147461,31.580730438232425,39.94927215576172,77.69635772705078,47.00685501098633,37.02638626098633,4023.889892578125
2022-05-16,142.67587280273438,252.4220428466797,17.21256446838379,241.4566650390625,106.87361907958984,31.25747299194336,40.54949188232422,79.52376556396484,47.05765914916992,37.68729019165039,4008.010009765625
2022-05-17,146.30308532714844,257.5573425292969,18.12284278869629,253.8699951171875,110.41618347167967,32.31705093383789,41.08566284179688,80.53807830810547,41.704498291015625,37.61044692993164,4088.85009765625
2022-05-18,138.04879760742188,245.83084106445312,16.887535095214844,236.60333251953125,108.52742767333984,31.32033348083496,40.33341598510742,79.2614974975586,38.87233352661133,37.57202911376953,3923.679931640625
2022-05-19,134.64707946777344,244.9213409423828,17.072978973388672,236.47332763671875,106.91877746582033,30.934213638305664,40.533477783203125,79.68992614746094,37.80551528930664,37.73340225219727,3900.7900390625
2022-05-20,134.88235473632812,244.3601837158203,16.644264221191406,221.3000030517578,106.04219818115234,30.40442276000977,41.98995971679688,80.3194580078125,37.84679412841797,38.06386184692383,3901.360107421875
2022-05-23,140.2937469482422,252.18756103515625,16.847660064697266,224.96665954589844,112.60318756103516,32.20928955078125,42.31807327270508,82.09442138671875,38.92631912231445,38.17144775390625,3973.75
2022-05-24,137.59786987304688,251.19097900390625,16.10586929321289,209.3866729736328,114.1937255859375,32.011741638183594,42.7422103881836,82.54035186767578,39.41209411621094,38.947635650634766,3941.47998046875
2022-05-25,137.75473022460938,253.9967803955078,16.92442512512207,219.6000061035156,114.98897552490234,32.18235397338867,42.98229217529297,84.20166015625,39.17079162597656,39.37800216674805,3978.72998046875
2022-05-26,140.9505615234375,257.26708984375,17.797815322875977,235.91000366210935,116.97718048095705,32.927642822265625,43.20637512207031,84.49893188476562,40.00582885742188,39.18587493896485,4057.840087890625
2022-05-27,146.6951904296875,264.36871337890625,18.754955291748047,253.2100067138672,118.63097381591795,33.24192428588867,43.14234161376953,85.32958984375,40.793251037597656,39.50095748901367,4158.240234375
2022-05-31,145.91094970703125,263.0432434082031,18.61637115478516,252.7533264160156,119.49854278564452,33.40355682373047,42.44612121582031,83.93933868408203,40.84088516235352,39.41642761230469,4132.14990234375
2022-06-01,145.7835235595703,263.57537841796875,18.26541519165039,246.7899932861328,117.40193939208984,32.927642822265625,41.90993118286133,85.5481948852539,39.83120346069336,39.50095748901367,4101.22998046875
2022-06-02,148.2343292236328,265.6652526855469,19.53362464904785,258.3333435058594,119.2906723022461,33.14439010620117,42.15802001953125,85.3995361328125,40.48526382446289,39.41642761230469,4176.81982421875
2022-06-03,142.51907348632812,261.2532653808594,18.664226531982425,234.51666259765625,117.62786102294922,32.683799743652344,42.57415771484375,86.6411361694336,39.789920806884766,39.047550201416016,4108.5400390625
2022-06-06,143.26406860351562,260.0245056152344,18.73002815246582,238.27999877929688,117.23924255371094,32.647682189941406,42.622169494628906,86.42254638671875,39.64704513549805,39.37800216674805,4121.43017578125
2022-06-07,145.7835235595703,263.65283203125,18.86961555480957,238.8866729736328,117.54651641845705,32.82830047607422,43.18235397338867,90.3834457397461,39.17079162597656,39.69308471679688,4160.68017578125
2022-06-08,145.04827880859375,261.6306457519531,18.596370697021484,241.86666870117188,115.6758270263672,32.412872314453125,42.79023361206055,91.4501724243164,38.83105850219727,39.6162223815918,4115.77001953125
2022-06-09,139.8329620361328,256.193115234375,17.998031616210938,239.7066650390625,113.24481964111328,31.16657066345215,41.437782287597656,89.47410583496094,38.42465591430664,39.1474494934082,4017.820068359375
2022-06-10,134.431396484375,244.7761993408203,16.9270076751709,232.22999572753903,108.0394058227539,29.956392288208008,39.98929977416992,87.83902740478516,38.64055252075195,39.05522537231445,3900.860107421875
2022-06-13,129.2847442626953,234.3945770263672,15.603681564331056,215.73666381835935,104.82215881347656,28.91781044006348,38.34074783325195,83.80819702148438,37.91346740722656,38.10997772216797,3749.6298828125
2022-06-14,130.1473846435547,236.55221557617188,15.792157173156738,220.88999938964844,103.07799530029295,28.41206169128418,38.348751068115234,84.02678680419922,37.92934799194336,37.77952194213867,3735.47998046875
2022-06-15,132.7648162841797,243.58616638183597,16.481243133544922,233.0,104.29801940917967,28.944902420043945,38.8209114074707,82.96878814697266,37.903934478759766,37.77183532714844,3789.989990234375
2022-06-16,127.50051879882812,237.0166015625,15.557806968688965,213.1000061035156,102.50865936279295,28.764278411865234,37.99663162231445,79.90851593017578,38.29764938354492,37.53359222412109,3666.77001953125
2022-06-17,128.9710235595703,239.60958862304688,15.836034774780272,216.75999450683597,102.1471710205078,28.82749366760254,37.23637771606445,75.30059051513672,37.557865142822266,37.67961502075195,3674.840087890625
2022-06-21,133.1962127685547,245.5018768310547,16.5201358795166,237.0366668701172,104.67756652832033,29.667394638061523,38.50080490112305,79.9872055053711,38.78977966308594,38.92458724975586,3764.7900390625
2022-06-22,132.68641662597656,244.9116668701172,16.314708709716797,236.086669921875,104.09017944335938,29.441612243652344,39.26905822753906,76.8219985961914,38.31987762451172,39.03217315673828,3759.889892578125
2022-06-23,135.54898071289062,250.4556121826172,16.180078506469727,235.07000732421875,102.95147705078124,28.97199249267578,40.0853271484375,74.50491333007812,39.25016784667969,40.031227111816406,3795.72998046875
2022-06-24,138.87229919433594,259.00860595703125,17.078584671020508,245.7066650390625,106.02411651611328,29.17971420288086,41.28573226928711,75.98260498046875,39.28192138671875,39.16281509399414,3911.739990234375
2022-06-27,138.87229919433594,256.2898864746094,16.822296142578125,244.9199981689453,105.17461395263672,29.215835571289062,41.5178108215332,77.84498596191406,39.40892028808594,39.16281509399414,3900.110107421875
2022-06-28,134.73533630371094,248.1529235839844,15.937752723693848,232.663330078125,104.66853332519533,29.13455390930176,40.541481018066406,80.00467681884766,38.85328674316406,38.778568267822266,3821.550048828125
2022-06-29,136.49008178710938,251.81021118164065,15.498971939086914,228.4900054931641,104.19861602783205,28.7733097076416,40.76555252075195,77.04931640625,38.71040344238281,39.1474494934082,3818.830078125
2022-06-30,134.02944946289062,248.49151611328125,15.117029190063477,224.47332763671875,101.76760864257812,28.114032745361328,41.95795440673828,74.88087463378906,38.60245895385742,39.00143814086914,3785.3798828125
2022-07-01,136.1959686279297,251.15223693847656,14.482791900634766,227.26333618164065,103.06896209716795,28.502370834350582,41.86192321777344,76.55094909667969,38.93584442138672,39.68539810180664,3825.330078125
2022-07-05,138.77423095703125,254.3160858154297,14.922572135925291,233.0666656494141,102.67693328857422,28.21337127685547,41.32573699951172,74.1551742553711,39.45019912719727,39.51633071899414,3831.389892578125
2022-07-06,140.10745239257812,257.5670166015625,15.08811378479004,231.73333740234372,102.0113754272461,27.978565216064453,42.21403503417969,72.81737518310547,39.72960662841797,39.58549118041992,3845.080078125
2022-07-07,143.46995544433594,259.6859130859375,15.81409740447998,244.5433349609375,104.59151458740234,28.7733097076416,42.75021362304688,75.14320373535156,39.789920806884766,39.46098709106445,3902.6201171875
2022-07-08,144.1463623046875,258.9699401855469,15.794154167175291,250.76333618164065,104.26329803466795,28.71009063720703,42.55014419555664,75.2656021118164,39.81532669067383,39.28978729248047,3899.3798828125
2022-07-11,142.01907348632812,255.92221069335935,15.110052108764648,234.3433380126953,102.89573669433594,28.41206169128418,42.32606506347656,74.88087463378906,39.83120346069336,39.29756927490234,3854.429931640625
2022-07-12,142.9896240234375,245.4341278076172,15.040243148803713,233.07000732421875,102.99603271484376,28.321752548217773,41.64584732055664,73.88410949707031,39.71055221557617,39.51546096801758,3818.800048828125
2022-07-13,142.6268768310547,244.5149688720703,15.122017860412598,237.0399932861328,102.02960968017578,27.852127075195312,41.44578552246094,74.18138885498047,39.80580139160156,39.30535507202149,3801.780029296875
2022-07-14,145.54827880859375,245.83084106445312,15.329440116882324,238.31333923339844,98.4648208618164,27.21091651916504,41.12567138671875,72.6949691772461,40.58369827270508,39.28978729248047,3790.3798828125
2022-07-15,147.2147674560547,248.38511657714844,15.718360900878906,240.0666656494141,102.9778060913086,29.12552833557129,41.41377258300781,73.9190902709961,40.9805793762207,39.70221328735352,3863.159912109375
2022-07-18,144.17578125,245.99530029296875,16.05642318725586,240.54666137695312,101.92019653320312,29.13455390930176,40.61351013183594,75.2831039428711,40.88533020019531,39.126373291015625,3830.85009765625
2022-07-19,148.02845764160156,251.10385131835935,16.94495391845703,245.52999877929688,104.44564819335938,30.11894989013672,41.10966491699219,77.18048095703125,41.13616180419922,39.25866317749024,3936.68994140625
2022-07-20,150.02828979492188,253.75494384765625,17.757701873779297,247.5,104.42742919921876,30.12798500061035,40.669525146484375,78.02861785888672,41.47906494140625,38.18478012084961,3959.89990234375
2022-07-21,152.29283142089844,256.2414855957031,18.000022888183594,271.7066650390625,105.1385498046875,30.389890670776367,40.90960311889648,76.72582244873047,42.08551025390625,37.08757019042969,3998.949951171875
2022-07-22,151.0576171875,251.9069061279297,17.271047592163086,272.24334716796875,104.62799072265624,30.191200256347656,40.99762344360352,76.13998413085938,41.97754669189453,34.58964538574219,3961.6298828125
2022-07-25,149.9400634765625,250.42660522460935,16.976869583129883,268.4333190917969,105.04737854003906,30.462135314941406,41.42977142333984,78.6756591796875,41.91723251342773,34.83087539672852,3966.840087890625
2022-07-26,148.6166229248047,243.7216033935547,16.487224578857422,258.8599853515625,103.40628051757812,29.8480167388916,41.853912353515625,78.36959838867188,38.72946166992188,34.955379486083984,3921.050048828125
2022-07-27,153.70449829101562,260.0148620605469,17.740745544433594,274.82000732421875,105.06562042236328,30.33570098876953,41.573822021484375,80.0658950805664,40.19316101074219,34.947601318359375,4023.610107421875
2022-07-28,154.2534942626953,267.4358215332031,17.934206008911133,280.8999938964844,104.6735610961914,30.09186172485352,40.90444564819336,81.00145721435547,41.19648742675781,35.44562911987305,4072.429931640625
2022-07-29,159.3119354248047,271.6252136230469,18.112712860107425,297.1499938964844,105.1750030517578,30.53438949584961,40.735084533691406,84.75251007080078,41.926753997802734,35.94365310668945,4130.2900390625
2022-08-01,158.33163452148438,268.9839172363281,18.38994407653809,297.27667236328125,104.12654876708984,30.444072723388672,40.81573867797852,82.61030578613281,42.08232498168945,35.99813461303711,4118.6298828125
2022-08-02,156.8611297607422,265.89752197265625,18.474708557128903,300.586669921875,102.5036849975586,29.8389835357666,40.07377624511719,82.2518081665039,42.12677383422852,35.282222747802734,4091.18994140625
2022-08-03,162.86074829101562,273.299072265625,18.8406925201416,307.39666748046875,103.57951354980467,30.38085556030273,40.21088409423828,79.5849838256836,41.43461990356445,35.274436950683594,4155.169921875
2022-08-04,162.54702758789062,274.4407958984375,19.16180229187012,308.6333312988281,102.43988037109376,30.164112091064453,40.21088409423828,76.23615264892578,39.86930465698242,34.57407760620117,4151.93994140625
2022-08-05,162.3212432861328,273.72479248046875,18.936431884765625,288.1700134277344,105.5396957397461,30.669857025146484,39.73505783081055,77.33786010742188,40.18999099731445,34.978729248046875,4145.18994140625
2022-08-08,161.8500213623047,271.21893310546875,17.74373435974121,290.42333984375,104.25418853759766,30.245391845703125,39.97700500488281,77.77503204345703,40.51702499389648,34.6596794128418,4140.06005859375
2022-08-09,161.8990936279297,273.13458251953125,17.0386962890625,283.3333435058594,105.19324493408205,30.63372802734375,40.14635848999024,79.20901489257812,40.91708755493164,34.76862335205078,4122.47021484375
2022-08-10,166.13998413085938,279.7718811035156,18.04689598083496,294.3566589355469,107.93749237060548,31.67230796813965,40.28345489501953,79.9609603881836,41.002811431884766,34.89313888549805,4210.240234375
2022-08-11,165.40370178222656,277.70135498046875,17.8923282623291,286.6300048828125,109.5329818725586,32.43092727661133,38.94472122192383,82.27408599853516,41.39822769165039,34.846439361572266,4207.27001953125
2022-08-12,168.9475860595703,282.4325866699219,18.65719985961914,300.0299987792969,111.34729766845705,32.78314971923828,40.41249847412109,82.98918151855469,42.1635627746582,35.13436508178711,4280.14990234375
2022-08-15,170.01760864257812,283.9420166015625,18.97930908203125,309.32000732421875,111.64816284179688,32.73799514770508,40.122169494628906,81.50598907470703,42.28473663330078,35.45341873168945,4297.14013671875
2022-08-16,169.86056518554688,283.20660400390625,18.826732635498047,306.5633239746094,112.71485137939452,33.09020233154297,40.21088409423828,80.74673461914062,44.443626403808594,35.640174865722656,4305.2001953125
2022-08-17,171.35269165039062,282.4600830078125,18.284236907958984,303.9966735839844,111.76667785644533,32.88248443603516,39.73505783081055,81.40003967285156,44.49145126342773,35.282222747802734,4274.0400390625
2022-08-18,170.9600067138672,281.3450012207031,18.721025466918945,302.8699951171875,110.90055847167967,32.76508712768555,39.17859649658203,83.3246841430664,44.34795379638672,34.3873176574707,4283.740234375
2022-08-19,168.3782196044922,277.4472961425781,17.799583435058594,296.6666564941406,108.15628814697266,32.0425910949707,39.63828659057617,83.05982971191406,43.69422912597656,34.56629943847656,4228.47998046875
2022-08-22,164.5005645751953,269.302734375,16.98684310913086,289.913330078125,106.36934661865234,31.356225967407227,39.43666458129883,82.9980239868164,42.9129524230957,34.37175369262695,4137.990234375
2022-08-23,164.16677856445312,268.0325927734375,17.133432388305664,296.4533386230469,105.32089233398438,31.076261520385746,38.71890258789063,86.52066040039062,42.73118591308594,33.82703399658203,4128.72998046875
2022-08-24,164.46128845214844,267.4024353027344,17.174320220947266,297.0966796875,105.576171875,31.17559242248535,38.25114822387695,87.03270721435547,43.04051208496094,33.8892936706543,4140.77001953125
2022-08-25,166.91551208496094,270.36932373046875,17.8634090423584,296.07000732421875,108.0833740234375,31.735525131225582,38.63019561767578,87.48297119140625,43.32750701904297,34.03715133666992,4199.1201171875
2022-08-26,160.62290954589844,259.9365234375,16.214981079101562,288.0899963378906,104.54592895507812,30.73307037353516,37.75919723510742,86.40587615966797,41.965858459472656,33.65584182739258,4057.659912109375
2022-08-29,158.42391967773438,257.1634826660156,15.757253646850586,284.82000732421875,104.29065704345705,30.615673065185547,37.28337860107422,88.39230346679688,42.37402725219727,33.71809387207031,4030.610107421875
2022-08-30,155.9991455078125,254.9722442626953,15.425175666809082,277.70001220703125,104.30889129638672,30.787261962890625,36.97691345214844,85.02860260009766,42.2464714050293,33.09555435180664,3986.159912109375
2022-08-31,154.34014892578125,253.51788330078125,15.052212715148926,275.6099853515625,103.68893432617188,30.353757858276367,36.47689437866211,84.39295196533203,42.26879119873047,32.535274505615234,3955.0
2022-09-01,155.06658935546875,252.48040771484372,13.898414611816406,277.1600036621094,104.40008544921876,30.42649269104004,37.60596466064453,82.87442016601562,42.88425827026367,32.535274505615234,3966.85009765625
2022-09-02,152.95594787597656,248.27243041992188,13.609217643737791,270.2099914550781,103.67069244384766,30.390125274658203,36.855934143066406,84.39295196533203,42.412296295166016,32.13840866088867,3924.260009765625
2022-09-06,151.6994171142578,245.5478515625,13.427720069885254,274.4200134277344,103.6980209350586,30.05377578735352,36.904327392578125,83.82791137695312,42.20183181762695,31.982776641845703,3908.18994140625
2022-09-07,153.10324096679688,250.2406463623047,13.680094718933104,283.70001220703125,105.66734313964844,30.517393112182617,37.202728271484375,83.11277770996094,43.28606033325195,31.967212677001957,3979.8701171875
2022-09-08,151.63070678710938,250.65756225585935,13.955415725708008,289.260009765625,108.1289520263672,31.49918556213379,37.968868255615234,83.79259490966797,43.50608444213867,32.15397644042969,4006.179931640625
2022-09-09,154.4873809814453,256.4169616699219,14.351430892944336,299.67999267578125,108.6486358642578,31.762815475463867,38.5817985534668,85.19636535644531,43.6368293762207,32.8698844909668,4067.360107421875
2022-09-12,160.43637084960938,258.5403137207031,14.469139099121094,304.4200134277344,109.93413543701172,32.06280517578125,38.517276763916016,86.17633819580078,44.0290641784668,33.2745361328125,4110.41015625
2022-09-13,151.02203369140625,244.32618713378903,13.09853458404541,292.1300048828125,106.11407470703124,30.908292770385746,37.25111389160156,84.16339874267578,43.1202278137207,32.488582611083984,3932.68994140625
2022-09-14,152.46510314941406,244.5491943359375,13.095544815063477,302.6099853515625,105.86790466308594,30.79011344909668,37.21885681152344,86.22929382324219,43.02456665039063,32.12284851074219,3946.010009765625
2022-09-15,149.57896423339844,237.91722106933597,12.8970365524292,303.75,107.4634017944336,31.37192153930664,37.04949188232422,83.72196197509766,42.56217575073242,31.928298950195312,3901.35009765625
2022-09-16,147.93955993652344,237.2967071533203,13.16537094116211,303.3500061035156,106.7431411743164,31.01737403869629,37.12207794189453,82.2917251586914,42.47288131713867,32.09950256347656,3873.330078125
2022-09-19,151.6503143310547,237.0834045410156,13.348917007446287,309.07000732421875,107.7278060913086,31.535551071166992,36.6462516784668,82.28289794921875,42.83642959594727,32.09172058105469,3899.889892578125
2022-09-20,154.02601623535156,235.07632446289065,13.143425941467283,308.7300109863281,105.60350799560548,31.06283950805664,36.10592269897461,81.61193084716797,42.587684631347656,31.58590507507324,3855.929931640625
2022-09-21,150.90423583984375,231.68280029296875,13.228216171264648,300.79998779296875,102.55840301513672,30.135591506958008,35.42041778564453,80.29647064208984,42.97673034667969,30.722137451171875,3789.929931640625
2022-09-22,149.94219970703125,233.6510162353516,12.529947280883787,288.5899963378906,101.39141082763672,29.544692993164062,35.94462585449219,79.96096801757812,42.53666305541992,31.07231330871582,3757.989990234375
2022-09-23,147.6745147705078,230.6840667724609,12.48505687713623,275.3299865722656,99.50416564941406,28.84471321105957,35.5494499206543,75.70557403564453,41.47475814819336,30.75327491760254,3693.22998046875
2022-09-26,148.00827026367188,230.2283935546875,12.19777011871338,276.010009765625,97.36164855957033,28.208362579345703,35.347835540771484,74.14289855957031,41.87337875366211,30.29414939880371,3655.0400390625
2022-09-27,148.98016357421875,229.2200469970703,12.382309913635254,282.94000244140625,96.50463104248048,27.790193557739254,35.55752182006836,75.69673156738281,41.758575439453125,30.263015747070312,3647.2900390625
2022-09-28,147.09530639648438,233.7383575439453,12.704514503479004,287.8099975585937,98.45569610595705,28.244728088378903,35.83171463012695,78.45127868652344,42.4473762512207,30.652097702026367,3719.0400390625
2022-09-29,139.87014770507812,230.27687072753903,12.189791679382324,268.2099914550781,96.78730010986328,27.87200927734375,35.61396408081055,78.29235076904297,42.17313003540039,30.0684757232666,3640.469970703125
2022-09-30,135.6685333251953,225.81678771972656,12.108988761901855,265.25,95.27384185791016,27.45383644104004,35.291385650634766,77.08282470703125,41.35995864868164,29.547107696533203,3585.6201171875
2022-10-03,139.84068298339844,233.41831970214844,12.481067657470703,242.3999938964844,98.2186508178711,28.26290512084961,35.59783172607422,81.15282440185547,42.26241302490234,30.473127365112305,3678.429931640625
2022-10-04,143.423828125,241.31082153320312,13.13444709777832,249.44000244140625,102.81366729736328,29.435606002807617,35.85591125488281,84.11043548583984,42.81090545654297,30.978944778442383,3790.929931640625
2022-10-05,143.71836853027344,241.6210174560547,13.17634391784668,240.80999755859372,101.54426574707033,29.017433166503903,35.58171463012695,87.50945281982422,42.38679122924805,30.65989112854004,3783.280029296875
2022-10-06,142.7660675048828,239.28436279296875,13.097538948059082,238.1300048828125,99.47455596923828,28.599262237548828,34.75104141235352,90.1050796508789,41.99135971069336,29.942188262939453,3744.52001953125
2022-10-07,137.52392578125,227.1160430908203,12.046144485473633,223.07000732421875,97.48766326904295,27.95382308959961,34.13005447387695,89.19570922851562,40.996429443359375,29.15882110595703,3639.659912109375
2022-10-10,137.84788513183594,222.2778167724609,11.641149520874023,222.9600067138672,96.57698059082033,27.87200927734375,33.67036819458008,87.26225280761719,41.23877334594727,28.976825714111328,3612.389892578125
2022-10-11,136.4342803955078,218.5545959472656,11.557355880737305,216.5,93.78977966308594,27.062938690185547,33.80744934082031,86.52066040039062,42.30705642700195,28.43875312805176,3588.840087890625
2022-10-12,135.80596923828125,218.88421630859372,11.471570014953612,217.2400054931641,95.30755615234376,27.14475440979004,33.89617156982422,86.90026092529297,41.82872772216797,28.233020782470703,3577.030029296875
2022-10-13,140.37081909179688,227.1160430908203,11.93043327331543,221.72000122070312,100.6060028076172,28.808351516723636,34.66232681274414,89.93732452392578,42.18269348144531,28.80274772644043,3669.909912109375
2022-10-14,135.84524536132812,221.6087646484375,11.19924259185791,204.9900054931641,102.28015899658205,28.81743812561035,34.5655517578125,87.57127380371094,41.59274673461914,28.78692054748535,3583.070068359375
2022-10-17,139.80142211914062,230.3059539794922,11.858609199523926,219.3500061035156,106.5759506225586,30.56284523010254,35.202667236328125,88.833740234375,41.89250564575195,29.419944763183597,3677.949951171875
2022-10-18,141.1168670654297,231.2464904785156,11.937414169311523,220.19000244140625,109.317138671875,31.708276748657227,35.55752182006836,88.99266815185547,42.77583312988281,29.332908630371094,3719.97998046875
2022-10-19,141.22483825683594,229.2878875732422,12.021207809448242,222.0399932861328,107.1738510131836,30.835569381713867,34.76716995239258,91.6324462890625,42.65464782714844,28.93726348876953,3695.159912109375
2022-10-20,140.76348876953125,228.9679107666016,12.163851737976074,207.27999877929688,106.82429504394533,30.63556861877441,34.60587310791016,91.75601959228516,42.759883880615234,29.27751350402832,3665.780029296875
2022-10-21,144.57241821289062,234.7563934326172,12.4351806640625,214.44000244140625,112.43551635742188,31.771902084350582,36.25109100341797,93.45995330810548,43.62407684326172,27.971895217895508,3752.75
2022-10-24,146.7124481201172,239.7303771972656,12.567852020263672,211.25,112.57349395751952,31.880990982055664,36.72690582275391,94.11326599121094,44.45637893676758,28.46249389648437,3797.340087890625
2022-10-25,149.54949951171875,243.03663635253903,13.228216171264648,222.4199981689453,112.8678207397461,32.17189407348633,36.76722717285156,93.47761535644533,44.66684341430664,28.82648277282715,3859.110107421875
2022-10-26,146.61428833007812,224.2848663330078,12.864118576049805,224.63999938964844,114.16485595703124,32.45370864868164,37.146270751953125,94.59002685546876,45.008056640625,28.82648277282715,3830.60009765625
2022-10-27,142.1476593017578,219.85382080078125,13.143425941467283,225.08999633789065,114.61558532714844,32.60824966430664,36.88820266723633,94.95199584960938,44.87731170654297,28.628660202026367,3807.300048828125
2022-10-28,152.88726806640625,228.69647216796875,13.799798965454102,228.5200042724609,115.9770050048828,32.89006042480469,38.25114822387695,97.73301696777344,45.44493103027344,29.807676315307617,3901.06005859375
2022-10-31,150.53118896484375,225.07020568847656,13.463629722595217,227.5399932861328,115.79302215576172,32.762786865234375,37.541446685791016,97.83013153076172,45.38753509521485,29.570287704467773,3871.97998046875
2022-11-01,147.8905029296875,221.2306365966797,13.50951862335205,227.82000732421875,117.88111877441406,32.90824508666992,38.71890258789063,98.8012924194336,45.18343734741211,29.570287704467773,3856.10009765625
2022-11-02,142.37338256835938,213.4060821533203,13.186319351196287,214.97999572753903,116.79568481445312,32.80824279785156,37.9608154296875,96.77069854736328,44.88368225097656,29.83932113647461,3759.68994140625
2022-11-03,136.3361053466797,207.7339782714844,13.38782024383545,215.30999755859372,117.00724792480467,32.62643051147461,37.87947082519531,98.08616638183594,44.874122619628906,29.39620590209961,3719.889892578125
2022-11-04,136.07058715820312,214.6568145751953,14.12100315093994,207.47000122070312,120.20838928222656,33.44459533691406,38.408180236816406,99.15442657470705,44.9538459777832,29.467424392700195,3770.550048828125
2022-11-07,136.6015625,220.93975830078125,14.265645027160645,197.0800018310547,120.84309387207033,33.64458084106445,38.30243682861328,100.32864379882812,45.42580032348633,29.4278564453125,3806.800048828125
2022-11-08,137.17190551757812,221.90933227539065,14.56590175628662,191.3000030517578,120.91667938232422,33.73549270629883,38.51391220092773,100.64646911621094,45.53422164916992,29.96592903137207,3828.110107421875
2022-11-09,132.61917114257812,217.6819610595703,13.741943359375,177.58999633789062,119.34373474121094,33.19914627075195,38.0014877319336,96.14386749267578,44.47551345825195,29.76810646057129,3748.570068359375
2022-11-10,144.4188995361328,235.5902099609375,15.711061477661133,190.72000122070312,124.25579833984376,34.662742614746094,38.53831481933594,97.55643463134766,45.39710235595703,30.48026657104492,3956.3701171875
2022-11-11,147.20164489746094,239.5946044921875,16.28663444519043,195.97000122070312,124.45816802978516,34.91728591918945,38.717262268066406,100.60231018066406,45.46725845336914,30.30618095397949,3992.929931640625
2022-11-14,145.8053741455078,234.2036895751953,16.254714965820312,190.9499969482422,123.17955780029295,34.32638931274414,40.05122375488281,100.8960189819336,44.1311149597168,30.31409454345703,3957.25
2022-11-15,147.53598022460938,234.6109313964844,16.62479591369629,194.4199981689453,122.2873077392578,34.2718391418457,39.50625228881836,101.57238006591795,47.01705932617188,29.83141326904297,3991.72998046875
2022-11-16,146.3068389892578,235.0387420654297,15.87066650390625,186.9199981689453,122.45289611816406,33.9627571105957,39.08328628540039,100.48662567138672,47.35508346557617,29.973838806152344,3958.7900390625
2022-11-17,148.2046661376953,234.9901428222656,15.6382417678833,183.1699981689453,121.91934967041016,33.790042877197266,39.31103897094727,100.62012481689452,47.19563674926758,30.195405960083008,3946.56005859375
2022-11-18,148.76515197753906,234.54286193847656,15.370905876159668,180.19000244140625,123.1151885986328,33.80821990966797,39.22969055175781,99.74795532226562,47.9067611694336,30.50400161743164,3965.340087890625
2022-11-21,145.5398406982422,235.349853515625,15.279131889343262,167.8699951171875,122.38848114013672,33.91730499267578,39.18902969360352,98.76009368896484,48.20014572143555,30.559398651123047,3949.93994140625
2022-11-22,147.6736297607422,238.24740600585935,15.998348236083984,169.91000366210938,124.21900177001952,34.08094024658203,39.92107391357422,101.61688995361328,48.37234115600586,31.01835060119629,4003.580078125
2022-11-23,148.54881286621094,240.72683715820312,16.47816276550293,183.1999969482422,125.54364013671876,34.190032958984375,39.73399353027344,101.10961151123048,48.60513305664063,30.79677963256836,4027.260009765625
2022-11-25,145.63821411132812,240.6392822265625,16.229778289794922,182.8600006103516,125.78279876708984,34.2718391418457,40.02681350708008,100.75360870361328,48.81240463256836,30.875905990600582,4026.1201171875
2022-11-28,141.81314086914062,235.06790161132807,15.787870407104492,182.9199981689453,123.58431243896484,33.50822448730469,40.319637298583984,97.72770690917967,48.95271682739258,30.25870704650879,3963.93994140625
2022-11-29,138.8140106201172,233.67752075195312,15.600337028503418,180.8300018310547,125.6172332763672,33.635498046875,40.25457763671875,98.37740325927734,48.780517578125,30.33783531188965,3957.6298828125
2022-11-30,145.55953979492188,248.0775604248047,16.88548469543457,194.6999969482422,127.1073760986328,34.408199310302734,40.7751350402832,99.08935546875,48.60513305664063,30.84425926208496,4080.110107421875
2022-12-01,145.83486938476562,247.63998413085935,17.097013473510742,194.6999969482422,125.32284545898438,33.42066955566406,41.54785919189453,98.60877990722656,48.90807342529297,30.32991981506348,4076.570068359375
2022-12-02,145.3431854248047,247.96087646484372,16.838584899902344,194.8600006103516,124.32940673828124,32.99091339111328,41.409576416015625,97.77220916748048,48.8602409362793,30.21122932434082,4071.699951171875
2022-12-05,144.1829071044922,243.2742919921875,16.573177337646484,182.4499969482422,120.84309387207033,31.51875305175781,41.263160705566406,95.09339904785156,48.35958480834961,29.332908630371094,3998.840087890625
2022-12-06,140.52499389648438,238.3348693847656,15.951556205749512,179.82000732421875,121.04547119140624,30.17461585998535,40.43350601196289,92.4501953125,47.79833984375,29.19046974182129,3941.260009765625
2022-12-07,138.58787536621094,237.60565185546875,16.084260940551758,174.0399932861328,120.9626693725586,29.936878204345703,40.86460494995117,92.24549865722656,47.54960632324219,29.41203117370605,3933.919921875
2022-12-08,140.26931762695312,240.55178833007807,17.130935668945312,173.44000244140625,122.23211669921876,29.662561416625977,42.11722183227539,92.9307632446289,47.62322616577149,29.356645584106445,3963.510009765625
2022-12-09,139.7875213623047,238.62661743164065,16.963306427001953,179.0500030517578,121.56981658935548,29.607696533203125,42.06842041015625,92.14759826660156,46.512508392333984,29.59402847290039,3934.3798828125
2022-12-12,142.07861328125,245.52035522460935,17.496126174926758,167.82000732421875,123.4555206298828,29.92772674560547,42.42631149291992,94.41702270507812,47.37995529174805,30.02924156188965,3990.56005859375
2022-12-13,143.0422821044922,249.80828857421875,18.031930923461918,160.9499969482422,123.33594512939452,29.946014404296875,43.1664924621582,95.44938659667967,47.21030044555664,29.958023071289062,4019.64990234375
2022-12-14,140.82000732421875,250.0999755859375,17.63481903076172,156.8000030517578,122.71963500976562,29.516260147094727,44.31336975097656,94.74632263183594,46.94783401489258,29.633590698242188,3995.320068359375
2022-12-15,134.2219696044922,242.1172332763672,16.91441535949707,157.6699981689453,119.67487335205078,29.049922943115234,43.6057243347168,93.83854675292967,46.52851867675781,29.886808395385746,3895.75
2022-12-16,132.26516723632812,237.91680908203125,16.534257888793945,150.22999572753906,118.92975616455078,28.985916137695312,41.808135986328125,93.17996215820312,45.69307327270508,29.372465133666992,3852.360107421875
2022-12-19,130.1608428955078,233.794189453125,16.21796417236328,149.8699951171875,119.63806915283205,29.315095901489254,41.77559661865234,93.5982437133789,45.709075927734375,29.301252365112305,3817.659912109375
2022-12-20,130.09205627441406,235.10679626464844,16.049339294433594,137.8000030517578,120.21759796142578,29.4339599609375,41.74306106567383,94.95100402832033,46.10918426513672,29.269607543945312,3821.6201171875
2022-12-21,133.18951416015625,237.66400146484372,16.464414596557617,137.57000732421875,121.56981658935548,29.882009506225582,42.01961517333984,96.17025756835938,46.47089385986328,29.89472007751465,3878.43994140625
2022-12-22,130.02322387695312,231.5967254638672,15.30499267578125,125.3499984741211,120.19000244140624,29.61684226989746,42.00334930419922,94.23014068603516,45.92674255371094,30.31409454345703,3822.389892578125
2022-12-23,129.65940856933594,232.1217803955078,15.17228889465332,123.1500015258789,120.76031494140624,29.68999290466309,42.15788650512695,96.72206115722656,46.01956558227539,30.393224716186523,3844.820068359375
2022-12-27,127.85993957519533,230.40081787109372,14.089693069458008,109.0999984741211,121.18345642089844,29.74485206604004,41.58852767944336,98.06591033935548,46.032371520996094,31.057907104492188,3829.25
2022-12-28,123.93653869628906,228.03802490234372,14.004880905151367,112.70999908447266,121.84577941894533,29.964305877685547,41.32010269165039,96.4550552368164,45.22574615478516,30.709741592407227,3783.219970703125
2022-12-29,127.44695281982422,234.33865356445312,14.570624351501465,121.81999969482422,122.54485321044922,30.30262565612793,41.75120162963867,97.18482208251952,45.50101852416992,31.065818786621094,3849.280029296875
2022-12-30,127.76161193847656,233.1816253662109,14.5816011428833,123.18000030517578,123.3543472290039,30.284334182739254,41.6779899597168,98.16380310058594,45.38578414916992,31.176597595214844,3839.5
2023-01-03,122.98271942138672,232.9482421875,14.283262252807615,108.0999984741211,124.2926025390625,30.640947341918945,41.69425582885742,94.79082489013672,45.96515655517578,31.746318817138672,3824.139892578125
2023-01-04,124.25118255615234,222.7583770751953,14.716300010681152,113.63999938964844,125.45165252685548,31.21700668334961,40.7751350402832,95.06670379638672,46.016357421875,32.54551696777344,3852.969970703125
2023-01-05,122.93354034423828,216.1562957763672,14.23337459564209,110.33999633789062,125.42386627197266,31.152999877929688,40.39284133911133,97.19373321533205,45.85952377319336,32.99655532836914,3808.10009765625
2023-01-06,127.4567642211914,218.70379638671875,14.826055526733398,113.05999755859376,127.82390594482422,31.463897705078125,41.417701721191406,98.36851501464844,46.9830436706543,33.384273529052734,3895.080078125
2023-01-09,127.97791290283205,220.83316040039065,15.59335231781006,119.7699966430664,127.29568481445312,30.98840713500977,39.359840393066406,96.53517150878906,46.39728164672852,33.250057220458984,3892.090087890625
2023-01-10,128.54824829101562,222.51524353027344,15.873729705810549,118.8499984741211,128.4355010986328,31.198713302612305,38.7335319519043,97.9769058227539,46.36847305297852,33.71622085571289,3919.25
2023-01-11,131.26220703125,229.2437286376953,15.965523719787598,123.22000122070312,129.38998413085938,31.43646240234375,38.59525680541992,99.11608123779295,46.77498245239258,33.097347259521484,3969.610107421875
2023-01-12,131.18353271484375,231.9078826904297,16.474393844604492,123.55999755859376,129.26023864746094,31.51875305175781,38.80673599243164,100.76252746582033,46.35246658325195,33.60369873046875,3983.169921875
2023-01-13,132.510986328125,232.6079559326172,16.861536026000977,122.4000015258789,132.5220947265625,32.21368789672852,38.92060089111328,100.7002182006836,46.506103515625,33.64388656616211,3999.090087890625
2023-01-17,133.6713104248047,233.69696044921875,17.66275405883789,131.49000549316406,130.4741668701172,31.564468383789062,37.480918884277344,100.50444793701172,46.224422454833984,32.83211898803711,3990.969970703125
2023-01-18,132.9534912109375,229.2826385498047,17.338470458984375,128.77999877929688,126.55437469482422,30.832969665527344,36.60245895385742,98.439697265625,45.08170318603516,32.124847412109375,3928.860107421875
2023-01-19,133.0124969482422,225.510009765625,16.72783088684082,127.16999816894533,124.86783599853516,30.384916305541992,36.56991958618164,99.0715789794922,44.438323974609375,32.19717788696289,3898.85009765625
2023-01-20,135.56912231445312,233.570556640625,17.79945182800293,133.4199981689453,125.17363739013672,30.95183563232422,36.69192886352539,100.87822723388672,44.98567581176758,32.148948669433594,3972.610107421875
2023-01-23,138.75497436523438,235.865234375,19.15045166015625,143.75,127.2030258178711,31.381601333618164,36.586185455322266,100.3531265258789,45.657859802246094,31.851581573486328,4019.81005859375
2023-01-24,140.15133666992188,235.3401641845703,19.2222900390625,143.88999938964844,128.29649353027344,31.61019515991211,36.36656951904297,101.28759002685548,45.77949142456055,32.48652267456055,4016.949951171875
2023-01-25,139.4925079345703,233.94976806640625,19.28016471862793,144.42999267578125,128.9173583984375,31.88451194763184,36.65939712524414,100.75360870361328,45.56184005737305,32.414188385009766,4016.219970703125
2023-01-26,141.55746459960938,241.1351776123047,19.75809860229492,160.27000427246094,129.71429443359375,32.31427383422852,36.32284164428711,104.80298614501952,45.52022933959961,32.365962982177734,4060.429931640625
2023-01-27,143.4945831298828,241.29074096679688,20.319847106933597,177.89999389648438,130.0293731689453,32.41484832763672,35.945247650146484,102.88955688476562,45.8691291809082,32.663330078125,4070.56005859375
2023-01-30,140.6134796142578,235.9916229248047,19.11952018737793,166.66000366210938,128.9266357421875,32.27769088745117,35.74824142456055,101.06510162353516,45.50101852416992,32.992862701416016,4017.77001953125
2023-01-31,141.88197326660156,240.9504547119141,19.49368667602539,173.22000122070312,129.6957550048828,32.44227600097656,36.24896240234375,103.24555206298828,46.051570892333984,33.410797119140625,4076.60009765625
2023-02-01,143.00289916992188,245.7537078857422,20.896568298339844,181.41000366210935,129.3529052734375,32.84461212158203,36.09299850463867,102.1152572631836,46.30765151977539,33.50724411010742,4119.2099609375
2023-02-02,148.30296325683594,257.2756652832031,21.660869598388672,188.2700042724609,128.7505645751953,33.036624908447266,36.39672088623047,98.92028045654295,45.9715576171875,33.619773864746094,4179.759765625
2023-02-03,151.9215545654297,251.19873046875,21.05321884155273,189.97999572753903,130.74288940429688,33.310943603515625,36.16688537597656,99.60553741455078,45.36017990112305,33.36257553100586,4136.47998046875
2023-02-06,149.19776916503906,249.66241455078125,21.042245864868164,194.75999450683597,131.5120391845703,33.25608444213867,35.920623779296875,99.43646240234376,45.03048706054688,33.1777229309082,4111.080078125
2023-02-07,152.0690460205078,260.1537780761719,22.12384033203125,196.80999755859372,133.1151580810547,33.62183380126953,35.78107452392578,102.27547454833984,45.12651062011719,32.590999603271484,4164.0
2023-02-08,149.3845977783203,259.3467712402344,22.15577507019043,201.2899932861328,132.17921447753906,33.37495422363281,36.10121154785156,101.385498046875,44.88325119018555,32.566890716552734,4117.85986328125
2023-02-09,148.35214233398438,256.32281494140625,22.2874813079834,207.32000732421875,130.12203979492188,32.66173553466797,35.57585525512695,101.76818084716795,45.29935836791992,31.996257781982425,4081.5
2023-02-10,148.71653747558594,255.81719970703125,21.217851638793945,196.88999938964844,130.696533203125,32.533721923828125,36.01912307739258,106.05784606933594,46.003562927246094,32.156982421875,4090.4599609375
2023-02-13,151.51336669921875,263.8096923828125,21.739696502685547,194.63999938964844,132.11436462402344,32.59773254394531,36.10941696166992,105.6453094482422,46.70455932617188,32.406150817871094,4137.2900390625
2023-02-14,150.8732452392578,264.6361999511719,22.920074462890625,209.25,132.69813537597656,32.570289611816406,35.887779235839844,104.40769958496094,46.57012176513672,32.414188385009766,4136.1298828125
2023-02-15,152.97088623046875,262.5209045410156,22.713531494140625,214.2400054931641,133.25411987304688,32.51543426513672,35.559452056884766,104.09382629394533,46.91581726074219,32.45437240600586,4147.60009765625
2023-02-16,151.37551879882812,255.5319366455078,21.953218460083008,202.0399932861328,131.4193572998047,32.2594108581543,35.25571823120117,103.78890228271484,46.17961120605469,32.020355224609375,4090.409912109375
2023-02-17,150.23316955566406,251.54522705078125,21.340579986572266,208.30999755859372,131.80853271484375,32.32341384887695,35.469146728515625,99.79803466796876,46.874210357666016,32.32577896118164,4079.090087890625
2023-02-21,146.22496032714844,246.291259765625,20.609207153320312,197.3699951171875,129.38998413085938,31.564468383789062,35.050514221191406,99.69940185546876,47.15909576416016,31.5059871673584,3997.340087890625
2023-02-22,146.64842224121094,245.1605682373047,20.707988739013672,200.8600006103516,128.39840698242188,31.35417366027832,34.787841796875,98.40796661376952,46.17000961303711,31.57027053833008,3991.050048828125
2023-02-23,147.1309814453125,248.3382873535156,23.61153793334961,202.07000732421875,129.42701721191406,31.326738357543945,34.722171783447266,99.3137664794922,45.481815338134766,30.96748161315918,4012.320068359375
2023-02-24,144.48182678222656,242.9283447265625,23.234373092651367,196.8800048828125,130.59463500976562,31.281015396118164,34.27070236206055,99.32274627685548,45.60344696044922,31.13626289367676,3970.0400390625
2023-02-27,145.67344665527344,243.8446502685547,23.448898315429688,207.6300048828125,131.73440551757812,31.281015396118164,33.47447204589844,99.14337158203124,45.27375411987305,31.248783111572266,3982.239990234375
2023-02-28,145.17123413085938,243.1233062744141,23.164527893066406,205.7100067138672,132.83717346191406,31.36330986022949,33.30209732055664,98.56941986083984,45.4946174621582,31.192527770996094,3970.14990234375
2023-03-01,143.10308837890625,240.0528259277344,22.647676467895508,202.7700042724609,132.09584045410156,31.21700668334961,32.981964111328125,99.4482879638672,44.860836029052734,30.782621383666992,3951.389892578125
2023-03-02,143.69398498535156,244.7706451416016,23.262311935424805,190.8999938964844,130.724365234375,30.82127571105957,33.3431396484375,99.9056625366211,44.97286987304688,30.87103080749512,3981.35009765625
2023-03-03,148.73622131347656,248.84510803222656,23.837032318115234,197.7899932861328,133.12442016601562,31.437885284423828,33.7781867980957,101.1701889038086,45.02728271484375,30.75048065185547,4045.639892578125
2023-03-06,151.49371337890625,250.38525390625,23.501781463623047,193.80999755859372,132.34597778320312,31.373462677001957,33.745361328125,102.06698608398438,45.020877838134766,30.66206741333008,4048.419921875
2023-03-07,149.29754638671875,247.73390197753903,23.24031639099121,187.7100067138672,128.45401000976562,30.370325088500977,33.11329650878906,100.093994140625,44.57275390625,30.46917152404785,3986.3701171875
2023-03-08,150.54824829101562,247.29525756835935,24.131486892700195,182.0,127.69417572021484,29.96538543701172,32.93270492553711,98.63218688964844,44.20464706420898,30.16375541687012,3992.010009765625
2023-03-09,148.30287170410156,245.9501037597656,23.388011932373047,172.9199981689453,120.78124237060548,28.106351852416992,32.39094161987305,97.86988067626952,43.90696334838867,29.37610626220703,3918.320068359375
2023-03-10,146.24462890625,242.31430053710935,22.917978286743164,173.44000244140625,123.84850311279295,27.85786819458008,32.33347702026367,96.65918731689452,43.84294509887695,29.48059463500977,3861.590087890625
2023-03-13,148.18472290039062,247.50970458984372,22.91897392272949,174.47999572753906,121.6245346069336,26.23811912536621,32.71929168701172,95.54711151123048,43.97098159790039,29.36806869506836,3855.760009765625
2023-03-14,150.27252197265625,254.2062530517578,24.01372528076172,183.25999450683597,124.7473602294922,26.468196868896484,32.75212478637695,95.90585327148438,44.20464706420898,29.64133644104004,3919.2900390625
2023-03-15,150.6664581298828,258.73883056640625,24.178390502929688,180.4499969482422,118.85379028320312,26.21971321105957,33.06404495239258,91.13478088378906,44.69758224487305,29.786008834838867,3891.929931640625
2023-03-16,153.4829864501953,269.2273254394531,25.48870277404785,184.1300048828125,121.1611785888672,26.661460876464844,33.13792037963867,90.60564422607422,44.44367980957031,29.400218963623047,3960.280029296875
2023-03-17,152.64593505859375,272.3757019042969,25.67232894897461,180.1300048828125,116.5834732055664,25.603099822998047,32.91628646850586,89.5384292602539,44.803653717041016,29.56900787353516,3916.639892578125
2023-03-20,155.0094451904297,265.35748291015625,25.84696578979492,183.25,117.8159408569336,25.53867721557617,33.49909591674805,91.87913513183594,45.28575897216797,30.083383560180664,3951.570068359375
2023-03-21,156.86094665527344,266.8683776855469,26.14535903930664,197.5800018310547,120.97584533691406,26.31174087524414,33.37596893310547,95.99552917480467,45.13148880004883,30.332538604736328,4002.8701171875
2023-03-22,155.43295288085938,265.4159545898437,26.41380500793457,191.1499938964844,117.85301208496094,25.43744659423828,32.842411041259766,93.79832458496094,44.842227935791016,29.9869384765625,3936.969970703125
2023-03-23,156.51622009277344,270.6503295898437,27.13532257080078,192.22000122070312,117.5379409790039,24.820837020874023,32.981964111328125,92.74008178710938,45.20540237426758,30.0351619720459,3948.719970703125
2023-03-24,157.81619262695312,273.4869079589844,26.724164962768555,190.41000366210935,115.7494888305664,24.97728729248047,33.154335021972656,92.84768676757812,45.57501602172852,30.26824760437012,3970.989990234375
2023-03-27,155.8761444091797,269.40264892578125,26.476675033569336,191.80999755859372,119.06693267822266,26.21971321105957,33.014793395996094,94.88347625732422,46.33674621582031,30.58169174194336,3977.530029296875
2023-03-28,155.2556915283203,268.2817687988281,26.35592269897461,189.19000244140625,119.42833709716795,25.87919235229492,32.82599639892578,96.06729125976562,46.15676498413086,30.541507720947266,3971.27001953125
2023-03-29,158.3282928466797,273.4284362792969,26.92874526977539,193.8800048828125,119.66926574707033,26.38536834716797,33.039424896240234,97.7174301147461,46.35602951049805,30.927295684814453,4027.81005859375
2023-03-30,159.8941650390625,276.8790588378906,27.326929092407227,195.27999877929688,119.30787658691406,26.04485321044922,33.1461296081543,98.1927261352539,46.81885147094727,31.07196617126465,4050.830078125
2023-03-31,162.3955535888672,281.02178955078125,27.720125198364254,207.4600067138672,120.75345611572266,26.320947647094727,33.49089050292969,98.34520721435548,47.39095306396485,31.25681495666504,4109.31005859375
2023-04-03,163.6463165283203,279.97882080078125,27.907737731933597,194.7700042724609,120.61446380615234,26.31174087524414,33.94236373901367,104.14761352539062,47.78948211669922,31.522050857543945,4124.509765625
2023-04-04,163.11448669433594,279.9300842285156,27.396787643432617,192.5800018310547,119.00206756591795,25.75035285949707,33.57298278808594,103.15215301513672,47.32024002075195,31.867650985717773,4100.60009765625
2023-04-05,161.27285766601562,277.1617431640625,26.82596015930176,185.5200042724609,119.17951202392578,25.43744659423828,34.10653305053711,104.91888427734376,48.10445785522461,32.237361907958984,4090.3798828125
2023-04-06,162.1592254638672,284.2384338378906,26.98164176940918,185.05999755859372,119.04876708984376,25.621505737304688,34.06549072265625,103.17906188964844,48.46764755249024,32.25615310668945,4105.02001953125
2023-04-10,159.5691680908203,282.084228515625,27.522533416748047,184.50999450683597,119.4410171508789,25.713537216186523,34.2542839050293,102.72166442871094,48.37444686889648,32.149940490722656,4109.10986328125
2023-04-11,158.3578338623047,275.6898498535156,27.113370895385746,186.7899932861328,120.0293960571289,26.422178268432617,34.30353927612305,103.44810485839844,48.2330322265625,32.23163986206055,4108.93994140625
2023-04-12,157.6685028076172,276.3332214355469,26.440750122070312,180.5399932861328,120.01071166992188,26.21050453186035,33.958778381347656,103.34049987792967,47.9984016418457,32.027400970458984,4091.949951171875
2023-04-13,163.04556274414062,282.5228881835937,26.408815383911133,185.8999938964844,120.46832275390624,26.28413391113281,34.040863037109375,103.82476806640624,48.04661178588867,32.12543487548828,4146.22021484375
2023-04-14,162.7008514404297,278.9163513183594,26.703208923339844,185.0,129.56488037109375,27.167633056640625,33.8110237121582,104.07588958740234,47.72200012207031,32.043731689453125,4137.64013671875
2023-04-17,162.7205352783203,281.5091552734375,26.94671630859375,187.0399932861328,130.5922088623047,27.94989585876465,33.802818298339844,102.86517333984376,48.056251525878906,32.23981475830078,4151.31982421875
2023-04-18,163.94171142578125,281.0899963378906,27.6103515625,184.30999755859372,132.0584716796875,28.124759674072266,33.28567123413086,104.87405395507812,48.16232681274414,31.814960479736328,4154.8701171875
2023-04-19,165.08412170410156,281.1679992675781,27.87380790710449,180.58999633789065,131.890380859375,27.664600372314453,33.031219482421875,104.54220581054688,48.2137451171875,31.537172317504883,4154.52001953125
2023-04-20,164.11898803710938,278.8870544433594,27.048503875732425,162.99000549316406,131.5074462890625,27.517353057861328,32.71107482910156,103.70817565917967,48.52228546142578,30.385164260864254,4129.7900390625
2023-04-21,162.5137176513672,278.5458984375,27.06346893310547,165.0800018310547,131.2552947998047,27.489744186401367,33.006587982177734,104.0400161743164,48.76655960083008,30.491378784179688,4133.52001953125
2023-04-24,162.81903076171875,274.6566162109375,26.986631393432617,162.5500030517578,131.43275451660156,27.38850975036621,32.76033020019531,106.00404357910156,49.09760665893555,30.3116397857666,4137.0400390625
2023-04-25,161.28274536132812,268.4669494628906,26.18726921081543,160.6699981689453,128.57489013671875,26.541820526123047,32.284236907958984,104.49737548828124,48.71513748168945,30.47504234313965,4071.6298828125
2023-04-26,161.27285766601562,287.913330078125,26.90080451965332,153.75,126.29608154296876,26.1737003326416,31.70963287353516,103.53776550292967,48.50300979614258,30.16457176208496,4055.989990234375
2023-04-27,165.8522491455078,297.1343994140625,27.170249938964844,160.19000244140625,127.99586486816406,26.58783721923828,31.79993057250977,104.77539825439452,48.654056549072266,31.69241523742676,4135.35009765625
2023-04-28,167.1029815673828,299.50311279296875,27.69218635559082,164.30999755859375,129.10723876953125,26.946758270263672,31.92306327819824,106.12957763671876,48.52228546142578,31.72508811950684,4169.47998046875
2023-05-01,167.01431274414062,297.8460693359375,28.850807189941406,161.8300018310547,131.87167358398438,26.72588157653809,32.18572998046875,102.83827209472656,48.7215576171875,31.62704849243164,4167.8701171875
2023-05-02,165.9802703857422,297.6997985839844,28.152233123779297,160.30999755859375,129.74229431152344,25.91600799560547,32.06260681152344,98.73981475830078,48.589786529541016,30.77733993530273,4119.580078125
2023-05-03,164.9068603515625,296.7153625488281,27.745073318481445,160.61000061035156,126.99655151367188,25.639911651611328,31.56188201904297,96.793701171875,48.4098014831543,31.03061294555664,4090.75
2023-05-04,163.27203369140625,297.6997985839844,27.505563735961918,161.1999969482422,125.2594223022461,24.83924102783203,31.381298065185547,95.09870910644533,48.54530334472656,30.515893936157227,4061.219970703125
2023-05-05,170.93389892578125,302.8075561523437,28.62127685546875,170.05999755859375,127.70635223388672,25.501861572265625,31.59471893310547,97.46630859375,48.96471405029297,30.90807342529297,4136.25
2023-05-08,170.86497497558594,300.8580627441406,29.091312408447266,171.7899932861328,128.01454162597656,25.48345947265625,31.74246597290039,97.8519515991211,49.27120971679688,30.90807342529297,4138.1201171875
2023-05-09,169.16123962402344,299.2497253417969,28.512496948242188,169.14999389648438,127.39811706542967,25.45585250854492,31.58650779724121,97.87884521484376,49.35508346557617,30.69564247131348,4119.169921875
2023-05-10,170.924072265625,304.42559814453125,28.82585906982422,168.5399932861328,127.46351623535156,25.142942428588867,31.43874931335449,96.623291015625,49.21636199951172,30.744667053222656,4137.64013671875
2023-05-11,171.11111450195312,302.2811584472656,28.51948356628418,172.0800018310547,127.06192779541016,25.207368850708008,31.18153190612793,94.87452697753906,49.40026473999024,30.72014808654785,4130.6201171875
2023-05-12,170.1841583251953,301.16998291015625,28.28197288513184,167.97999572753906,125.24073028564452,24.931270599365234,30.990694046020508,94.86553192138672,49.38412094116211,30.711977005004883,4124.080078125
2023-05-15,169.69107055664062,301.6475524902344,28.89371490478516,166.35000610351562,126.29608154296876,25.44664764404297,30.83304214477539,95.04645538330078,49.00020599365234,30.04201889038086,4136.27978515625
2023-05-16,169.69107055664062,303.8699951171875,29.15318298339844,166.52000427246094,125.44622802734376,25.17975807189941,30.70858192443848,92.7397232055664,48.322696685791016,29.453760147094727,4109.89990234375
2023-05-17,170.30245971679688,306.7420959472656,30.11620712280273,173.86000061035156,129.30340576171875,26.2933349609375,30.49285888671875,94.82029724121094,48.242034912109375,29.55997467041016,4158.77001953125
2023-05-18,172.62986755371094,311.1575927734375,31.61314010620117,176.88999938964844,130.2840118408203,26.20130157470703,30.268821716308597,95.6796875,48.8679313659668,29.519121170043945,4198.0498046875
2023-05-19,172.73834228515625,310.98175048828125,31.19998359680176,180.13999938964844,129.98512268066406,25.869991302490234,30.50944709777832,96.12294006347656,48.36463165283203,29.453760147094727,4191.97998046875
2023-05-22,171.7916259765625,313.756103515625,31.11216163635254,188.8699951171875,128.91110229492188,26.081661224365234,32.152320861816406,94.95600128173828,47.93876266479492,29.380231857299805,4192.6298828125
2023-05-23,169.18809509277344,307.9729309082031,30.62516021728516,185.7700042724609,127.56624603271484,26.302539825439453,32.89078903198242,96.24957275390624,47.84843444824219,29.608991622924805,4145.580078125
2023-05-24,169.46426391601562,306.5955505371094,30.4754695892334,182.8999938964844,126.39883422851562,25.860788345336918,32.05275344848633,97.32604217529295,47.62905502319336,29.306697845458984,4115.240234375
2023-05-25,170.5983428955078,318.3865966796875,37.9022331237793,184.47000122070312,126.70701599121094,25.92521476745605,31.388965606689453,95.58018493652344,47.15479278564453,28.44882202148437,4151.27978515625
2023-05-26,173.0045928955078,325.1954650878906,38.866249084472656,193.1699981689453,127.89311981201172,26.05405616760254,31.198131561279297,94.95600128173828,47.23867416381836,28.59588432312012,4205.4501953125
2023-05-30,174.84878540039062,323.5542297363281,40.02886962890625,201.16000366210935,128.37876892089844,26.008041381835938,30.70858192443848,94.11471557617188,47.12252426147461,28.514183044433597,4205.52001953125
2023-05-31,174.79945373535156,320.79949951171875,37.75652313232422,203.92999267578125,126.74440002441406,25.57549095153809,31.54661750793457,92.4321517944336,47.38385009765625,29.110610961914062,4179.830078125
2023-06-01,177.6001739501953,324.892578125,39.68857192993164,207.5200042724609,128.49082946777344,25.77029800415039,31.54661750793457,93.49959564208984,47.55807113647461,29.184141159057617,4221.02001953125
2023-06-02,178.4482879638672,327.6473693847656,39.24647521972656,213.97000122070312,131.18992614746094,26.633018493652344,31.828725814819336,95.67063903808594,48.012969970703125,28.252735137939453,4282.3701171875
2023-06-05,177.0972442626953,328.1749572753906,39.09079360961914,217.6100006103516,129.90109252929688,26.475318908691406,32.069358825683594,95.2454605102539,48.32914733886719,28.154687881469727,4273.7900390625
2023-06-06,176.73236083984375,325.9671936035156,38.574851989746094,221.30999755859372,130.13458251953125,27.11540412902832,31.83702278137207,96.02342987060548,48.322696685791016,28.35077667236328,4283.85009765625
2023-06-07,175.36158752441406,315.9052429199219,37.402137756347656,224.57000732421875,131.39540100097656,27.347318649291992,32.268489837646484,98.17638397216795,48.39366912841797,28.80830955505371,4267.52001953125
2023-06-08,178.07354736328125,317.7418212890625,38.43511962890625,234.8600006103516,131.43275451660156,27.11540412902832,32.43444061279297,97.86881256103516,49.09375762939453,28.947206497192383,4293.93017578125
2023-06-09,178.4581756591797,319.2364501953125,38.69462203979492,244.3999938964844,131.6942596435547,27.152507781982425,32.334869384765625,97.14513397216795,49.39058303833008,28.979887008666992,4298.85986328125
2023-06-12,181.2490081787109,324.17950439453125,39.40522766113281,249.8300018310547,131.6848907470703,27.02263641357422,33.106529235839844,96.2676773071289,49.716426849365234,29.09426498413086,4338.93017578125
2023-06-13,180.7756805419922,326.5631408691406,40.94224166870117,258.7099914550781,132.6375274658203,27.273101806640625,33.421817779541016,96.2857666015625,50.10358047485352,28.988056182861328,4369.009765625
2023-06-14,181.4068298339844,329.5426025390625,42.91339874267578,256.7900085449219,132.14254760742188,27.01336097717285,32.65846633911133,95.12787628173828,50.61009979248047,29.192310333251957,4372.58984375
2023-06-15,183.4383544921875,340.0538024902344,42.570072174072266,255.8999938964844,133.6368408203125,27.245275497436523,32.98206329345703,95.78823852539062,50.88755798339844,29.77239990234375,4425.83984375
2023-06-16,182.3634185791016,334.417236328125,42.60899353027344,260.5400085449219,133.79562377929688,27.078296661376957,33.239288330078125,95.1007308959961,50.17778015136719,29.788738250732425,4409.58984375
2023-06-20,182.45216369628903,330.2361755371094,43.72282409667969,274.45001220703125,133.1138153076172,26.781444549560547,32.641876220703125,92.92064666748048,49.73578643798828,29.257678985595703,4388.7099609375
2023-06-21,181.41668701171875,325.8499450683594,42.96131134033203,259.4599914550781,132.917724609375,26.50314712524414,32.27678680419922,93.96094512939452,49.83257675170898,29.27401733398437,4365.68994140625
2023-06-22,184.4146423339844,331.8578186035156,42.941349029541016,264.6099853515625,130.3587188720703,25.937274932861328,32.13573455810547,93.44532012939452,50.24876022338867,29.29035377502441,4381.89013671875
2023-06-23,184.09906005859372,327.2761535644531,42.126930236816406,256.6000061035156,129.67694091796875,25.74246597290039,31.778942108154297,92.63117218017578,50.15519714355469,29.012571334838867,4348.330078125
2023-06-26,182.7085876464844,321.0046081542969,40.55299377441406,241.0500030517578,129.99449157714844,26.05787467956543,30.60901641845703,94.3408660888672,50.02291870117188,29.502784729003903,4328.81982421875
2023-06-27,185.46002197265625,326.83660888671875,41.794578552246094,250.2100067138672,130.00381469726562,26.197023391723636,30.219038009643555,94.57606506347656,49.842247009277344,29.86227035522461,4378.41015625
2023-06-28,186.63352966308597,328.0870056152344,41.037052154541016,256.239990234375,129.4341278076172,26.0393180847168,30.111173629760746,95.34498596191406,50.11326599121094,30.08287239074707,4376.85986328125
2023-06-29,186.9688415527344,327.3054504394531,40.74263000488281,257.5,133.95437622070312,26.58663749694824,29.970117568969727,96.52096557617188,49.77450180053711,30.22177124023437,4396.43994140625
2023-06-30,191.28829956054688,332.66864013671875,42.21975326538086,261.7699890136719,135.83157348632812,26.61446762084961,30.43477249145508,97.01849365234376,50.71010971069336,30.385164260864254,4450.3798828125
2023-07-03,189.79916381835935,330.177490234375,42.33053207397461,279.82000732421875,136.92430114746094,27.087574005126957,30.40987968444824,97.20844268798828,51.039188385009766,30.458696365356445,4455.58984375
2023-07-05,188.6847686767578,330.3338317871094,42.23472595214844,282.4800109863281,136.0121612548828,26.976253509521484,30.25222396850586,96.71092224121094,51.01015472412109,30.62210464477539,4446.81982421875
2023-07-06,189.15814208984372,333.3817443847656,42.02113723754883,276.5400085449219,134.6674346923828,26.234128952026367,29.563549041748047,93.10154724121094,50.68751907348633,30.336151123046875,4411.58984375
2023-07-07,188.04379272460935,329.42535400390625,42.420352935791016,274.42999267578125,135.73004150390625,26.46604347229004,29.48056983947754,93.31867980957033,49.519630432128906,29.85628890991211,4398.9501953125
2023-07-10,186.00241088867188,324.1598815917969,42.097991943359375,269.6099853515625,136.49171447753906,26.58663749694824,29.60503387451172,94.70272064208984,49.968074798583984,29.22422790527344,4409.52978515625
2023-07-11,185.47972106933597,324.7850952148437,42.32255554199219,269.7900085449219,138.62632751464844,26.920597076416016,29.887142181396484,95.86060333251952,49.89387512207031,29.099477767944336,4439.259765625
2023-07-12,187.14633178710935,329.40582275390625,43.8166389465332,271.989990234375,139.31277465820312,27.235998153686523,29.86224937438965,96.33100128173828,50.01969528198242,28.99136734008789,4472.16015625
2023-07-13,187.90570068359372,334.7395324707031,45.88761138916016,277.8999938964844,139.98980712890625,27.523571014404297,29.92033195495605,94.5670166015625,49.726112365722656,28.808406829833984,4510.0400390625
2023-07-14,188.0536651611328,337.2599792480469,45.38059616088867,281.3800048828125,140.83615112304688,27.00408172607422,30.136066436767575,91.31045532226562,49.897098541259766,28.284460067749023,4505.419921875
2023-07-17,191.30799865722656,337.7386169433594,46.37065505981445,290.3800048828125,144.2307891845703,27.273101806640625,29.75438499450684,91.70846557617188,49.95839691162109,26.16374969482422,4522.7900390625
2023-07-18,191.05157470703125,351.1806030273437,47.401649475097656,293.3399963378906,144.49411010742188,28.47905921936035,30.069684982299805,91.29236602783205,49.86806869506836,26.837390899658203,4554.97998046875
2023-07-19,192.4026641845703,346.8724975585937,46.98546600341797,291.260009765625,145.04891967773438,29.249011993408203,30.235633850097656,91.9255828857422,49.88418960571289,28.251195907592773,4565.72021484375
2023-07-20,190.4598693847656,338.852294921875,45.43149566650391,262.8999938964844,146.8355712890625,29.397441864013672,30.50944709777832,93.54480743408205,50.8068962097168,27.976749420166016,4534.8701171875
2023-07-21,189.2863311767578,335.823974609375,44.22285461425781,260.0199890136719,145.70712280273438,29.66645812988281,31.03217887878418,93.9790267944336,51.09403610229492,28.176353454589844,4536.33984375
2023-07-24,190.0851593017578,337.1329345703125,44.52525329589844,269.0599975585937,148.57521057128906,30.287986755371094,31.12345123291016,95.45352172851562,51.39407730102539,28.25951194763184,4554.64013671875
2023-07-25,190.9431304931641,342.8672790527344,45.59018325805664,265.2799987792969,147.46559143066406,29.824161529541016,30.750076293945312,95.5982666015625,51.352142333984375,28.47574234008789,4567.4599609375
2023-07-26,191.8109588623047,329.962646484375,45.36362457275391,264.3500061035156,148.34951782226562,30.065349578857425,30.87452888488769,95.06452941894533,51.53602981567383,28.558910369873047,4566.75
2023-07-27,190.54867553710935,323.0755920410156,45.81076049804688,255.7100067138672,146.7133331298828,29.638628005981445,30.371143341064453,95.36307525634766,51.348915100097656,27.90190315246582,4537.41015625
2023-07-28,193.12258911132807,330.5487365722656,46.65909957885742,266.44000244140625,147.5502471923828,29.59224319458008,30.26206970214844,94.22327423095705,51.59088134765625,28.30109405517578,4582.22998046875
2023-07-31,193.73399353027344,328.1553955078125,46.63814926147461,267.42999267578125,148.53759765625,29.685009002685547,30.25368309020996,97.00943756103516,51.57474136352539,28.342679977416992,4588.9599609375
2023-08-01,192.90562438964844,328.5656433105469,46.41657257080078,261.07000732421875,147.80410766601562,29.332500457763672,29.876144409179688,96.44860076904295,51.33277893066406,27.802106857299805,4576.72998046875
2023-08-02,189.91751098632807,319.92999267578125,44.18292617797852,254.1100006103516,146.13027954101562,28.93361091613769,29.658002853393555,95.2454605102539,51.36825942993164,27.710622787475582,4513.39013671875
2023-08-03,188.5269927978516,319.1094665527344,44.42844772338867,259.32000732421875,147.02362060546875,29.1376895904541,29.364356994628903,96.90089416503906,51.38116836547852,27.494394302368164,4501.89013671875
2023-08-04,179.47393798828125,320.2034912109375,44.59313583374024,253.8600006103516,146.7133331298828,29.035648345947266,29.38114547729492,97.1722640991211,51.084354400634766,27.12847137451172,4478.02978515625
2023-08-07,176.37733459472656,322.4797058105469,45.328704833984375,251.4499969482422,147.4091796875,29.573692321777344,29.934871673583984,96.97325134277344,51.77799987792969,27.053617477416992,4518.43994140625
2023-08-08,177.31419372558594,318.51348876953125,44.57716369628906,249.6999969482422,146.58168029785156,29.0078239440918,29.90131187438965,97.45269012451172,51.8296127319336,27.086889266967773,4499.3798828125
2023-08-09,175.72647094726562,314.7817687988281,42.47126770019531,242.19000244140625,144.6163330078125,28.62748146057129,30.069101333618164,99.10811614990234,51.91349411010742,27.203317642211918,4467.7099609375
2023-08-10,175.5094757080078,315.4656677246094,42.30558776855469,245.33999633789065,144.40005493164062,28.701696395874023,29.968429565429688,99.6147003173828,51.88759994506836,27.461130142211918,4468.830078125
2023-08-11,175.56874084472656,313.590087890625,40.77556228637695,242.6499938964844,145.23699951171875,29.0263729095459,30.23690795898437,101.16155242919922,52.19195175170898,27.7438907623291,4464.0498046875
2023-08-14,177.21788024902344,316.5499572753906,43.66793441772461,239.75999450683597,145.5378875732422,28.69241714477539,30.26206970214844,101.24298858642578,51.80342102050781,27.91021728515625,4489.72021484375
2023-08-15,175.2329864501953,314.4203491210937,43.85456848144531,232.9600067138672,141.83290100097656,27.774038314819336,29.69156837463379,98.64373779296876,51.53792190551758,27.66071891784668,4437.85986328125
2023-08-16,174.364013671875,313.6568298339844,43.40145111083984,225.6000061035156,141.23109436035156,27.17105865478516,29.76707649230957,96.98384857177734,51.56382751464844,27.669042587280277,4404.330078125
2023-08-17,171.82611083984375,310.2108764648437,43.25971984863281,219.22000122070312,139.76416015625,27.16178321838379,30.6312255859375,98.86260986328124,50.40796661376953,27.494394302368164,4370.35986328125
2023-08-18,172.30996704101562,309.8192749023437,43.21481704711914,215.4900054931641,140.08389282226562,27.00408172607422,30.75707244873047,100.35831451416016,51.13320541381836,27.594194412231445,4369.7099609375
2023-08-21,173.64312744140625,315.1056823730469,46.875675201416016,231.27999877929688,140.56341552734375,27.041189193725582,31.05071449279785,99.14533233642578,50.99722671508789,27.44449234008789,4399.77001953125
2023-08-22,175.01573181152344,315.6734619140625,45.57919692993164,233.19000244140625,137.6483612060547,26.382556915283203,30.908082962036133,98.5889892578125,50.83534240722656,27.610822677612305,4387.5498046875
2023-08-23,178.8571319580078,320.1178894042969,47.02439498901367,236.8600006103516,138.5792694091797,26.391830444335938,30.75707244873047,97.72258758544922,51.188255310058594,27.60250473022461,4436.009765625
2023-08-24,174.17636108398438,313.23583984375,47.07129287719727,230.0399932861328,138.4476318359375,26.549531936645508,30.33757781982422,96.99298095703124,50.79648971557617,27.760520935058597,4376.31005859375
2023-08-25,176.37850952148438,316.1825256347656,45.92853164672852,238.58999633789065,138.2783966064453,26.438209533691406,30.52215576171875,98.7258071899414,51.09759140014648,27.73557472229004,4405.7099609375
2023-08-28,177.9387664794922,316.88739013671875,46.743934631347656,238.82000732421875,138.75796508789062,26.679405212402344,30.379533767700195,99.55574798583984,51.38899230957031,27.90190315246582,4433.31005859375
2023-08-29,181.8196563720703,321.4982604980469,48.68914794921875,257.17999267578125,139.8863525390625,27.059743881225582,30.329191207885746,100.14855194091795,51.81959915161133,28.849987030029297,4497.6298828125
2023-08-30,185.3055419921875,321.87030029296875,49.168216705322266,256.8999938964844,139.32217407226562,26.939144134521484,30.11945343017578,101.12440490722656,52.19195175170898,28.808406829833984,4514.8701171875
2023-08-31,185.52281188964844,320.8619689941406,49.2590446472168,258.0799865722656,137.60133361816406,26.81754875183105,29.683177947998047,101.40714263916016,52.64846420288086,29.091163635253903,4507.66015625
2023-09-01,187.0929412841797,321.7429504394531,48.41468048095703,245.00999450683597,138.06210327148438,27.107515335083008,30.018768310546875,103.5321273803711,52.31173706054688,28.99136734008789,4515.77001953125
2023-09-05,187.3299560546875,326.5300598144531,48.4536018371582,256.489990234375,136.53875732421875,26.798837661743164,29.683177947998047,103.54126739501952,51.89083099365234,28.5256404876709,4496.830078125
2023-09-06,180.6247711181641,325.8741760253906,46.973365783691406,251.9199981689453,136.3130645751953,26.55563735961914,28.835805892944336,104.43502807617188,52.27936172485352,28.42584228515625,4465.47998046875
2023-09-07,175.3415985107422,322.9666748046875,46.15489959716797,251.4900054931641,135.14700317382812,26.31243705749512,28.760297775268555,103.92430114746094,52.92690658569336,28.11813163757324,4451.14013671875
2023-09-08,175.953857421875,327.2348937988281,45.48714065551758,248.5,135.25048828125,26.527576446533203,28.735122680664062,105.4382553100586,53.0240364074707,27.81873893737793,4457.490234375
2023-09-11,177.11912536621094,330.82763671875,45.0938720703125,273.5799865722656,135.84288024902344,26.639822006225582,28.47504234313965,104.11583709716795,53.20858001708984,28.226245880126957,4487.4599609375
2023-09-12,174.09739685058594,324.7875061035156,44.78644943237305,267.4800109863281,137.61074829101562,27.098163604736328,28.65123176574707,107.15283203125,53.266868591308594,28.30941200256348,4461.89990234375
2023-09-13,172.0334930419922,328.9872436523437,45.40030288696289,271.29998779296875,137.67657470703125,27.013978958129883,28.592500686645508,106.19522857666016,53.27981948852539,28.159717559814453,4467.43994140625
2023-09-14,173.54437255859375,331.5716552734375,45.496124267578125,276.0400085449219,140.3471221923828,27.31330299377441,28.65123176574707,108.09221649169922,53.50321960449219,28.30941200256348,4505.10009765625
2023-09-15,172.82345581054688,323.2701721191406,43.8182487487793,274.3900146484375,139.93341064453125,26.976564407348636,28.5841064453125,106.43235778808594,53.30571746826172,28.10149955749512,4450.31982421875
2023-09-18,175.7465057373047,322.13458251953125,43.88413238525391,265.2799987792969,140.22491455078125,26.9017333984375,28.22334861755371,107.28964233398438,52.91071701049805,27.88527107238769,4453.52978515625
2023-09-19,176.832763671875,321.733154296875,43.438961029052734,266.5,140.04623413085938,26.798837661743164,28.51699447631836,107.00691986083984,52.89776611328125,27.77715492248535,4443.9501953125
2023-09-20,173.29750061035156,314.01904296875,42.16034698486328,262.5899963378906,139.45382690429688,26.705299377441406,28.206565856933597,106.1587371826172,53.069374084472656,27.94348907470703,4402.2001953125
2023-09-21,171.75697326660156,312.8050842285156,40.94062423706055,255.6999969482422,138.36302185058594,26.23760414123535,27.560548782348636,104.66303253173828,52.4250602722168,27.685678482055664,4330.0
2023-09-22,172.60621643066406,310.3381652832031,41.53251647949219,244.8800048828125,137.03713989257812,25.85409927368164,27.426315307617188,104.82720184326172,52.56428527832031,27.677358627319336,4320.06005859375
2023-09-25,173.88011169433594,310.85699462890625,42.14337921142578,246.9900054931641,137.71420288085938,25.81668281555176,27.66961669921875,106.00370025634766,52.797393798828125,27.57755851745605,4337.43994140625
2023-09-26,169.8115997314453,305.5706787109375,41.83296203613281,244.1199951171875,136.2848358154297,25.41446685791016,27.183012008666992,106.1678695678711,52.61285018920898,27.436182022094727,4273.52978515625
2023-09-27,168.30068969726562,306.2069396972656,42.388919830322266,240.5,137.08413696289062,25.508005142211918,26.93131446838379,109.6244125366211,52.36030197143555,26.945507049560547,4274.509765625
2023-09-28,168.5574493408203,307.0390930175781,43.00876998901367,246.3800048828125,138.78616333007812,25.779266357421875,26.92292213439941,108.95863342285156,52.62580108642578,27.070253372192383,4299.7001953125
2023-09-29,169.07098388671875,309.10467529296875,43.41800308227539,250.22000122070312,136.36947631835938,25.61089515686035,27.829021453857425,107.23493194580078,51.78075408935547,26.953821182250977,4288.0498046875
2023-10-02,171.57923889160156,315.02734375,44.6986083984375,251.6000061035156,135.1940460205078,24.974836349487305,28.47504234313965,105.45648956298828,51.83580017089844,26.41324806213379,4288.39013671875
2023-10-03,170.24609375,306.7943420410156,43.43596649169922,246.52999877929688,134.19728088378906,24.235877990722656,28.441482543945312,105.6388931274414,51.5087890625,26.59621238708496,4229.4501953125
2023-10-04,171.49034118652344,312.2471008300781,43.95898818969727,261.1600036621094,134.79910278320312,24.263940811157227,27.946481704711918,101.68986511230467,52.12719345092773,26.230281829833984,4263.75
2023-10-05,172.7247314453125,312.6386108398437,44.60478210449219,260.04998779296875,135.36746215820312,24.37618637084961,28.080717086791992,99.40071105957033,51.50555419921875,26.4631462097168,4258.18994140625
2023-10-06,175.27249145507812,320.3724365234375,45.67678451538086,260.5299987792969,137.45152282714844,24.38553810119629,27.795467376708984,97.7408218383789,50.64107894897461,26.204076766967773,4308.5
2023-10-09,176.75376892089844,322.8785400390625,45.188697814941406,259.6700134277344,137.1388702392578,24.61003303527832,27.854196548461918,101.16089630126952,50.45652770996094,26.713720321655277,4335.66015625
2023-10-10,176.16123962402344,321.4786682128906,45.71271896362305,263.6199951171875,137.9724884033203,25.26480484008789,27.829021453857425,100.73223876953124,51.0263671875,26.97703742980957,4358.240234375
2023-10-11,177.5536651611328,325.4238586425781,46.718841552734375,262.989990234375,138.44613647460938,25.27416038513184,27.778684616088867,97.12067413330078,51.2303352355957,26.722213745117188,4376.9501953125
2023-10-12,178.45225524902344,324.1903381347656,46.85758590698242,258.8699951171875,138.12408447265625,25.161909103393555,27.619281768798828,97.1024169921875,51.46346282958984,26.25504302978516,4349.60986328125
2023-10-13,176.6155242919922,320.83258056640625,45.376346588134766,251.1199951171875,140.19862365722656,25.030956268310547,26.9397029876709,100.20327758789062,51.748382568359375,26.051183700561523,4327.77978515625
2023-10-16,176.48712158203125,325.63916015625,46.0091667175293,253.9199981689453,140.05654907226562,25.246095657348636,27.91292762756348,100.27623748779295,52.1951904296875,26.543840408325195,4373.6298828125
2023-10-17,174.9367218017578,325.07135009765625,43.85618209838867,254.8500061035156,139.75341796875,25.83538818359375,27.47665023803711,101.58953857421876,52.26317596435547,26.764686584472656,4373.2001953125
2023-10-18,173.64312744140625,323.16241455078125,42.11742782592773,242.67999267578125,138.2187957763672,25.545419692993164,26.352418899536133,103.01227569580078,52.302032470703125,26.37395668029785,4314.60009765625
2023-10-19,173.26788330078125,324.3470153808594,42.022605895996094,220.1100006103516,137.6315155029297,25.21803474426269,26.167842864990234,103.07611846923828,52.05271911621094,26.82414436340332,4278.0
2023-10-20,170.7200927734375,319.7948608398437,41.30992889404297,211.9900054931641,135.4148406982422,24.61003303527832,25.714792251586918,101.30682373046876,51.40194320678711,26.81564712524414,4224.16015625
2023-10-23,170.83859252929688,322.3891296386719,42.89497756958008,212.0800018310547,133.567626953125,23.9178466796875,25.87419891357422,99.82023620605467,52.13042449951172,26.662755966186523,4217.0400390625
2023-10-24,171.27308654785156,323.5736083984375,43.58169174194336,216.5200042724609,133.72866821289062,23.824308395385746,25.530216217041016,98.8534927368164,52.85567855834961,29.134519577026367,4247.68017578125
2023-10-25,168.9623260498047,333.5002136230469,41.70120620727539,212.4199981689453,132.99923706054688,23.89913749694824,25.781909942626957,99.03589630126952,52.69702911376953,28.61638069152832,4186.77001953125
2023-10-26,164.80494689941406,320.9891662597656,40.25090789794922,205.75999450683597,133.3402557373047,24.43230628967285,26.142671585083008,98.13299560546876,52.37649154663086,29.278919219970703,4137.22998046875
2023-10-27,166.11830139160156,322.8687744140625,40.424583435058594,207.3000030517578,128.53750610351562,23.5436954498291,25.26173973083496,96.26336669921876,52.18223190307617,28.40403175354004,4117.3701171875
2023-10-30,168.1624298095703,330.2109069824219,41.08435821533203,197.3600006103516,130.17636108398438,24.03009414672852,25.630895614624023,96.56433868408205,52.78120803833008,29.406328201293945,4166.81982421875
2023-10-31,168.63648986816406,330.9940795898437,40.70405960083008,200.83999633789065,131.72987365722656,24.63809585571289,25.639280319213867,96.5369644165039,52.90747833251953,29.839519500732425,4193.7998046875
2023-11-01,171.7964630126953,338.7865905761719,42.246192932128906,205.66000366210935,131.6162109375,24.69421768188477,25.597335815429688,96.34544372558594,53.38018798828125,30.06886482238769,4237.85986328125
2023-11-02,175.3514862060547,340.9892578125,43.42498779296875,218.50999450683597,133.96546936035156,25.83538818359375,25.58894157409668,99.5101318359375,53.590633392333984,30.493566513061523,4317.77978515625
2023-11-03,174.4429931640625,345.3748779296875,44.921199798583984,219.9600067138672,135.46218872070312,26.583702087402344,26.226572036743164,98.29714965820312,53.31219100952149,30.59549140930176,4358.33984375
2023-11-06,176.99073791503906,349.0263977050781,45.66580581665039,219.2700042724609,136.4852752685547,26.499515533447266,26.15945243835449,96.55521392822266,53.383419036865234,30.2727165222168,4365.97998046875
2023-11-07,179.5484161376953,352.9422302246094,45.86943435668945,222.17999267578125,136.41896057128906,26.340499877929688,26.21817970275879,95.04125213623048,53.63272857666016,30.527538299560547,4378.3798828125
2023-11-08,180.6050262451172,355.5560607910156,46.487281799316406,222.1100006103516,137.09153747558594,26.087947845458984,25.857419967651367,93.87386322021484,53.19564056396485,30.383140563964844,4382.77978515625
2023-11-09,180.13104248046875,353.0988464355469,46.862579345703125,209.97999572753903,136.6842041015625,25.751205444335938,25.236703872680664,93.9012451171875,53.07260513305664,30.2557315826416,4347.35009765625
2023-11-10,184.3136749267578,361.889892578125,48.244998931884766,214.6499938964844,138.71139526367188,25.89151382446289,25.0666446685791,94.62171936035156,53.80757141113281,30.332178115844727,4415.240234375
2023-11-13,182.7315826416016,358.9627990722656,48.52946090698242,223.7100067138672,138.09564208984375,25.910219192504883,24.641498565673828,95.61583709716795,54.28998565673828,30.42561149597168,4411.5498046875
2023-11-14,185.3420562744141,362.4772338867188,49.56352996826172,237.41000366210935,140.61544799804688,27.33201026916504,24.879579544067383,95.98397064208984,54.280269622802734,30.47657012939453,4495.7001953125
2023-11-15,185.90565490722656,362.6243896484375,48.796966552734375,242.83999633789065,141.84689331054688,27.70616149902344,25.670352935791016,95.40415954589844,54.96990585327149,30.578502655029297,4502.8798828125
2023-11-16,187.58665466308597,369.0005187988281,49.38786315917969,233.58999633789065,143.46678161621094,27.63133430480957,25.313232421875,94.29972076416016,50.52128982543945,30.731395721435547,4508.240234375
2023-11-17,187.5668792724609,362.8009948730469,49.20620346069336,234.3000030517578,144.7645721435547,28.042903900146484,25.440773010253903,96.60061645507812,50.297889709472656,30.773868560791016,4514.02001953125
2023-11-20,189.30712890625,370.2463073730469,50.31513595581055,235.6000061035156,145.2097930908203,28.07096672058105,25.49179077148437,96.17723846435548,50.28168869018555,31.19856834411621,4547.3798828125
2023-11-21,188.50621032714844,365.9595642089844,49.85100173950195,241.1999969482422,144.90664672851562,27.74357795715332,25.76388931274414,96.1404266357422,50.4630126953125,31.640254974365234,4538.18994140625
2023-11-22,189.1687164306641,370.6484680175781,48.62528991699219,234.2100067138672,145.24769592285156,27.715518951416016,25.78089141845703,95.7262725830078,50.07771682739258,31.725194931030277,4556.6201171875
2023-11-24,187.84371948242188,370.2364196777344,47.6870346069336,235.4499969482422,145.4466094970703,27.809057235717773,25.933942794799805,96.24166870117188,50.52775955200195,31.77616310119629,4559.33984375
2023-11-27,187.66574096679688,371.3939514160156,48.15216827392578,236.0800018310547,145.1150665283203,27.650043487548828,25.627838134765625,95.68026733398438,50.75764083862305,31.725194931030277,4550.43017578125
2023-11-28,188.2689208984375,375.406005859375,47.7319564819336,246.72000122070312,145.4466094970703,27.621980667114254,25.24520874023437,95.62503814697266,51.363094329833984,31.827129364013672,4554.89013671875
2023-11-29,187.25042724609372,371.6294555664063,48.05036163330078,244.13999938964844,146.1855010986328,28.351581573486328,25.57682228088379,94.18927764892578,50.53423690795898,32.073448181152344,4550.580078125
2023-11-30,187.8239288330078,371.688232421875,46.68291473388672,240.0800018310547,147.8527374267578,28.747577667236328,25.908435821533203,94.55742645263672,50.40796661376953,32.557613372802734,4567.7998046875
2023-12-01,189.0995178222656,367.37213134765625,46.677921295166016,238.8300018310547,148.5726776123047,29.190719604492188,24.58197784423828,94.78751373291016,49.97087478637695,32.76995849609375,4594.6298828125
2023-12-04,187.3097381591797,362.1045227050781,45.42525100708008,235.5800018310547,149.66204833984375,29.0587215423584,24.89658737182617,94.27210998535156,49.95792007446289,32.31128692626953,4569.77978515625
2023-12-05,191.2550811767578,365.4200439453125,46.48337936401367,238.72000122070312,149.64309692382812,28.83243560791016,24.735031127929688,92.44060516357422,50.42091369628906,32.634063720703125,4567.18017578125
2023-12-06,190.1674041748047,361.7709655761719,45.42225646972656,239.3699951171875,148.07061767578125,28.785297393798828,24.479942321777344,91.21653747558594,49.87374114990234,32.70201110839844,4549.33984375
2023-12-07,192.09559631347656,363.8800048828125,46.5133171081543,242.63999938964844,148.52529907226562,28.907865524291992,24.343896865844727,90.58148193359376,49.54551696777344,32.82941818237305,4585.58984375
2023-12-08,193.5194854736328,367.0975036621094,47.42170715332031,243.83999633789065,150.16409301757812,29.190719604492188,24.471439361572266,91.6214828491211,49.02555465698242,32.48966217041016,4604.3701171875
2023-12-11,191.01780700683597,364.2232971191406,46.54426956176758,239.7400054931641,150.71353149414062,29.08700561523437,24.35239601135254,91.68592071533205,49.149051666259766,31.99700164794922,4622.43994140625
2023-12-12,192.53065490722656,367.24462890625,47.57244110107422,237.00999450683597,152.05870056152344,28.983293533325195,24.30138397216797,90.24095153808594,49.18804931640625,31.682727813720703,4643.7001953125
2023-12-13,195.7443084716797,367.23480224609375,48.00267791748047,239.2899932861328,152.57020568847656,30.20900535583496,22.668819427490234,91.04165649414062,50.06222152709961,31.41941261291504,4707.08984375
2023-12-14,195.8926239013672,358.9556579589844,48.26420593261719,251.0500030517578,155.34576416015625,32.000423431396484,22.218158721923828,93.48979949951172,49.451271057128906,32.16688537597656,4719.5498046875
2023-12-15,195.3586578369141,363.6642150878906,48.803253173828125,253.5,156.52041625976562,31.67984962463379,22.643308639526367,92.86396026611328,49.636512756347656,31.7421817779541,4719.18994140625
2023-12-18,193.6974639892578,365.547607421875,49.9881477355957,252.0800018310547,157.46771240234375,31.519567489624023,23.008934020996094,93.55423736572266,50.36120223999024,31.99700164794922,4740.56005859375
2023-12-19,194.7357177734375,366.14593505859375,49.51598358154297,257.2200012207031,159.5706787109375,31.59499168395996,23.944259643554688,94.78751373291016,50.543190002441406,31.912065505981445,4768.3701171875
2023-12-20,192.6493377685547,363.5562744140625,48.025638580322266,247.13999938964844,157.77085876464844,31.095287322998047,23.493602752685547,93.20448303222656,49.95173645019531,31.682727813720703,4698.35009765625
2023-12-21,192.5010223388672,366.4205932617188,48.903076171875,254.5,158.67076110839844,31.302705764770508,24.071802139282227,93.62786865234376,50.30595397949219,31.793148040771484,4746.75
2023-12-22,191.43310546875,367.4407958984375,48.74335861206055,252.5399932861328,158.5760040283203,31.519567489624023,24.14832878112793,93.79352569580078,50.90715408325195,31.844118118286133,4754.6298828125
2023-12-26,190.8892517089844,367.5193176269531,49.19155883789063,256.6099853515625,159.5138397216797,31.92499542236328,24.15682983398437,94.00521087646484,50.82916259765625,31.83561515808105,4774.75
2023-12-27,190.9881134033203,366.9405212402344,49.32931518554688,261.44000244140625,160.47061157226562,31.906137466430664,24.326889038085938,93.56343841552734,51.30686950683594,31.691221237182617,4781.580078125
2023-12-28,191.4133453369141,368.12744140625,49.43413925170898,253.17999267578125,161.3231658935547,31.9438533782959,24.479942321777344,92.21051788330078,51.20613861083984,31.844118118286133,4783.35009765625
2023-12-29,190.37506103515625,368.87298583984375,49.43413925170898,248.47999572753903,161.1337127685547,31.745847702026367,24.479942321777344,92.01725006103516,51.23213195800781,32.022491455078125,4769.830078125
2024-01-02,183.5621795654297,363.8015441894531,48.08252716064453,248.4199981689453,163.0093536376953,31.96271133422852,25.27921867370605,94.20768737792967,51.76508331298828,33.024784088134766,4742.830078125
2024-01-03,182.187744140625,363.5366821289063,47.484596252441406,238.4499969482422,162.29885864257812,31.61385154724121,25.27921867370605,94.99919128417967,51.76834487915039,33.26261901855469,4704.81005859375
2024-01-04,179.87393188476562,360.9273681640625,47.91283416748047,237.92999267578125,163.37591552734375,31.86842155456543,24.735031127929688,94.17088317871094,51.26788330078125,33.44099426269531,4688.68017578125
2024-01-05,179.152099609375,360.740966796875,49.00988006591797,237.4900054931641,164.19561767578125,32.462425231933594,25.058141708374023,94.4561767578125,50.92666244506836,34.145992279052734,4697.240234375
2024-01-08,183.4830780029297,367.5487060546875,52.16028594970703,240.4499969482422,163.95733642578125,32.207847595214844,25.15167808532715,92.88237762451172,51.4271240234375,34.06105422973633,4763.5400390625
2024-01-09,183.0677795410156,368.6277465820313,53.045711517333984,234.9600067138672,162.66107177734375,31.70813751220703,24.99862289428711,91.73192596435548,51.77158737182617,33.71988677978516,4756.5
2024-01-10,184.1060485839844,375.47467041015625,54.253562927246094,233.94000244140625,163.0041961669922,31.67984962463379,24.65000343322754,90.82997131347656,52.41504287719727,33.75443649291992,4783.4501953125
2024-01-11,183.51272583007807,377.29925537109375,54.72472381591797,227.22000122070312,162.3179473876953,31.25556945800781,24.14832878112793,90.8115692138672,52.356544494628906,32.7352409362793,4780.240234375
2024-01-12,183.83905029296875,381.0660705566406,54.61292266845703,218.88999938964844,161.12652587890625,30.92556953430176,24.403419494628903,91.9896240234375,52.42478561401367,33.30529022216797,4783.830078125
2024-01-16,181.57467651367188,382.8317565917969,56.28196334838867,219.91000366210935,160.11622619628906,30.2844295501709,24.080307006835938,89.90961456298828,52.590518951416016,33.93581771850586,4765.97998046875
2024-01-17,180.63531494140625,382.0470275878906,55.95354843139648,215.5500030517578,159.25839233398438,29.98271369934082,23.935752868652344,89.25616455078125,52.34354019165039,33.57305145263672,4739.2099609375
2024-01-18,186.51873779296875,386.3631591796875,57.00567626953125,211.8800048828125,159.57290649414062,29.916719436645508,23.884740829467773,89.09049987792969,53.04874038696289,33.633506774902344,4780.93994140625
2024-01-19,189.4159240722656,391.0716552734375,59.38543701171875,212.19000244140625,162.32749938964844,30.37871551513672,24.046293258666992,89.22855377197266,52.76925659179688,33.970367431640625,4839.81005859375
2024-01-22,191.71983337402344,388.9528503417969,59.54814910888672,208.8000030517578,162.13685607910156,30.68985366821289,24.071802139282227,89.1089096069336,52.77250671386719,34.186302185058594,4850.43017578125
2024-01-23,192.99542236328125,391.2972717285156,59.76676940917969,209.13999938964844,161.06935119628906,30.89728546142578,24.1738395690918,90.11209106445312,52.90574645996094,36.47517013549805,4864.60009765625
2024-01-24,192.32302856445312,394.8875427246094,61.253116607666016,207.8300018310547,162.508544921875,31.095287322998047,24.088808059692383,91.66751098632812,52.15830993652344,35.65462875366211,4868.5498046875
2024-01-25,191.9967041015625,397.1535034179688,61.50767135620117,182.6300048828125,164.83421325683594,31.48185539245605,23.70904922485352,93.99600219726562,52.91874694824219,36.52699279785156,4894.16015625
2024-01-26,190.2662811279297,396.23138427734375,60.92271041870117,183.25,164.20513916015625,31.519567489624023,23.70904922485352,94.79670715332033,53.38345718383789,36.62200546264648,4890.97021484375
2024-01-29,189.5840301513672,401.91107177734375,62.35417175292969,190.92999267578125,164.634033203125,31.68927764892578,23.71767807006836,94.9163589477539,53.63368225097656,36.31969833374024,4927.93017578125
2024-01-30,185.93533325195312,400.8025817871094,62.66261672973633,191.58999633789065,168.00811767578125,32.80186080932617,23.32065773010254,96.49938201904295,53.81242370605469,36.682464599609375,4924.97021484375
2024-01-31,182.3360595703125,390.0024108886719,61.41783142089844,187.2899932861328,166.18765258789062,32.06642150878906,23.37244415283203,94.6218490600586,53.701934814453125,36.57881546020508,4845.64990234375
2024-02-01,184.76852416992188,396.084228515625,62.9151725769043,188.8600006103516,165.587158203125,31.632707595825195,23.553695678710938,94.23529815673828,54.69635391235352,36.699737548828125,4906.18994140625
2024-02-02,183.7698516845703,403.3824157714844,66.04261779785156,187.91000366210935,166.540283203125,31.557281494140625,23.242982864379883,93.8487548828125,55.10581588745117,36.388797760009766,4958.60986328125
2024-02-05,185.57933044433597,397.9185791015625,69.208984375,181.05999755859372,166.32110595703125,31.104711532592773,22.932270050048828,93.46218872070312,54.810089111328125,35.74100112915039,4942.81005859375
2024-02-06,187.1812286376953,397.76171875,68.10194396972656,185.1000061035156,166.89297485351562,31.151853561401367,23.734943389892575,94.10645294189452,55.183815002441406,35.4991569519043,4954.22998046875
2024-02-07,187.2899932861328,406.1585083007813,69.97461700439453,187.5800018310547,167.2074737548828,31.283855438232425,23.786725997924805,94.07884216308594,55.044071197509766,34.911827087402344,4995.06005859375
2024-02-08,186.21218872070312,406.2173767089844,69.51742553710938,189.55999755859372,166.6070098876953,31.227279663085938,23.79535675048828,95.68946838378906,55.040828704833984,34.4713249206543,4997.91015625
2024-02-09,186.9745635986328,412.53460693359375,72.00502014160156,193.57000732421875,166.80715942382812,31.180137634277344,23.786725997924805,93.66468048095705,55.01158142089844,34.30721664428711,5026.60986328125
2024-02-12,185.2914123535156,407.3454895019531,72.11981964111328,188.1300048828125,167.55059814453125,31.698707580566406,23.87303924560547,94.95317840576172,55.343048095703125,34.63543701171875,5021.83984375
2024-02-13,183.20236206054688,398.5758972167969,72.00003814697266,184.0200042724609,166.09231567382812,30.87842559814453,23.27750587463379,94.13572692871094,54.96607971191406,34.661346435546875,4953.169921875
2024-02-14,182.32122802734372,402.4282531738281,73.76889038085938,188.7100067138672,167.7793426513672,31.236711502075195,23.398338317871094,93.6712875366211,54.79059600830078,34.67862319946289,5000.6201171875
2024-02-15,182.03407287597656,399.54876708984375,72.5290756225586,200.4499969482422,171.4394073486328,32.122989654541016,23.743572235107425,96.35581970214844,55.01482772827149,35.05866241455078,5029.72998046875
2024-02-16,180.49951171875,397.0918884277344,72.4841537475586,199.9499969482422,170.63873291015625,32.141849517822266,23.83851432800293,96.35581970214844,55.362552642822266,34.972286224365234,5005.56982421875
2024-02-20,179.75694274902344,395.8438415527344,69.32877349853516,193.75999450683597,171.3059539794922,32.0192756652832,23.8126220703125,95.44550323486328,57.14990615844727,34.980926513671875,4975.509765625
2024-02-21,180.5093994140625,395.2442626953125,67.35228729248047,194.7700042724609,172.4210968017578,31.774133682250977,23.881668090820312,97.3962173461914,56.44795608520508,35.4991569519043,4981.7998046875
2024-02-22,182.53903198242188,404.551025390625,78.3986587524414,197.41000366210935,174.48941040039062,31.68927764892578,23.778095245361328,97.31261444091795,57.003665924072266,35.1795768737793,5087.02978515625
2024-02-23,180.7074432373047,403.26361083984375,78.67715454101562,191.97000122070312,175.3662872314453,31.9815616607666,23.95934295654297,96.45800018310548,57.05241012573242,35.11912536621094,5088.7998046875
2024-02-26,179.36093139648438,400.5119018554688,78.95167541503906,199.3999938964844,174.76580810546875,31.68927764892578,23.45875358581543,96.83885192871094,58.10532760620117,34.281307220458984,5069.52978515625
2024-02-27,180.8163146972656,400.4529418945313,78.56135559082031,199.72999572753903,174.85159301757812,32.320987701416016,23.208457946777344,96.6344985961914,58.09557723999024,34.48860168457031,5078.18017578125
2024-02-28,179.61831665039062,400.6887512207031,77.52519989013672,202.0399932861328,175.7379913330078,32.34928131103516,23.337921142578125,96.90388488769533,58.12482070922852,34.63543701171875,5069.759765625
2024-02-29,178.95498657226562,406.5067443847656,78.97163391113281,201.8800048828125,177.3392791748047,32.776546478271484,22.92363739013672,97.08966827392578,57.14015579223633,34.56634521484375,5096.27001953125
2024-03-01,177.87583923339844,408.3346557617188,82.13301849365234,202.63999938964844,176.60533142089844,32.615135192871094,22.94953155517578,98.3158187866211,57.28639602661133,34.721805572509766,5137.080078125
2024-03-04,173.361083984375,407.76458740234375,85.08576202392578,188.13999938964844,177.93020629882812,33.374732971191406,22.345369338989254,96.94104766845705,57.8128547668457,34.81681823730469,5130.9501953125
2024-03-05,168.4305419921875,395.7061767578125,85.81549835205078,180.7400054931641,179.71255493164062,33.60261154174805,22.509357452392575,98.13005065917967,58.534297943115234,34.85136413574219,5078.64990234375
2024-03-06,167.4404754638672,395.1559143066406,88.54676055908203,176.5399932861328,180.6466217041016,33.6310920715332,23.46738815307617,99.17971801757812,59.05100631713867,34.48860168457031,5104.759765625
2024-03-07,167.32167053222656,402.0843200683594,92.5089111328125,178.64999389648438,179.0644073486328,33.83048629760742,23.122150421142575,99.737060546875,58.84626770019531,34.14311218261719,5157.35986328125
2024-03-08,169.0344696044922,399.2146911621094,87.37679290771484,175.33999633789062,179.3980255126953,33.80199432373047,23.493276596069336,100.67525482177734,58.612281799316406,34.125831604003906,5123.68994140625
2024-03-11,171.034423828125,397.5439758300781,85.62581634521484,177.77000427246094,179.46473693847656,34.07735824584961,24.48583221435547,101.26976013183594,59.13874053955078,34.661346435546875,5117.93994140625
2024-03-12,171.5096893310547,408.1184387207031,91.75422668457033,177.5399932861328,180.9420623779297,34.14381790161133,24.17511940002441,100.6195297241211,59.86993789672852,34.661346435546875,5175.27001953125
2024-03-13,169.4305419921875,407.9415283203125,90.73098754882812,169.47999572753906,182.4099273681641,34.25776672363281,24.35636329650879,101.7435073852539,59.74319839477539,34.77362823486328,5165.31005859375
2024-03-14,171.2819366455078,417.886962890625,87.79208374023438,162.5,179.1597137451172,33.887454986572266,24.278684616088867,103.54560089111328,59.69232940673828,34.35040283203125,5150.47998046875
2024-03-15,170.9057159423828,409.23876953125,87.68526458740234,163.57000732421875,181.38052368164065,33.62159729003906,24.11470413208008,103.35980224609376,59.3597297668457,34.10856246948242,5117.08984375
2024-03-18,171.9947967529297,410.1231994628906,88.30220031738281,173.8000030517578,183.62991333007807,34.1912956237793,23.924819946289062,104.31658172607422,59.53580856323242,34.48860168457031,5149.419921875
2024-03-19,174.33135986328125,414.1426696777344,89.24356842041016,171.32000732421875,184.7069396972656,34.210289001464844,23.847143173217773,105.0504150390625,59.54558563232422,34.52315139770508,5178.509765625
2024-03-20,176.89564514160156,417.8968505859375,90.21588897705078,175.66000366210938,187.1278839111328,34.8939208984375,23.90756225585937,104.9575424194336,59.91732406616211,34.65270233154297,5224.6201171875
2024-03-21,169.66812133789062,421.9654235839844,91.27703857421876,172.82000732421875,189.72994995117188,35.61553955078125,23.87303924560547,105.42198944091795,60.11296463012695,35.015480041503906,5241.52978515625
2024-03-22,170.56912231445312,421.3463134765625,94.12610626220705,170.8300018310547,187.404296875,35.178768157958984,23.614112854003903,105.42198944091795,59.54558563232422,34.8686408996582,5234.18017578125
2024-03-25,169.15333557128906,415.5676879882813,94.83787536621094,172.6300048828125,185.68865966796875,34.99837112426758,23.67452812194824,106.49952697753906,59.25212478637695,35.30050277709961,5218.18994140625
2024-03-26,168.0246124267578,414.3785400390625,92.40110778808594,177.6699981689453,186.55599975585935,35.21675109863281,23.8126220703125,105.70067596435548,59.19342041015625,35.28322219848633,5203.580078125
2024-03-27,171.58888244628906,414.1622924804688,90.0940933227539,179.8300018310547,190.1683807373047,35.900390625,23.976608276367188,106.7967758178711,59.39885711669922,35.87920379638672,5248.490234375
2024-03-28,169.77703857421875,413.464599609375,90.19991302490234,175.7899932861328,190.9118194580078,36.00482940673828,23.95071220397949,107.97649383544922,58.86082077026367,36.241966247558594,5254.35009765625
2024-04-01,168.34144592285156,417.2481689453125,90.20690155029295,175.22000122070312,189.61553955078125,35.62503433227539,23.924819946289062,108.67317199707033,58.69451904296875,36.51836013793945,5243.77001953125
2024-04-02,167.16322326660156,414.1722106933594,89.29747772216797,166.6300048828125,189.53933715820312,35.4161491394043,23.778095245361328,110.80038452148438,57.872802734375,36.7429313659668,5205.81005859375
2024-04-03,167.9652099609375,413.19921875,88.81031799316406,168.3800048828125,189.00558471679688,35.549072265625,23.493276596069336,110.81896209716795,58.13692474365234,37.00204849243164,5211.490234375
2024-04-04,167.1434783935547,410.6735534667969,85.756591796875,171.11000061035156,187.5675506591797,35.05533599853516,23.00131607055664,111.20909118652344,58.20539474487305,36.66519546508789,5147.2099609375
2024-04-05,167.89590454101562,418.1817626953125,87.85597229003906,164.89999389648438,189.2931671142578,35.23573684692383,23.00994682312012,112.74180603027344,58.54778671264648,36.380157470703125,5204.33984375
2024-04-08,166.77716064453125,417.2678527832031,86.98247528076172,172.97999572753906,190.2805938720703,35.606040954589844,22.940898895263672,111.98009490966795,58.47930908203125,36.04331207275391,5202.39013671875
2024-04-09,167.9850311279297,418.9287414550781,85.20654296875,176.8800048828125,189.0055694580078,35.824424743652344,23.1135196685791,112.5653076171875,58.48908996582031,35.845821380615234,5209.91015625
2024-04-10,166.11378479003906,415.9607849121094,86.88864135742188,171.75999450683594,187.39495849609372,34.79896926879883,22.716501235961918,113.51280212402344,59.301025390625,35.5649528503418,5160.64013671875
2024-04-11,173.30166625976562,420.5502624511719,90.4594497680664,174.60000610351562,187.3566131591797,34.514122009277344,22.733762741088867,113.13194274902344,58.78256607055664,35.24897384643555,5199.06005859375
2024-04-12,174.7967071533203,414.624267578125,88.03366088867188,171.0500030517578,175.23876953125,33.98241424560547,22.319477081298828,111.81290435791016,58.83147811889648,34.86278533935547,5123.41015625
2024-04-15,170.9750213623047,406.5067443847656,85.85243225097656,161.47999572753906,175.3346710205078,34.13432693481445,22.362628936767575,111.17194366455078,58.62603759765625,35.20509719848633,5061.81982421875
2024-04-16,167.69790649414062,407.430419921875,87.26398468017578,157.11000061035156,173.3309783935547,32.928466796875,22.172752380371094,110.2523193359375,58.53800582885742,34.906673431396484,5051.41015625
2024-04-17,166.33160400390625,404.7377014160156,83.88983154296875,155.4499969482422,172.64073181152344,33.45069122314453,21.939716339111328,110.1965789794922,58.35213851928711,34.91544342041016,5022.2099609375
2024-04-18,165.38113403320312,397.29827880859375,84.52472686767578,149.92999267578125,173.76239013671875,33.96342468261719,21.9138240814209,110.09440612792967,57.97061538696289,35.22264862060547,5011.1201171875
2024-04-19,163.36138916015625,392.2371520996094,76.06837463378906,147.0500030517578,178.1244659423828,35.102806091308594,22.4403076171875,111.35772705078124,58.234745025634766,35.53862380981445,4967.22998046875
2024-04-22,164.1930389404297,394.0453186035156,79.38063049316406,142.0500030517578,181.58531188964844,35.824424743652344,22.66471290588379,111.9893798828125,58.83147811889648,33.879737854003906,5010.60009765625
2024-04-23,165.24252319335938,400.5413513183594,82.2806167602539,144.67999267578125,184.20252990722656,36.43210220336914,22.716501235961918,112.42597198486328,57.8043212890625,34.84522247314453,5070.5498046875
2024-04-24,167.3414764404297,402.0056762695313,79.53936004638672,162.1300048828125,185.10369873046875,36.3846321105957,22.673341751098636,112.4445571899414,58.567359924316406,34.66090774536133,5071.6298828125
2024-04-25,168.2028350830078,392.1585083007813,82.4892578125,170.17999267578125,185.3817138671875,35.99533462524414,21.801626205444336,112.70465087890624,58.89994812011719,34.423927307128906,5048.419921875
2024-04-26,167.61868286132812,399.31298828125,87.58345031738281,168.2899932861328,185.49676513671875,35.91938018798828,21.922456741333008,109.57421875,58.85103988647461,34.827674865722656,5099.9599609375
2024-04-29,171.77699279785156,395.3130798339844,87.60539245605469,194.0500030517578,185.29541015625,35.65351867675781,22.12959671020508,111.13477325439452,58.92930221557617,35.18754196166992,5116.169921875
2024-04-30,168.63845825195312,382.6159362792969,86.25274658203125,183.27999877929688,183.8190460205078,35.14078521728516,22.11233901977539,109.86217498779295,58.05866241455078,34.66090774536133,5035.68994140625
2024-05-01,167.61868286132812,388.129150390625,82.89752960205078,179.99000549316406,183.93411254882807,35.08382034301758,23.45875358581543,107.78143310546876,57.56954193115234,34.4063720703125,5018.39013671875
2024-05-02,171.31166076660156,390.9791870117188,85.66875457763672,180.00999450683594,183.74237060546875,35.017356872558594,23.90756225585937,107.97649383544922,58.41082382202149,34.169395446777344,5064.2001953125
2024-05-03,181.5588531494141,399.6471252441406,88.6356201171875,181.19000244140625,182.6398468017578,35.36866760253906,24.00250244140625,107.75355529785156,58.51844024658203,34.13427734375,5127.7900390625
2024-05-06,179.90545654296875,406.4084167480469,91.98082733154295,184.75999450683597,184.0682830810547,35.78644943237305,24.304582595825195,108.4502410888672,58.567359924316406,34.52047348022461,5180.740234375
2024-05-07,180.58859252929688,402.2808532714844,90.3975830078125,177.80999755859375,183.82862854003903,35.92887496948242,23.967973709106445,107.91146850585938,59.301025390625,34.5029182434082,5187.7001953125
2024-05-08,180.9252166748047,403.4601135253906,90.2558135986328,174.72000122070312,187.5675506591797,35.8054313659668,24.39952087402344,107.89289093017578,58.98799514770508,34.652137756347656,5187.669921875
2024-05-09,182.7370758056641,405.2094421386719,88.59369659423828,171.97000122070312,189.34109497070312,36.34664916992188,24.68863868713379,110.02008819580078,59.3296012878418,34.92422103881836,5214.080078125
2024-05-10,181.4779510498047,407.5877075195313,89.72274780273438,168.47000122070312,190.5586395263672,36.50806427001953,24.539697647094727,109.57421875,59.36886978149414,35.45962905883789,5222.68017578125
2024-05-13,184.6802215576172,406.5852966308594,90.24284362792967,171.88999938964844,190.52029418945312,36.280181884765625,24.916423797607425,109.52777099609376,59.30015563964844,35.5825080871582,5221.419921875
2024-05-14,185.82032775878903,409.3763427734375,91.19818878173828,177.5500030517578,193.1854705810547,36.54604721069336,24.86385726928711,110.19266510009766,58.7602653503418,35.53862380981445,5246.68017578125
2024-05-15,188.09068298339844,416.5338439941406,94.4665298461914,173.99000549316406,193.7606658935547,36.94482803344727,25.249343872070312,111.04484558105467,58.73081207275391,35.53862380981445,5308.14990234375
2024-05-16,188.20965576171875,414.4761657714844,94.1959991455078,174.83999633789062,194.1057891845703,37.23917388916016,25.33695411682129,110.37995147705078,62.834014892578125,35.32796859741211,5297.10009765625
2024-05-17,188.23936462402344,413.708251953125,92.31924438476562,177.4600067138672,196.3299560546875,37.305641174316406,25.091642379760746,112.03746795654295,63.46224594116211,35.16120910644531,5303.27001953125
2024-05-20,189.3993225097656,418.7588806152344,94.61627197265624,174.9499969482422,187.50042724609372,36.85937881469727,24.99527359008789,111.12911224365234,63.00089263916016,35.2138671875,5308.1298828125
2024-05-21,190.69808959960935,422.4017028808594,95.2212371826172,186.6000061035156,191.2776641845703,37.647457122802734,25.021556854248047,110.36122131347656,63.953086853027344,34.7750129699707,5321.41015625
2024-05-22,189.26052856445312,423.8587341308594,94.78597259521484,180.11000061035156,190.11761474609372,37.75189971923828,25.93270492553711,108.1418228149414,64.05123901367188,34.92422103881836,5307.009765625
2024-05-23,185.27508544921875,420.3932495117188,103.61969757080078,173.74000549316406,188.7850646972656,37.19169616699219,25.13545036315918,106.29700469970705,63.64876556396485,34.608245849609375,5267.83984375
2024-05-24,188.34844970703125,423.50433349609375,106.28507232666016,179.24000549316406,192.41848754882807,37.69493103027344,25.301908493041992,106.21271514892578,64.17884826660156,34.880340576171875,5304.72021484375
2024-05-28,188.3583526611328,423.661865234375,113.70421600341795,176.75,191.2584686279297,37.33412551879883,24.79376792907715,107.56122589111328,63.845096588134766,34.54680633544922,5306.0400390625
2024-05-29,188.65577697753903,422.5296325683594,114.62663269042967,176.19000244140625,189.9259185791016,36.76442337036133,24.37323760986328,106.40937042236328,63.727298736572266,34.31859588623047,5266.9501953125
2024-05-30,189.64718627929688,408.2540283203125,110.30909729003906,178.7899932861328,191.09552001953125,36.6789665222168,24.70615577697754,106.74649047851562,63.69784164428711,35.398189544677734,5235.47998046875
2024-05-31,190.5989532470703,408.7068481445313,109.44361114501952,178.0800018310547,194.2591857910156,37.97028732299805,25.109167098999023,109.80870819091795,64.55184936523438,36.11791229248047,5277.509765625
2024-06-03,192.36366271972656,407.1217651367188,114.80132293701172,176.2899932861328,193.48263549804688,37.865840911865234,25.678634643554688,107.1772689819336,64.61075592041016,35.96870040893555,5283.39990234375
2024-06-04,192.680908203125,409.63232421875,116.23584747314452,174.77000427246094,190.9325256347656,37.67593765258789,25.836332321166992,105.51038360595705,65.37642669677734,36.47777938842773,5291.33984375
2024-06-05,194.18783569335935,417.4494323730469,122.2284927368164,175.0,189.1110076904297,37.94179534912109,25.888898849487305,105.9317855834961,65.857421875,36.29345703125,5354.02978515625
2024-06-06,192.80979919433597,417.9515686035156,120.78898620605467,177.94000244140625,188.7754821777344,37.69493103027344,25.231821060180664,106.72776794433594,65.91633605957031,36.275909423828125,5352.9599609375
2024-06-07,195.19911193847656,417.29193115234375,120.67916870117188,177.47999572753906,191.6898956298828,38.0006217956543,25.03907966613769,105.5853042602539,64.66966247558594,35.933597564697266,5346.990234375
2024-06-10,191.4614715576172,421.2497253417969,121.57960510253906,173.7899932861328,191.3639373779297,37.8955307006836,24.59226417541504,105.89432525634766,65.72981262207031,35.46841049194336,5360.7900390625
2024-06-11,205.3709716796875,425.9853210449219,120.71105194091795,170.66000366210938,186.330810546875,37.121768951416016,24.557222366333008,105.04215240478516,65.50404357910156,35.47718048095703,5375.31982421875
2024-06-12,211.2401428222656,434.2356567382813,124.99398040771484,177.2899932861328,183.61773681640625,37.64716339111328,24.233062744140625,103.88095092773438,65.09175109863281,34.906673431396484,5421.02978515625
2024-06-13,212.4001007080078,434.74755859375,129.39671325683594,182.47000122070312,185.6597595214844,37.503883361816406,24.224300384521484,103.0475082397461,65.47457885742188,34.91544342041016,5433.740234375
2024-06-14,210.6651306152344,435.7222900390625,131.66297912597656,178.00999450683594,185.7747802734375,37.484771728515625,24.11916732788086,102.17660522460938,65.78871154785156,34.81889343261719,5431.60009765625
2024-06-17,214.80923461914065,441.4325256347656,130.7644805908203,187.44000244140625,186.9251708984375,37.74269485473633,23.63730812072754,101.4742660522461,66.18136596679688,34.634578704833984,5473.22998046875
2024-06-18,212.4496612548828,439.4339599609375,135.35690307617188,184.8600006103516,188.8617706298828,38.20122528076172,24.014034271240234,102.429443359375,66.35804748535156,35.17876052856445,5487.02978515625
2024-06-20,207.87924194335935,438.8038635253906,130.56478881835938,181.57000732421875,190.46275329589844,38.20122528076172,24.303150177001957,104.63948059082033,66.76053619384766,35.3192024230957,5473.169921875
2024-06-21,205.7080841064453,442.8207092285156,126.36173248291016,183.00999450683597,188.1906890869141,37.723594665527344,24.303150177001957,103.72175598144533,66.66236877441406,35.3192024230957,5464.6201171875
2024-06-24,206.3524932861328,440.7434387207031,117.9156494140625,182.5800018310547,190.6641082763672,38.22988510131836,24.84633445739746,106.80269622802734,67.6341781616211,36.13546752929688,5447.8701171875
2024-06-25,207.2745056152344,443.97259521484375,125.8825225830078,187.3500061035156,189.88755798339844,37.61851501464844,24.52217483520508,107.10235595703124,66.18136596679688,36.05648040771485,5469.2998046875
2024-06-26,211.4185943603516,445.1639099121094,126.19200897216795,196.3699951171875,189.2740020751953,37.25550842285156,24.02279281616211,107.13980865478516,67.0353775024414,36.00381088256836,5477.89990234375
2024-06-27,212.26129150390625,445.8432312011719,123.78598022460938,197.4199981689453,190.94210815429688,37.49433135986328,24.355716705322266,107.5986785888672,66.6329116821289,35.828269958496094,5482.8701171875
2024-06-28,208.8111572265625,440.0345153808594,123.3367156982422,197.8800048828125,193.9044647216797,37.99106979370117,24.51341438293457,107.8046875,66.4660415649414,36.1969108581543,5460.47998046875
2024-07-01,214.8885498046875,449.6632080078125,124.095458984375,209.8600006103516,196.96267700195312,38.22032928466797,24.723676681518555,107.65486145019533,66.24027252197266,36.63576126098633,5475.08984375
2024-07-02,218.37831115722656,452.17376708984375,122.4681396484375,231.25999450683597,200.20306396484372,39.09917449951172,24.38199806213379,106.92443084716795,66.8194351196289,36.07402420043945,5509.009765625
2024-07-03,219.64730834960935,453.64068603515625,128.06890869140625,246.38999938964844,200.06884765625,39.07052230834961,24.26810646057129,107.46756744384766,66.9863052368164,36.09158706665039,5537.02001953125
2024-07-05,224.39617919921875,460.3256530761719,125.62295532226562,251.5200042724609,197.41783142089844,38.60243988037109,24.57473945617676,106.16590118408205,68.75322723388672,36.22323989868164,5567.18994140625
2024-07-08,225.86346435546875,459.0260314941406,127.98904418945312,252.94000244140625,197.78414916992188,38.80304336547852,24.4696102142334,105.05152893066406,68.39983367919922,36.45144271850586,5572.85009765625
2024-07-09,226.716064453125,452.42974853515625,131.163818359375,262.3299865722656,200.1555938720703,39.56725311279297,24.285627365112305,103.89031219482422,68.61580657958984,36.24957275390625,5576.97998046875
2024-07-10,230.9791412353516,459.0359191894531,134.68800354003906,263.260009765625,200.3194732666016,39.87294387817383,24.837574005126957,104.80804443359376,69.11643981933594,36.64655303955078,5633.91015625
2024-07-11,225.6156311035156,447.6646423339844,127.19036865234376,241.02999877929688,199.9820556640625,39.93981552124024,25.109167098999023,106.05353546142578,68.51764678955078,36.842803955078125,5584.5400390625
2024-07-12,228.56011962890625,446.5323791503906,129.02734375,248.22999572753903,197.56243896484372,39.72965621948242,25.33695411682129,106.07225036621094,67.96793365478516,36.95877456665039,5615.35009765625
2024-07-15,232.38694763183597,446.93603515625,128.22866821289062,252.63999938964844,202.4884796142578,40.0162353515625,25.494653701782227,107.88897705078124,68.33113098144531,36.38784408569336,5631.22021484375
2024-07-16,232.8033447265625,442.5647277832031,126.1520767211914,256.5599975585937,205.92996215820312,42.156036376953125,25.845094680786133,108.6662368774414,68.70414733886719,36.97661209106445,5667.2001953125
2024-07-17,226.91436767578125,436.6575927734375,117.79582977294922,248.5,209.06295776367188,42.01274871826172,26.309431076049805,110.16455841064452,69.72504425048828,37.4940185546875,5588.27001953125
2024-07-18,222.25473022460935,433.5563049316406,120.89073944091795,249.22999572753903,202.42100524902344,41.08613204956055,26.029075622558597,111.25086212158205,69.51890563964844,37.52970123291016,5544.58984375
2024-07-19,222.3836212158203,430.3468017578125,117.73594665527344,239.1999969482422,202.2281951904297,40.981056213378906,26.25686454772949,108.6943359375,69.45018768310547,37.128265380859375,5505.0
2024-07-22,222.03662109375,436.0865478515625,123.3367156982422,251.50999450683597,202.7102203369141,40.407901763916016,25.93270492553711,107.94515991210938,69.08697509765625,34.87131118774414,5564.41015625
2024-07-23,223.0776214599609,437.9669799804688,122.3882827758789,246.3800048828125,202.7583923339844,40.512977600097656,25.845094680786133,106.20335388183594,69.35203552246094,34.692893981933594,5555.740234375
2024-07-24,216.6631622314453,422.2638244628906,114.06199645996094,215.9900054931641,201.0810394287109,40.30281829833984,26.265623092651367,107.70167541503906,69.30294036865234,35.38871383666992,5427.1298828125
2024-07-25,215.62217712402344,411.9262390136719,112.0952377319336,220.25,201.1581268310547,39.81562423706055,26.44084358215332,109.96792602539062,68.73358917236328,35.63849639892578,5399.22021484375
2024-07-26,216.088134765625,418.68994140625,112.87395477294922,219.8000030517578,204.59963989257807,39.80607604980469,27.33819961547852,109.87425994873048,68.49801635742188,35.763389587402344,5459.10009765625
2024-07-29,216.36573791503903,420.1273498535156,111.40636444091795,232.1000061035156,203.2596740722656,39.25202178955078,27.29377555847168,108.72242736816406,68.34095764160156,35.70986557006836,5463.5400390625
2024-07-30,216.92092895507807,416.3763427734375,103.5593032836914,222.6199951171875,207.4434356689453,39.43352127075195,27.889047622680664,110.66088104248048,67.9188461303711,35.71879196166992,5436.43994140625
2024-07-31,220.1727600097656,411.8770446777344,116.82743072509766,232.07000732421875,205.13949584960935,38.50691223144531,27.13385391235352,111.05419158935548,67.37895965576172,36.14698028564453,5522.2998046875
2024-08-01,216.48471069335935,410.65618896484375,109.0302963256836,216.8600006103516,200.4737091064453,37.7331428527832,27.23158264160156,109.5184097290039,68.5078353881836,36.441368103027344,5446.68017578125
2024-08-02,217.97183227539065,402.1695556640625,107.0934829711914,207.6699981689453,191.9712371826172,35.899024963378906,27.036121368408203,109.45286560058594,67.20225524902344,36.54841995239258,5346.56005859375
2024-08-05,207.4727935791016,389.0360107421875,100.2847137451172,198.8800048828125,187.8838348388672,35.0106201171875,26.423076629638672,107.4769287109375,66.3482437133789,35.50469207763672,5186.330078125
2024-08-06,205.4502716064453,393.4269714355469,104.07846069335938,200.63999938964844,193.1280212402344,35.2685432434082,26.0499210357666,106.90570068359376,66.49549102783203,35.9150390625,5240.02978515625
2024-08-07,208.0180511474609,392.2652587890625,98.74725341796876,191.75999450683597,193.18588256835935,35.63154983520508,25.63233757019043,108.3291244506836,65.68074035644531,35.93288040161133,5199.5
2024-08-08,211.4781036376953,396.4593505859375,104.79727172851562,198.83999633789065,196.714111328125,36.5008430480957,25.55237579345703,110.398681640625,66.41695404052734,36.14698028564453,5319.31005859375
2024-08-09,214.3829040527344,399.73779296875,104.57763671875,200.0,198.39144897460935,36.56771469116211,25.365798950195312,111.29767608642578,66.70162963867188,36.3521614074707,5344.16015625
2024-08-12,215.91146850585935,400.5155944824219,108.8405990600586,197.4900054931641,198.76742553710935,36.46263122558594,25.276948928833008,111.43814849853516,67.43785095214844,36.15589904785156,5344.39013671875
2024-08-13,219.6236572265625,407.6041564941406,115.94888305664062,207.8300018310547,200.45445251464844,36.739654541015625,25.63233757019043,110.37057495117188,66.87831115722656,36.37892150878906,5434.43017578125
2024-08-14,220.07028198242188,410.4101257324219,117.8856964111328,201.3800048828125,202.671630859375,37.074012756347656,25.65899085998535,111.39132690429688,67.39859771728516,36.4859733581543,5455.2099609375
2024-08-15,223.04795837402344,415.2626953125,122.65782928466795,214.13999938964844,203.9344787597656,37.28416061401367,25.507951736450195,112.0804443359375,71.83554077148438,35.71879196166992,5543.22021484375
2024-08-16,224.3680725097656,412.73779296875,124.37500762939452,216.1199951171875,206.2673492431641,37.58030319213867,25.14368057250977,111.55179595947266,72.30609893798828,36.22727584838867,5554.25
2024-08-19,224.2092742919922,415.7558288574219,129.7860870361328,222.72000122070312,207.694091796875,37.8955307006836,25.587913513183597,111.89163208007812,72.57189178466797,36.34324264526367,5608.25
2024-08-20,224.82464599609372,418.9810180664063,127.0406265258789,221.1000061035156,206.79757690429688,36.95937728881836,25.676759719848636,108.16287231445312,73.37911987304688,36.441368103027344,5597.1201171875
2024-08-21,224.7154693603516,418.330078125,128.28854370117188,223.2700042724609,206.8746795654297,37.01668930053711,25.79226303100586,107.47374725341795,74.0682144165039,36.61978149414063,5620.85009765625
2024-08-22,222.859375,409.8577575683594,123.536376953125,210.66000366210935,208.8316192626953,37.484771728515625,25.570146560668945,108.30445861816406,74.40291595458984,36.45920944213867,5570.64013671875
2024-08-23,225.15219116210935,411.0807800292969,129.15711975097656,220.32000732421875,210.45114135742188,37.99106979370117,25.676759719848636,109.80541229248048,74.52105712890625,36.76251220703125,5634.60986328125
2024-08-26,225.4896545410156,407.8259582519531,126.2519073486328,213.2100067138672,211.2801971435547,38.13435363769531,25.694528579711918,112.15595245361328,74.84591674804688,37.012298583984375,5616.83984375
2024-08-27,226.33334350585935,408.1712341308594,128.08888244628906,209.2100067138672,212.25379943847656,37.8955307006836,25.605682373046875,111.0892562866211,74.9443588256836,36.97661209106445,5625.7998046875
2024-08-28,224.80479431152344,404.9756164550781,125.40331268310548,205.75,213.3238677978516,38.16301345825195,25.54349136352539,109.99420166015624,74.8951416015625,37.012298583984375,5592.18017578125
2024-08-29,228.0802459716797,407.4610595703125,117.39649963378906,206.27999877929688,214.2107391357422,38.373165130615234,25.51683807373047,111.5140380859375,75.22985076904297,36.79820251464844,5591.9599609375
2024-08-30,227.29611206054688,411.4259948730469,119.173583984375,214.1100006103516,216.7075042724609,38.927223205566406,25.774492263793945,111.3346939086914,76.02722930908203,37.27099990844727,5648.39990234375
2024-09-03,221.1124725341797,403.8314514160156,107.8222885131836,210.6000061035156,212.36949157714844,38.87946701049805,25.14368057250977,109.00301361083984,75.96817016601562,38.29689025878906,5528.93017578125
2024-09-04,219.20677185058597,403.29888916015625,106.03523254394533,219.41000366210935,211.43438720703125,38.68841552734375,25.223642349243164,107.6719741821289,76.03706359863281,37.003379821777344,5520.06982421875
2024-09-05,220.72537231445312,402.79583740234375,107.03358459472656,230.1699981689453,209.7956085205078,38.34451675415039,25.33025932312012,106.83182525634766,75.76144409179688,36.85172271728516,5503.41015625
2024-09-06,219.17698669433597,396.1974792480469,102.6607894897461,210.72999572753903,204.81173706054688,37.26763153076172,25.374679565429688,106.33150482177734,75.4464111328125,36.70898818969727,5408.419921875
2024-09-09,219.26632690429688,400.1624450683594,106.2947998046875,216.2700042724609,209.00511169433597,37.95030212402344,26.1298828125,108.56877899169922,76.1355209350586,38.11847686767578,5471.0498046875
2024-09-10,218.47227478027344,408.5262756347656,107.92211151123048,226.1699981689453,198.16009521484372,37.767616271972656,26.423076629638672,104.61344146728516,77.5826187133789,38.939186096191406,5495.52001953125
2024-09-11,221.00331115722656,417.2452087402344,116.7176284790039,228.1300048828125,199.7700042724609,37.49839782714844,26.35199737548828,103.5750503540039,77.6121597290039,39.07299423217773,5554.1298828125
2024-09-12,221.1124725341797,421.1509399414063,118.95413208007812,229.80999755859372,199.16270446777344,37.286865234375,25.90776252746582,105.00048065185548,78.41938781738281,39.12652206420898,5595.759765625
2024-09-13,220.8444976806641,424.6917114257813,118.9141845703125,230.2899932861328,196.9647674560547,37.1618766784668,26.005495071411133,104.92496490478516,79.3447494506836,39.63500595092773,5626.02001953125
2024-09-16,214.7104949951172,425.4314880371094,116.59780883789062,226.77999877929688,200.37730407714844,37.59454727172852,26.716272354125977,106.39759063720705,79.30535888671875,40.14348983764648,5633.08984375
2024-09-17,215.1769561767578,429.1892700195313,115.40966796875,227.8699951171875,201.71725463867188,38.0272216796875,26.50303649902344,107.7852554321289,77.37589263916016,39.32278060913086,5634.580078125
2024-09-18,219.0479431152344,424.9087219238281,113.19313049316406,227.1999969482422,200.0592193603516,38.09452819824219,26.431961059570312,108.16287231445312,77.7991943359375,39.14436340332031,5618.259765625
2024-09-19,227.1670837402344,432.6807861328125,117.68610382080078,243.9199981689453,202.90298461914065,39.2963981628418,26.35199737548828,109.5033187866211,76.8246078491211,39.1978874206543,5713.64013671875
2024-09-20,226.50205993652344,429.3076477050781,115.81902313232422,238.25,203.4910430908203,38.71949768066406,26.13876724243164,108.814208984375,77.82872009277344,39.54580307006836,5702.5498046875
2024-09-23,224.7849578857422,427.5718078613281,116.07862091064452,250.0,203.82843017578125,38.33489608764648,26.04103279113769,110.7871551513672,79.07894134521484,39.48334884643555,5718.56982421875
2024-09-24,225.67823791503903,423.2912292480469,120.68142700195312,254.2700042724609,203.97303771972656,37.93106842041016,26.20984268188477,110.49451446533205,79.41366577148438,39.84018707275391,5732.93017578125
2024-09-25,224.68569946289065,426.19091796875,123.31731414794922,257.0199890136719,202.6234436035156,37.73876953125,25.703414916992188,108.34221649169922,80.13228607177734,39.74205017089844,5722.259765625
2024-09-26,225.8271331787109,425.4018859863281,123.8464813232422,254.22000122070312,202.2281951904297,37.99837112426758,25.738954544067383,106.48255157470705,78.67533874511719,39.804500579833984,5745.3701171875
2024-09-27,226.09510803222656,422.1569213867188,121.21060180664062,260.4599914550781,202.9222869873047,37.882999420166016,25.845569610595703,109.33341217041016,78.53750610351562,40.04536437988281,5738.169921875
2024-09-30,231.26634216308597,424.4056701660156,121.25054168701172,261.6300048828125,203.26931762695312,38.1522216796875,25.71230125427246,110.65501403808594,79.49242401123047,40.06320190429688,5762.47998046875
2024-10-01,224.5269012451172,414.9273681640625,116.81746673583984,258.0199890136719,199.5868377685547,37.70992660522461,25.472412109375,113.21322631835938,80.00430297851562,40.33082580566406,5708.75
2024-10-02,225.09263610839844,411.4161376953125,118.66458129882812,249.0200042724609,199.82785034179688,37.719539642333984,25.41910743713379,114.71417236328124,79.1773910522461,40.18809127807617,5709.5400390625
2024-10-03,223.99090576171875,410.834228515625,122.65834045410156,240.66000366210935,197.8419952392578,37.73876953125,25.179218292236328,115.71481323242188,79.1773910522461,39.71529769897461,5699.93994140625
2024-10-04,225.1125030517578,410.3607482910156,124.7251205444336,250.0800018310547,204.8641357421875,38.56565856933594,25.392452239990234,117.83879089355467,79.67945098876953,39.4119873046875,5751.06982421875
2024-10-07,220.0405120849609,403.9300842285156,127.52074432373048,240.8300018310547,204.5828399658203,38.42143249511719,25.943302154541016,118.34854888916016,77.86810302734375,39.108680725097656,5695.93994140625
2024-10-08,224.09014892578125,409.02923583984375,132.6826629638672,244.5,204.40826416015625,38.3925895690918,25.92553329467773,115.2050552368164,78.4686050415039,39.26033782958984,5751.1298828125
2024-10-09,227.8321075439453,411.7415771484375,132.44305419921875,241.0500030517578,206.9979248046875,38.64258193969727,26.82288932800293,115.25225067138672,79.14786529541016,39.34954452514648,5792.0400390625
2024-10-10,227.3358154296875,410.1437683105469,134.5996856689453,238.7700042724609,206.4353790283203,38.43105316162109,26.06768798828125,116.2434539794922,78.37016296386719,38.912845611572266,5780.0498046875
2024-10-11,225.85693359375,410.61724853515625,134.58970642089844,217.8000030517578,215.60101318359372,40.33481597900391,25.90776252746582,116.68712615966795,78.8525390625,38.95814514160156,5815.02978515625
2024-10-14,229.5790252685547,413.3985900878906,137.85459899902344,219.16000366210935,214.81539916992188,40.29635620117188,25.83668708801269,117.1308135986328,79.03958129882812,39.13029479980469,5859.85009765625
2024-10-15,232.11001586914065,413.0040588378906,131.3946990966797,219.57000732421875,215.697998046875,40.51749801635742,26.15653610229492,113.60970306396484,80.37840270996094,39.62859344482422,5815.259765625
2024-10-16,230.055419921875,410.4199523925781,135.50827026367188,221.3300018310547,216.910400390625,41.15208435058594,26.36087989807129,113.90235900878906,79.95509338378906,39.78261184692383,5842.47021484375
2024-10-17,230.4226837158203,411.01177978515625,136.71636962890625,220.88999938964844,217.6669006347656,40.95978164672852,26.005495071411133,113.60970306396484,79.6302261352539,39.72825241088867,5841.47021484375
2024-10-18,233.25148010253903,412.43206787109375,137.7847137451172,220.6999969482422,218.58831787109372,40.6905632019043,25.961071014404297,113.28874969482422,80.04369354248047,39.85509490966797,5864.669921875
2024-10-21,234.720458984375,413.0435180664063,143.4857940673828,218.8500061035156,216.28965759277344,40.15212631225586,25.703414916992188,113.35484313964844,79.55146789550781,39.59235000610352,5853.97998046875
2024-10-22,234.10508728027344,421.6539611816406,143.36598205566406,217.97000122070312,217.37594604492188,40.67133712768555,25.62345314025879,113.94010162353516,80.74263000488281,37.5991439819336,5851.2001953125
2024-10-23,229.0430145263672,418.7837829589844,139.34226989746094,213.6499938964844,216.6873321533203,40.70979690551758,25.641223907470703,113.53418731689452,81.9731674194336,38.83130645751953,5797.419921875
2024-10-24,228.85446166992188,418.91204833984375,140.19094848632812,260.4800109863281,218.21006774902344,41.00786209106445,25.44575881958008,112.89227294921876,81.74674987792969,37.9253044128418,5809.85986328125
2024-10-25,229.68820190429688,422.2851867675781,141.31918334960938,269.19000244140625,215.62039184570312,40.277122497558594,25.276948928833008,112.79786682128906,81.2249984741211,37.490421295166016,5808.1201171875
2024-10-28,231.6633758544922,420.7465515136719,140.30078125,262.510009765625,218.7144317626953,40.9790153503418,25.641223907470703,112.2409210205078,81.46126556396484,37.70785903930664,5823.52001953125
2024-10-29,231.93136596679688,426.03314208984375,141.02963256835938,259.5199890136719,216.1926422119141,40.89248275756836,25.28583526611328,110.71163177490234,80.4276123046875,37.44512176513672,5832.919921875
2024-10-30,228.387939453125,426.6051635742188,139.12261962890625,257.54998779296875,217.6572113037109,40.68095397949219,25.33914375305176,110.1546859741211,80.12244415283203,37.39982223510742,5813.669921875
2024-10-31,224.22911071777344,400.7837829589844,132.55287170410156,249.8500061035156,215.24215698242188,40.20981979370117,25.14368057250977,110.23965454101562,80.67372131347656,38.16992568969727,5705.4501953125
2024-11-01,221.2514495849609,404.7487182617188,135.1887664794922,248.97999572753903,216.23147583007807,40.15212631225586,24.95710182189941,108.51213073730467,80.90998077392578,37.47230529785156,5728.7998046875
2024-11-04,220.35812377929688,402.8648681640625,135.83775329589844,242.83999633789065,213.16653442382807,39.73868560791016,24.663908004760746,111.96715545654295,81.16592407226562,37.20050430297852,5712.68994140625
2024-11-05,221.78741455078125,405.8237915039063,139.6917266845703,251.44000244140625,214.82508850097656,40.26750946044922,24.86825180053711,112.29755401611328,82.37677001953125,37.3817024230957,5782.759765625
2024-11-06,221.06283569335935,414.42431640625,145.38282775878906,288.5299987792969,239.62564086914065,43.661598205566406,24.308521270751957,114.22330474853516,82.14051818847656,37.29109954833984,5929.0400390625
2024-11-07,225.7874298095703,419.60247802734375,148.6477508544922,296.9100036621094,229.2670440673828,43.046234130859375,24.397363662719727,114.36490631103516,82.54412078857422,36.75656127929688,5973.10009765625
2024-11-08,225.51914978027344,416.75201416015625,147.399658203125,321.2200012207031,229.84896850585935,43.39237976074219,24.1086368560791,114.32715606689452,83.50887298583984,36.67501831054688,5995.5400390625
2024-11-11,222.80645751953125,412.2840881347656,145.0333709716797,350.0,232.0894470214844,44.30580139160156,23.67555046081543,113.72297668457033,82.89852142333984,36.6387825012207,6001.35009765625
2024-11-12,222.80645751953125,417.2352600097656,148.05862426757812,328.489990234375,232.35134887695312,44.094276428222656,23.63043594360352,113.60970306396484,83.66637420654297,36.602535247802734,5983.990234375
2024-11-13,223.6908264160156,419.3756103515625,146.04180908203125,330.239990234375,233.90316772460935,44.103885650634766,24.1086368560791,114.66698455810548,84.1684341430664,37.272979736328125,5985.3798828125
2024-11-14,226.77114868164065,421.0424499511719,146.5310516357422,311.17999267578125,234.59181213378903,44.13272857666016,23.477052688598636,114.7431182861328,83.15447235107422,37.028358459472656,5949.169921875
2024-11-15,223.57156372070312,409.3152770996094,141.75848388671875,320.7200012207031,237.9283142089844,44.95000457763672,22.376279830932617,113.55342864990234,82.93789672851562,37.73504257202149,5870.6201171875
2024-11-18,226.57241821289065,410.06488037109375,139.93133544921875,338.739990234375,237.6567230224609,44.9211540222168,22.430418014526367,114.50518798828124,82.77055358886719,38.27864456176758,5893.6201171875
2024-11-19,226.8307647705078,412.0670776367188,146.78065490722656,346.0,235.7751007080078,44.62308883666992,22.64696311950684,112.9062271118164,85.25130462646484,37.98872375488281,5916.97998046875
2024-11-20,227.5461883544922,409.7986145019531,145.6623992919922,342.0299987792969,233.53460693359372,44.28657531738281,22.50259780883789,114.5146942138672,85.82225799560547,38.25146865844727,5917.10986328125
2024-11-21,227.0692443847656,408.029541015625,146.44119262695312,339.6400146484375,237.39486694335935,44.671165466308594,22.67403030395508,116.0470199584961,87.013427734375,38.50514602661133,5948.7099609375
2024-11-22,228.41065979003903,412.1111755371094,141.72854614257812,352.5599975585937,241.07081604003903,45.19037628173828,23.14320945739746,115.9137725830078,89.03150177001953,39.094051361083984,5969.33984375
2024-11-25,231.39161682128903,413.8801879882813,135.80780029296875,338.5899963378906,242.75845336914065,45.67112731933594,23.61239242553711,114.18158721923828,88.10614013671875,39.84603118896485,5987.3701171875
2024-11-26,233.5677032470703,422.9722900390625,136.70639038085938,338.2300109863281,242.4480743408203,45.9114990234375,23.251483917236328,112.27808380126952,89.88794708251953,40.19937133789063,6021.6298828125
2024-11-27,233.4385528564453,418.0309448242188,135.12884521484375,332.8900146484375,242.2734832763672,45.93073272705078,23.305620193481445,111.98304748535156,90.4490737915039,40.20843124389648,5998.740234375
2024-11-29,235.8233184814453,418.4953918457031,138.03433227539062,345.1600036621094,242.20562744140625,45.68073654174805,23.64847946166992,112.26856231689452,91.05941772460938,40.17219161987305,6032.3798828125
2024-12-02,238.06895446777344,425.9272766113281,138.41372680664062,357.0899963378906,238.84002685546875,45.22883605957031,23.29659843444824,112.16387176513672,91.1972427368164,39.72825241088867,6047.14990234375
2024-12-03,241.1095428466797,426.1447143554688,140.0411834716797,351.4200134277344,237.4530487060547,45.01730728149414,23.06200790405273,111.9925537109375,92.0536880493164,39.71013259887695,6049.8798828125
2024-12-04,241.4672393798828,432.2917785644531,144.91357421875,357.92999267578125,236.0757751464844,44.58463668823242,22.764257431030277,108.76612091064452,92.97903442382812,38.52326965332031,6086.490234375
2024-12-05,241.4970550537109,437.4307556152344,144.84368896484375,369.489990234375,238.09320068359372,45.19037628173828,23.188325881958008,109.2419891357422,93.81581115722656,38.55044555664063,6075.10986328125
2024-12-06,241.2983245849609,438.3696594238281,142.2275848388672,389.2200012207031,239.91661071777344,45.20004653930664,23.21539306640625,108.09038543701172,94.20958709716795,38.38736724853516,6090.27001953125
2024-12-09,245.1835174560547,440.7909240722656,138.6029815673828,389.7900085449219,236.47344970703125,44.38788986206055,23.54923248291016,107.45270538330078,92.3686981201172,38.3783073425293,6052.85009765625
2024-12-10,246.1970367431641,438.1324462890625,134.86856079101562,400.989990234375,235.55203247070312,44.23320007324219,23.07103157043457,107.23380279541016,93.07749938964844,38.32394409179688,6034.91015625
2024-12-11,244.92514038085935,443.7261352539063,139.10223388671875,424.7699890136719,236.2018585205078,44.55226135253906,22.764257431030277,106.51998901367188,93.48110961914062,38.04308319091797,6084.18994140625
2024-12-12,246.38584899902344,444.2894592285156,137.13516235351562,418.1000061035156,234.26205444335935,44.55226135253906,22.890575408935547,106.42481231689452,92.6246566772461,38.12462615966797,6051.25
2024-12-13,246.55474853515625,442.0262451171875,134.04978942871094,436.2300109863281,232.7198944091797,44.15584564208984,23.080053329467773,105.4920883178711,92.98773193359376,38.30582809448242,6051.08984375
2024-12-16,249.44625854492188,446.295654296875,131.80316162109375,463.0199890136719,232.3707275390625,43.96247863769531,22.782302856445312,103.23643493652344,93.59943389892578,37.03742218017578,6074.080078125
2024-12-17,251.87078857421875,449.1319580078125,130.19554138183594,479.8599853515625,231.1874542236328,43.55640411376953,23.84697914123535,102.79864501953124,94.1420669555664,36.94681930541992,6050.60986328125
2024-12-18,246.47525024414065,432.2621154785156,128.71775817871094,440.1300048828125,223.4378662109375,42.05779647827149,23.35975646972656,101.28536224365234,92.29710388183594,36.45758056640625,5872.16015625
2024-12-19,248.20420837402344,431.90631103515625,130.48509216308594,436.1700134277344,225.94992065429688,41.941776275634766,23.251483917236328,100.41925811767578,92.1491241455078,36.21295928955078,5867.080078125
2024-12-20,252.8743896484375,431.4813537597656,134.49911499023438,421.05999755859375,230.45030212402344,42.70558166503906,23.783824920654297,100.76189422607422,91.00464630126952,36.176719665527344,5930.85009765625
2024-12-23,253.64942932128903,430.1471862792969,139.4617156982422,430.6000061035156,231.21653747558597,42.43486785888672,24.0996150970459,101.17115020751952,89.13996124267578,36.18577575683594,5974.06982421875
2024-12-24,256.56085205078125,434.1793823242188,140.0109100341797,462.2799987792969,235.01858520507807,42.90861892700195,24.126684188842773,101.26632690429688,91.43875885009766,36.05894088745117,6040.0400390625
2024-12-26,257.3756408691406,432.9736633300781,139.72132873535156,454.1300048828125,235.8236083984375,43.07298278808594,23.96427726745605,101.35198974609376,91.54728698730467,36.203895568847656,6037.58984375
2024-12-27,253.9674072265625,425.4825134277344,136.80567932128906,431.6600036621094,233.91287231445312,42.86994552612305,24.01841354370117,101.34246826171876,90.43242645263672,36.16765594482422,5970.83984375
2024-12-30,250.5989227294922,419.8493041992188,137.2849578857422,417.4100036621094,232.1185760498047,42.45420455932617,23.83795928955078,100.65721130371094,89.35702514648438,35.87773513793945,5906.93994140625
2024-12-31,248.83023071289065,416.5584106445313,134.08973693847656,403.8399963378906,232.4968414306641,42.49287414550781,23.93720817565918,102.37986755371094,89.13996124267578,36.2310791015625,5881.6298828125
