Date,AAPL,MSFT,NVDA,TSLA,JPM,BAC,PFE,XOM,WMT,VZ,^GSPC
2020-01-02,72.33385467529297,152.1583251953125,5.970754146575928,28.68400001525879,118.43035125732422,30.587556838989258,27.048362731933594,52.94704055786133,36.28995132446289,41.978824615478516,3257.85009765625
2020-01-03,71.63064575195312,150.26373291015625,5.875185489654541,29.534000396728516,116.86746978759766,29.95246696472168,26.90323829650879,52.521358489990234,35.96959686279297,41.53186798095703,3234.85009765625
2020-01-06,72.20140075683594,150.65213012695312,5.899825096130371,30.1026668548584,116.77455139160156,29.909547805786133,26.868684768676758,52.92462921142578,35.8963623046875,41.44248580932617,3246.280029296875
2020-01-07,71.86183166503906,149.27854919433594,5.97125244140625,31.270666122436523,114.789306640625,29.712158203125,26.77884864807129,52.49148941040039,35.563785552978516,40.98177719116211,3237.179931640625
2020-01-08,73.017822265625,151.65631103515625,5.982451915740967,32.80933380126953,115.68476867675781,30.012540817260742,26.993074417114258,51.69990921020508,35.44175720214844,41.05742263793945,3253.050048828125
2020-01-09,74.56879425048828,153.5509796142578,6.048153877258301,32.089332580566406,116.10719299316406,30.064035415649414,26.875591278076172,52.095703125,35.8078727722168,40.8871955871582,3274.699951171875
2020-01-10,74.73735809326172,152.84043884277344,6.080508232116699,31.876667022705078,114.94983673095703,29.815141677856445,27.290239334106445,51.6326904296875,35.50887680053711,40.98445510864258,3265.35009765625
2020-01-13,76.33409118652344,154.67828369140625,6.271145343780518,34.990665435791016,115.90440368652344,30.08978271484375,27.234952926635742,52.12556838989258,35.35631561279297,41.09563446044922,3288.1298828125
2020-01-14,75.30331420898438,153.5888214111328,6.154176235198975,35.861331939697266,117.2560806274414,30.312931060791016,27.691057205200195,51.677494049072266,35.447845458984375,41.019195556640625,3283.14990234375
2020-01-15,74.98062133789062,154.58352661132812,6.111617565155029,34.56666564941406,115.49890899658203,29.755067825317383,28.105695724487305,51.595359802246094,35.173248291015625,41.06089401245117,3289.2900390625
2020-01-16,75.91985321044922,157.416015625,6.1952385902404785,34.232666015625,115.94666290283203,29.79798698425293,28.064233779907227,51.39372253417969,35.36241912841797,41.45691680908203,3316.81005859375
2020-01-17,76.76036071777344,158.29702758789062,6.203949928283691,34.03333282470703,116.74919891357422,29.78939437866211,27.995128631591797,51.199546813964844,35.07561492919922,41.77650833129883,3329.6201171875
2020-01-21,76.24018096923828,157.7286376953125,6.170600891113281,36.47999954223633,115.60027313232422,29.403196334838867,27.877643585205078,50.467708587646484,35.267818450927734,41.90850830078125,3320.7900390625
2020-01-22,76.5123291015625,156.97076416015625,6.224607467651367,37.97066879272461,115.46511840820312,29.4890193939209,27.773984909057617,50.17646026611328,35.42343521118164,42.019676208496094,3321.75
2020-01-23,76.88079071044922,157.93707275390625,6.293047904968262,38.14666748046875,115.34685516357422,29.28304672241211,28.13333511352539,49.86281204223633,35.334957122802734,42.04051971435547,3325.5400390625
2020-01-24,76.65922546386719,156.34556579589844,6.233814716339111,37.654666900634766,112.4830322265625,28.785259246826172,27.518291473388672,49.52675247192383,34.895591735839844,41.88072204589844,3295.469970703125
2020-01-27,74.40502166748047,153.73097229003906,5.977971076965332,37.201332092285156,111.53688049316406,28.19307518005371,27.753250122070312,48.346839904785156,35.3502082824707,41.6236572265625,3243.6298828125
2020-01-28,76.50990295410156,156.743408203125,6.171346664428711,37.793331146240234,113.56436157226562,28.527793884277344,26.3572998046875,48.27962112426758,35.57600021362305,42.17251968383789,3276.239990234375
2020-01-29,78.11141967773438,159.1875,6.110870361328125,38.732666015625,113.39540100097656,28.330394744873047,25.97029685974121,47.87636184692383,35.35935592651367,41.359642028808594,3273.39990234375
2020-01-30,77.99823760986328,163.6777801513672,6.11759090423584,42.72066879272461,114.79774475097656,28.7337646484375,25.879541397094727,48.38418197631836,35.56990051269531,41.24153518676758,3283.659912109375
2020-01-31,74.5399169921875,161.26211547851562,5.884146690368652,43.371334075927734,111.815673828125,28.17591667175293,25.998228073120117,46.3902587890625,34.932220458984375,41.297115325927734,3225.52001953125
2020-02-03,74.33519744873047,165.19351196289062,5.981206893920898,52.0,112.66889953613281,28.29606819152832,26.18671989440918,45.352237701416016,34.86508560180664,40.33137893676758,3248.919921875
2020-02-04,76.78927612304688,170.631103515625,6.150440692901611,59.137332916259766,114.2908935546875,28.853919982910156,26.31238555908203,44.78467559814453,35.17020797729492,40.49812698364258,3297.590087890625
2020-02-05,77.41543579101562,170.42269897460938,6.240784168243408,48.97999954223633,116.2338638305664,29.78939437866211,26.64748191833496,46.845802307128906,35.640071868896484,41.08173370361328,3334.68994140625
2020-02-06,78.3209457397461,173.95619201660156,6.327639579772949,49.930667877197266,116.25078582763672,29.755067825317383,26.710308074951172,46.21103286743164,35.487510681152344,41.297115325927734,3345.780029296875
2020-02-07,77.25634765625,174.20252990722656,6.261440277099609,49.871334075927734,115.87907409667969,29.703577041625977,26.563703536987305,45.90486145019531,35.53022766113281,41.644493103027344,3327.7099609375
2020-02-10,77.62329864501953,178.75914001464844,6.54465913772583,51.41866683959961,116.36060333251953,29.772233963012695,26.396150588989258,45.4200439453125,35.16408920288086,41.85292434692383,3352.090087890625
2020-02-11,77.15494537353516,174.72349548339844,6.667107105255127,51.62533187866211,116.58025360107422,29.840898513793945,26.59162712097168,45.851829528808594,35.209869384765625,40.776039123535156,3357.75
2020-02-12,78.98721313476562,174.97933959960938,6.782832622528076,51.15266799926758,116.58025360107422,29.96963119506836,26.347286224365234,46.412384033203125,35.34716033935547,40.456443786621094,3379.449951171875
2020-02-13,78.42476654052734,174.03199768066406,6.7390289306640625,53.599998474121094,116.4788818359375,29.961048126220703,25.781810760498047,46.15483474731445,35.8322868347168,40.74824142456055,3373.93994140625
2020-02-14,78.44406127929688,175.58560180664062,7.212141036987305,53.33533477783203,116.12407684326172,29.909547805786133,25.48858642578125,45.94272994995117,35.96959686279297,40.650978088378906,3380.159912109375
2020-02-18,77.00772857666016,177.36656188964844,7.380878925323486,57.22666549682617,114.58654022216797,29.41176986694336,25.355939865112305,45.35945510864258,36.50048065185547,40.23411560058594,3370.2900390625
2020-02-19,78.12300872802734,177.89849853515625,7.832087516784668,61.16133117675781,116.1494369506836,29.79798698425293,25.29311180114746,45.707908630371094,35.9055061340332,40.449501037597656,3386.14990234375
2020-02-20,77.32154846191406,175.1818084716797,7.682763576507568,59.96066665649414,116.1494369506836,29.909547805786133,25.027833938598633,45.344295501708984,35.90856170654297,40.35916519165039,3373.22998046875
2020-02-21,75.57135772705078,169.64382934570312,7.318660259246826,60.06666564941406,114.73015594482422,29.4890193939209,24.937068939208984,44.791316986083984,36.18012237548828,40.43559265136719,3337.75
2020-02-24,71.98168182373047,162.32957458496094,6.801248073577881,55.58599853515625,111.6467056274414,28.090087890625,24.204038619995117,42.69302749633789,35.490562438964844,40.28970718383789,3225.889892578125
2020-02-25,69.54352569580078,159.6508026123047,6.521764278411865,53.32733154296875,106.66246795654297,26.67400360107422,23.687423706054688,41.05680847167969,34.90169906616211,39.68524932861328,3128.2099609375
2020-02-26,70.646728515625,161.6455841064453,6.661131858825684,51.91999816894531,106.9834976196289,26.287796020507812,24.238950729370117,40.1553840637207,34.715579986572266,39.69914627075195,3116.389892578125
2020-02-27,66.02867126464844,150.25624084472656,6.290336608886719,45.266666412353516,102.5314712524414,25.000438690185547,23.80610466003418,37.738929748535156,33.68431091308594,38.254032135009766,2978.760009765625
2020-02-28,65.99005126953125,153.89439392089844,6.725381851196289,44.53266525268555,98.08792877197266,24.459749221801758,23.331382751464844,38.966094970703125,32.854400634765625,37.628726959228516,2954.219970703125
2020-03-02,72.13378143310547,164.13436889648438,6.88375997543335,49.574668884277344,102.658203125,25.206409454345703,24.350643157958984,40.814422607421875,35.35631561279297,39.82419967651367,3090.22998046875
2020-03-03,69.8428726196289,156.2691192626953,6.6212897300720215,49.70066833496094,98.80599212646484,23.816068649291992,23.94573402404785,38.860050201416016,34.45012283325195,38.698665618896484,3003.3701171875
2020-03-04,73.08250427246094,162.006591796875,7.084970474243164,49.96666717529297,101.24742889404297,24.36534309387207,25.41179656982422,39.70845413208008,35.62786865234375,40.38002014160156,3130.1201171875
2020-03-05,70.71189880371094,157.94097900390625,6.805567264556885,48.30266571044922,96.28009796142578,23.130231857299805,24.755556106567383,37.958621978759766,35.3685188293457,39.71303176879883,3023.93994140625
2020-03-06,69.7728500366211,153.4763946533203,6.625024795532227,46.89866638183594,91.3042984008789,22.206058502197266,24.448383331298828,36.125450134277344,35.768211364746094,39.51155471801758,2972.3701171875
2020-03-09,64.25437927246094,143.07493591308594,6.11203670501709,40.53333282470703,78.9366683959961,18.94122886657715,23.568742752075195,31.70918846130371,35.74686050415039,38.78899383544922,2746.56005859375
2020-03-10,68.88207244873047,152.85894775390625,6.501507759094238,43.02199935913086,85.0698013305664,20.392263412475586,24.14818572998047,32.883331298828125,36.549312591552734,39.26838684082031,2882.22998046875
2020-03-11,66.48976135253906,145.93414306640625,6.137685775756836,42.28200149536133,81.06552124023438,19.58037567138672,22.458723068237305,31.800100326538086,34.913902282714844,38.0942268371582,2741.3798828125
2020-03-12,59.92359161376953,132.093994140625,5.386629104614258,37.369998931884766,74.3832778930664,17.71474838256836,20.957752227783203,28.164066314697266,31.746845245361328,35.57221221923828,2480.639892578125
2020-03-13,67.10293579101562,150.87368774414062,5.9974846839904785,36.44133377075195,87.78157043457031,20.867305755615234,22.835710525512695,28.876121520996094,34.8132209777832,37.63567352294922,2711.02001953125
2020-03-16,58.47034454345703,128.63633728027344,4.8908233642578125,29.67133331298828,74.64514923095703,17.654294967651367,21.069454193115234,26.126375198364258,32.573699951171875,35.426307678222656,2386.1298828125
2020-03-17,61.041290283203125,139.2278289794922,5.4105377197265625,28.68000030517578,79.20699310302734,18.984405517578125,22.451745986938477,27.8837890625,36.38759231567383,37.73295211791992,2529.18994140625
2020-03-18,59.5469970703125,133.36688232421875,5.0506978034973145,24.08133316040039,70.86894989013672,17.95659065246582,22.591365814208984,25.088592529296875,37.400569915771484,37.739891052246094,2398.10009765625
2020-03-19,59.09075164794922,135.56117248535156,5.303456783294678,28.50933265686035,72.06010437011719,18.31071662902832,21.23700714111328,26.080930709838867,36.606834411621094,37.25355529785156,2409.389892578125
2020-03-20,55.339332580566406,130.46971130371094,5.123660564422607,28.50200080871582,70.53950500488281,16.98923110961914,20.252641677856445,24.80074119567871,34.92741775512695,35.98906707763672,2304.919921875
2020-03-23,54.163700103759766,129.16827392578125,5.296482086181641,28.952667236328125,66.76332092285156,15.615930557250977,19.88962173461914,23.823556900024414,35.02241516113281,34.953861236572266,2237.39990234375
2020-03-24,59.597694396972656,140.90916442871094,6.205171585083008,33.66666793823242,74.70427703857422,18.16388511657715,20.734352111816406,26.84600067138672,35.25226593017578,34.73153305053711,2447.330078125
2020-03-25,59.26939010620117,139.560302734375,6.116518497467041,35.95000076293945,77.49208068847656,18.224346160888672,20.76925277709961,28.247392654418945,33.526885986328125,34.69679641723633,2475.56005859375
2020-03-26,62.38832473754883,148.28990173339844,6.405884265899658,35.21066665649414,82.89024353027344,19.62355613708496,22.165512084960938,29.406381607055664,33.65559768676758,37.19797134399414,2630.070068359375
2020-03-27,59.8052978515625,142.2010040283203,6.293572902679443,34.29066848754883,76.98518371582031,18.65620231628418,21.572107315063477,27.98983383178711,33.58205795288086,36.66300582885742,2541.469970703125
2020-03-30,61.51203155517578,152.20350646972656,6.613819122314453,33.47533416748047,78.98735046386719,19.03623390197754,22.807785034179688,28.406471252441406,35.301300048828125,38.052528381347656,2626.64990234375
2020-03-31,61.386497497558594,149.80975341796875,6.5642619132995605,34.93333435058594,76.05593872070312,18.336627960205078,22.786842346191406,28.762496948242188,34.82016372680664,37.32997512817383,2584.590087890625
2020-04-01,58.156517028808594,144.4903106689453,6.053017616271973,32.104000091552734,71.26599884033203,17.075607299804688,22.165512084960938,28.429189682006836,34.97951889038086,36.767215728759766,2470.5
2020-04-02,59.126956939697266,147.48252868652344,6.3618059158325195,30.29800033569336,73.92709350585938,17.766572952270508,22.947416305541992,30.603239059448242,36.361656188964844,38.38602828979492,2526.89990234375
2020-04-03,58.27721405029297,146.1241455078125,6.073934555053711,32.000667572021484,71.74198150634766,17.300172805786133,23.484970092773438,29.70180320739746,36.61602783203125,38.003910064697266,2488.64990234375
2020-04-06,63.36117172241211,156.99107360839844,6.683794021606445,34.41600036621094,76.3597412109375,18.474821090698242,24.134231567382812,30.65626335144043,38.63560485839844,39.393436431884766,2663.679931640625
2020-04-07,62.6273078918457,155.30020141601562,6.450457572937012,36.36333465576172,77.36695861816406,19.122604370117188,23.464027404785156,31.23954963684082,37.385250091552734,39.587982177734375,2659.409912109375
2020-04-08,64.23023223876953,156.85809326171875,6.6476850509643555,36.589332580566406,80.49097442626953,20.254066467285156,24.155168533325195,33.21664047241211,37.33927917480469,40.15769577026367,2749.97998046875
2020-04-09,64.69371032714844,156.8675537109375,6.5480756759643555,38.20000076293945,87.71212768554688,21.471908569335938,24.706687927246094,32.67123031616211,37.3270149230957,40.33676528930664,2789.820068359375
2020-04-13,65.9635009765625,157.21902465820312,6.719902038574219,43.39666748046875,83.81134033203125,20.660015106201172,24.53215217590332,32.39094161987305,38.399627685546875,39.79603576660156,2761.6298828125
2020-04-14,69.29486846923828,164.99876403808594,7.071025848388672,47.32600021362305,81.51526641845703,20.49590492248535,25.43972396850586,32.14097595214844,39.533531188964844,40.828330993652344,2846.06005859375
2020-04-15,68.66241455078125,163.2699737548828,6.993579864501953,48.65533447265625,77.49497985839844,19.165794372558594,25.11160659790039,30.663837432861328,39.45997619628906,39.97862243652344,2783.360107421875
2020-04-16,69.20796203613281,168.17147827148438,7.338726043701172,49.680667877197266,74.54164123535156,18.500736236572266,25.048770904541016,29.656352996826172,40.554054260253906,40.49125289916992,2799.550048828125
2020-04-17,68.2689208984375,169.65328979492188,7.2794575691223145,50.259334564208984,81.24212646484375,20.10723876953125,25.767837524414062,32.73940658569336,40.48968505859375,41.053043365478516,2874.56005859375
2020-04-20,66.85188293457031,166.29063415527344,7.148222923278809,49.75733184814453,78.2802505493164,19.433542251586914,25.188398361206055,31.194089889526367,39.794029235839844,40.82131576538086,2823.159912109375
2020-04-21,64.78543853759766,159.413330078125,6.711435317993164,45.781333923339844,76.0097885131836,18.69074821472168,24.867259979248047,31.027437210083008,39.597896575927734,39.901371002197266,2736.56005859375
2020-04-22,66.65149688720703,164.8278045654297,7.125810623168945,48.807334899902344,76.25733184814453,18.828935623168945,25.307077407836914,31.913726806640625,40.327274322509766,40.722999572753906,2799.31005859375
2020-04-23,66.39319610595703,162.8329620361328,7.072518825531006,47.04199981689453,76.29998779296875,18.889400482177734,25.614253997802734,32.91361999511719,39.389503479003906,40.442100524902344,2797.800048828125
2020-04-24,68.30995178222656,165.8061981201172,7.211475372314453,48.34333419799805,77.42668914794922,19.157155990600586,26.095962524414062,33.125732421875,39.66837692260742,40.68085861206055,2836.739990234375
2020-04-27,68.35823059082031,165.33123779296875,7.397993087768555,53.25,80.76412963867188,20.27134132385254,26.759178161621094,33.28480529785156,39.31900405883789,40.59660339355469,2878.47998046875
2020-04-28,67.25019073486328,161.3036346435547,7.255553722381592,51.27466583251953,81.33601379394531,20.634103775024414,26.465961456298828,34.06502914428711,39.22706604003906,40.610633850097656,2863.389892578125
2020-04-29,69.45906066894531,168.54188537597656,7.432358741760254,53.367332458496094,83.52965545654297,21.402809143066406,26.612573623657227,35.95122528076172,37.87864303588867,40.814292907714844,2939.510009765625
2020-04-30,70.92435455322266,170.23275756835938,7.278463840484619,52.12533187866211,81.73717498779297,20.772294998168945,26.780132293701172,35.201297760009766,37.25038528442383,40.34377670288086,2912.429931640625
2020-05-01,69.78251647949219,165.8251953125,7.041889667510986,46.75466537475586,79.59473419189453,19.93449592590332,26.277469635009766,32.67879867553711,37.67024612426758,39.90839385986328,2830.7099609375
2020-05-04,70.76985168457031,169.8813018798828,7.253808975219727,50.74599838256836,78.64728546142578,19.8049373626709,26.26350975036621,33.99686813354492,37.9092903137207,39.49407196044922,2842.739990234375
2020-05-05,71.83203125,171.70513916015625,7.314820289611816,51.2140007019043,78.52779388427734,19.571735382080078,26.884849548339844,33.958984375,38.224937438964844,39.683677673339844,2868.43994140625
2020-05-06,72.57315063476562,173.3959503173828,7.415674209594727,52.172000885009766,77.0511245727539,19.30398941040039,26.884849548339844,33.32268142700195,37.78669738769531,39.07273483276367,2848.419921875
2020-05-07,73.32390594482422,174.40286254882812,7.591983795166016,52.00266647338867,77.85347747802734,19.727203369140625,26.05989646911621,33.51205825805664,37.51891326904297,39.03059387207031,2881.18994140625
2020-05-08,75.06912231445312,175.42874145507812,7.78198766708374,54.62799835205078,79.12530517578125,20.357711791992188,26.243221282958984,34.98162078857422,37.84211349487305,40.027774810791016,2929.800048828125
2020-05-11,76.25035858154297,177.3855438232422,8.034000396728516,54.08599853515625,76.7950668334961,19.502639770507812,26.86369514465332,34.648319244384766,38.066810607910156,39.6064453125,2930.18994140625
2020-05-12,75.37898254394531,173.36744689941406,7.772029876708984,53.96066665649414,74.28556060791016,18.889400482177734,26.34193229675293,34.06917190551758,38.100677490234375,38.946319580078125,2870.1201171875
2020-05-13,74.4688491821289,170.74571228027344,7.7496161460876465,52.73066711425781,71.72489929199219,18.02568817138672,26.123355865478516,32.37806701660156,38.07911682128906,38.517948150634766,2820.0
2020-05-14,74.92633056640625,171.4866180419922,7.999136447906494,53.55533218383789,74.70381927490234,18.751205444335938,26.73677635192871,32.66377639770508,37.98984909057617,38.56009292602539,2852.5
2020-05-15,74.48335266113281,173.9849090576172,8.457589149475098,53.27799987792969,73.32105255126953,18.518007278442383,26.62396240234375,32.43212890625,38.765533447265625,38.41965103149414,2863.699951171875
2020-05-18,76.23827362060547,175.64723205566406,8.716075897216797,54.242000579833984,77.20476531982422,19.8049373626709,26.842540740966797,35.01124572753906,39.29498291015625,39.12890625,2953.909912109375
2020-05-19,75.79771423339844,174.43133544921875,8.771108627319336,53.867332458496094,75.68543243408203,19.183059692382812,26.567556381225586,33.930179595947266,38.46080780029297,38.187904357910156,2922.93994140625
2020-05-20,77.27186584472656,176.85081481933594,8.934965133666992,54.37066650390625,77.95591735839844,19.787668228149414,26.532306671142578,35.0344123840332,38.61470031738281,38.1036376953125,2971.610107421875
2020-05-21,76.69574737548828,174.72662353515625,8.740979194641113,55.17333221435547,76.96577453613281,19.779024124145508,26.271421432495117,34.408935546875,38.47311782836914,37.899986267089844,2948.510009765625
2020-05-22,77.1895523071289,174.80282592773438,8.990996360778809,54.45866775512695,76.36827087402344,19.571735382080078,26.44063949584961,34.439823150634766,38.26996612548828,37.99128341674805,2955.449951171875
2020-05-26,76.66670227050781,172.95489501953125,8.683701515197754,54.591331481933594,81.78839874267578,20.9709529876709,26.4335880279541,35.45140075683594,38.12528610229492,38.1317253112793,2991.77001953125
2020-05-27,77.00074768066406,173.18350219726562,8.49195671081543,54.68199920654297,86.52567291259766,22.439260482788086,26.37718391418457,35.70621871948242,37.70050811767578,38.72160339355469,3036.1298828125
2020-05-28,77.03461456298828,172.79293823242188,8.45385456085205,53.72066879272461,85.2367935180664,21.471908569335938,26.92009735107422,34.77958679199219,38.072967529296875,39.12890625,3029.72998046875
2020-05-29,76.95958709716797,174.55517578125,8.840835571289062,55.66666793823242,83.06021881103516,20.8327579498291,26.927146911621094,35.11164093017578,38.18685531616211,40.29463195800781,3044.31005859375
2020-06-01,77.9060287475586,174.1550750732422,8.77185344696045,59.87333297729492,84.16130065917969,21.2559757232666,25.002267837524414,35.73711395263672,38.15607833862305,39.17103576660156,3055.72998046875
2020-06-02,78.2667007446289,176.1364288330078,8.79078197479248,58.770668029785156,84.44297790527344,21.454633712768555,25.495824813842773,36.532474517822266,38.1499137878418,39.6064453125,3080.820068359375
2020-06-03,78.69754791259766,176.5650634765625,8.735251426696777,58.86399841308594,89.0009994506836,22.447900772094727,25.495824813842773,38.02280044555664,38.00524139404297,39.90839385986328,3122.8701171875
2020-06-04,78.01982116699219,174.24085998535156,8.736248016357422,57.62533187866211,90.8532485961914,23.29154396057129,25.39006233215332,37.91469955444336,37.58663558959961,40.18227005004883,3112.35009765625
2020-06-05,80.24191284179688,178.31773376464844,8.889216423034668,59.04399871826172,94.94178771972656,24.44829750061035,25.375967025756836,40.9880256652832,37.417335510253906,40.54744338989258,3193.929931640625
2020-06-08,80.71631622314453,179.42274475097656,8.774614334106445,63.327999114990234,96.83671569824219,24.822284698486328,25.79901123046875,42.26987075805664,37.3188362121582,40.7932243347168,3232.389892578125
2020-06-09,83.26520538330078,180.79441833496094,9.014782905578613,62.711334228515625,94.35283660888672,24.543962478637695,25.53108024597168,41.32778549194336,37.35269546508789,40.6317024230957,3207.179931640625
2020-06-10,85.40736389160156,187.5003662109375,9.33442497253418,68.336669921875,90.52889251708984,23.134994506835938,25.32661247253418,39.111595153808594,37.29420471191406,40.76511764526367,3190.139892578125
2020-06-11,81.30695343017578,177.43190002441406,8.76589584350586,64.85600280761719,82.974853515625,20.812795639038086,23.479290008544922,35.659889221191406,36.964847564697266,39.641544342041016,3002.10009765625
2020-06-12,82.0089111328125,178.83213806152344,8.901674270629883,62.35200119018555,85.24531555175781,21.552072525024414,23.79657745361328,36.42435836791992,36.24150085449219,39.697723388671875,3041.31005859375
2020-06-15,83.02311706542969,179.97518920898438,9.14209270477295,66.05999755859375,86.42325592041016,21.873878479003906,23.521595001220703,36.40119552612305,36.34615707397461,39.430870056152344,3066.590087890625
2020-06-16,85.22341918945312,184.38552856445312,9.03720474243164,65.47533416748047,87.1146240234375,22.43920135498047,23.5497989654541,37.2197265625,36.82941436767578,39.97159957885742,3124.739990234375
2020-06-17,85.10480499267578,185.0237274169922,9.204126358032227,66.11933135986328,84.9124526977539,21.743417739868164,23.662609100341797,36.00737380981445,36.63857650756836,39.781986236572266,3113.489990234375
2020-06-18,85.13867950439453,187.0050506591797,9.186188697814941,66.9306640625,84.45152282714844,21.7782039642334,23.43698501586914,36.2313117980957,36.318450927734375,39.95052719116211,3115.340087890625
2020-06-19,84.65217590332031,185.8905487060547,9.229291915893555,66.72666931152344,83.48701477050781,21.960845947265625,23.563899993896484,35.50544738769531,36.8909797668457,39.43789291381836,3097.739990234375
2020-06-22,86.86700439453125,191.05337524414062,9.49387264251709,66.28800201416016,82.58222961425781,21.412918090820312,23.345317840576172,35.845218658447266,37.45427322387695,39.086769104003906,3117.860107421875
2020-06-23,88.72115325927734,192.32984924316406,9.417390823364258,66.78533172607422,83.58941650390625,21.56077003479004,23.105592727661133,36.06142807006836,37.26650619506836,38.581153869628906,3131.2900390625
2020-06-24,87.15504455566406,188.452880859375,9.203628540039062,64.0566635131836,80.79827117919922,20.70842170715332,22.69664764404297,34.36260223388672,37.02949142456055,37.87189865112305,3050.330078125
2020-06-25,88.31207275390625,190.83428955078125,9.45725154876709,65.73200225830078,83.61503601074219,21.49988555908203,22.78830909729004,34.879974365234375,36.84788131713867,38.117679595947266,3083.760009765625
2020-06-26,85.59862518310547,187.01455688476562,9.123407363891602,63.982666015625,79.03138732910156,20.1343994140625,22.590879440307617,33.68307113647461,36.42002487182617,37.33116912841797,3009.050048828125
2020-06-29,87.5713882446289,189.0244598388672,9.168251991271973,67.29000091552734,79.38136291503906,20.343137741088867,23.013933181762695,34.22360610961914,36.6478157043457,38.40559768676758,3053.239990234375
2020-06-30,88.3023681640625,193.85389709472656,9.464972496032715,71.98733520507812,80.28612518310547,20.656240463256836,23.05624008178711,34.53248977661133,36.86943435668945,38.71458435058594,3100.2900390625
2020-07-01,88.13536071777344,194.9874267578125,9.497111320495605,74.64199829101562,79.60327911376953,20.230070114135742,23.789525985717773,33.7525749206543,36.84172439575195,38.39155197143555,3115.860107421875
2020-07-02,88.13536071777344,196.47340393066406,9.579080581665039,80.57733154296875,79.86185455322266,20.256168365478516,24.33244514465332,34.03828811645508,36.6939697265625,38.4758186340332,3130.010009765625
2020-07-06,90.49300384521484,200.70274353027344,9.805294036865234,91.43866729736328,81.8786392211914,20.577966690063477,24.33244514465332,34.27766418457031,36.59548568725586,38.79182815551758,3179.719970703125
2020-07-07,90.21220397949219,198.3690185546875,9.837682723999023,92.65733337402344,79.56881713867188,20.012636184692383,23.994001388549805,33.3896369934082,39.0764274597168,38.65139389038086,3145.320068359375
2020-07-08,92.31328582763672,202.73170471191406,10.180744171142578,91.05867004394531,80.4134750366211,20.09091567993164,23.79657745361328,33.31242370605469,38.3038215637207,38.8901481628418,3169.93994140625
2020-07-09,92.71025848388672,204.15098571777344,10.472734451293945,92.9520034790039,78.67243957519531,19.80390739440918,23.59210205078125,31.93791961669922,39.322669982910156,38.30428695678711,3152.050048828125
2020-07-10,92.8724365234375,203.53182983398438,10.44308853149414,102.97666931152344,82.97323608398438,20.891075134277344,23.852983474731445,32.93405532836914,40.22455596923828,38.694862365722656,3185.0400390625
2020-07-13,92.4439697265625,197.24497985839844,10.017560958862305,99.80400085449219,84.16262817382812,21.038928985595703,24.82599449157715,32.94176483154297,39.867488861083984,38.66645431518555,3155.219970703125
2020-07-14,93.97380065917969,198.46420288085938,10.34118938446045,101.12000274658203,84.64527893066406,20.995437622070312,24.840097427368164,34.03055953979492,40.633941650390625,39.369476318359375,3197.52001953125
2020-07-15,94.62007904052734,198.16896057128906,10.19195556640625,103.06732940673828,85.95535278320312,21.395523071289062,25.185588836669922,34.46299743652344,40.63086700439453,39.09964370727539,3226.56005859375
2020-07-16,93.45579528808594,194.2444610595703,10.09977912902832,100.04266357421875,86.1966781616211,20.812795639038086,25.10098648071289,34.192718505859375,40.69243621826172,39.61092758178711,3215.570068359375
2020-07-17,93.26697540283203,193.25376892089844,10.166295051574707,100.05599975585938,84.60218811035156,20.19528579711914,25.559284210205078,33.60586166381836,40.55083465576172,39.98019027709961,3224.72998046875
2020-07-20,95.23247528076172,201.56005859375,10.474479675292969,109.53333282470703,83.86097717285156,20.508390426635742,25.735559463500977,32.81822204589844,40.46773147583008,39.67483901977539,3251.840087890625
2020-07-21,93.91810607910156,198.84527587890625,10.292856216430664,104.55733489990234,85.6795654296875,21.23896598815918,25.869522094726562,34.47843551635742,40.73244094848633,39.65353012084961,3257.300048828125
2020-07-22,94.18194580078125,201.7029266357422,10.402728080749512,106.15533447265625,85.05899047851562,21.143293380737305,27.18803596496582,33.67535400390625,40.83401870727539,39.589630126953125,3276.02001953125
2020-07-23,89.89511108398438,192.9298858642578,10.094791412353516,100.87133026123047,85.30892181396484,21.343339920043945,27.082263946533203,33.744842529296875,40.520057678222656,39.6606330871582,3235.659912109375
2020-07-24,89.67242431640625,191.74876403808594,10.159319877624512,94.46666717529297,84.70560455322266,21.178085327148438,26.553457260131836,33.536354064941406,40.39692687988281,40.370765686035156,3215.6298828125
2020-07-27,91.79767608642578,194.1777801513672,10.385536193847656,102.63999938964844,83.51622009277344,20.995437622070312,26.468843460083008,34.03055953979492,40.38768768310547,40.38496398925781,3239.409912109375
2020-07-28,90.28968048095703,192.4345703125,10.180244445800781,98.43267059326172,83.87821197509766,21.186786651611328,27.512361526489258,33.6290283203125,40.55699157714844,40.81814193725586,3218.43994140625
2020-07-29,92.0203857421875,194.3778076171875,10.429383277893066,99.94066619873047,85.91224670410156,21.97824478149414,27.68158721923828,33.99966812133789,40.22763442993164,40.79682922363281,3258.43994140625
2020-07-30,93.13384246826172,194.22540283203125,10.577371597290039,99.16600036621094,83.61964416503906,21.60426139831543,27.581911087036133,32.33174514770508,40.05217742919922,40.690303802490234,3246.219970703125
2020-07-31,102.88390350341797,195.28273010253906,10.578118324279785,95.38400268554688,83.29212188720703,21.63904571533203,27.39679718017578,32.49388885498047,39.83055877685547,40.81814193725586,3271.1201171875
2020-08-03,105.47632598876953,206.265625,10.97225570678711,99.0,82.82672882080078,21.734712600708008,27.304243087768555,32.625179290771484,39.799781799316406,40.64771270751953,3294.610107421875
2020-08-04,106.18071746826172,203.16983032226562,11.189002990722656,99.13333129882812,82.35265350341797,21.752111434936523,27.332721710205078,33.56725311279297,40.520057678222656,41.12350082397461,3306.510009765625
2020-08-05,106.56558990478516,202.8364715576172,11.247802734375,99.00133514404297,83.78337860107422,22.082612991333008,27.375442504882812,33.860679626464844,39.95676803588867,40.86074447631836,3327.77001953125
2020-08-06,110.28358459472656,206.08468627929688,11.296380996704102,99.30533599853516,83.80925750732422,22.152189254760742,27.247283935546875,33.69852066040039,39.81517028808594,41.06668472290039,3349.159912109375
2020-08-07,107.77619171142578,202.3982696533203,11.160850524902344,96.84733581542969,85.6536636352539,22.70882225036621,27.375442504882812,33.5440788269043,40.00601577758789,41.56377410888672,3351.280029296875
2020-08-10,109.34271240234375,198.3690185546875,11.126471519470215,94.57133483886719,86.73965454101562,23.100200653076172,27.332721710205078,34.37032699584961,40.59392547607422,41.89043426513672,3360.469970703125
2020-08-11,106.09088134765625,193.7300262451172,10.812557220458984,91.6259994506836,89.4804458618164,23.413307189941406,26.905536651611328,34.72553634643555,40.07681655883789,41.549564361572266,3333.68994140625
2020-08-12,109.6167221069336,199.26438903808594,11.400771141052246,103.65066528320312,88.72198486328125,23.248056411743164,27.290002822875977,34.7176628112793,40.59701156616211,41.61348342895508,3380.35009765625
2020-08-13,111.5566635131836,198.79759216308594,11.403509140014648,108.06666564941406,88.23069763183594,22.917558670043945,27.17608642578125,33.86724853515625,40.75154113769531,41.55666732788086,3373.429931640625
2020-08-14,111.45726776123047,198.98814392089844,11.52409553527832,110.04733276367188,88.26519775390625,23.021926879882812,27.097774505615234,34.016845703125,40.98334884643555,41.748409271240234,3372.85009765625
2020-08-17,111.166259765625,200.3026580810547,12.294426918029785,122.3759994506836,85.93811798095703,22.526172637939453,27.304243087768555,33.575904846191406,41.910579681396484,41.741310119628906,3381.989990234375
2020-08-18,112.09259033203125,201.4552764892578,12.218436241149902,125.80599975585938,84.74008178710938,22.204376220703125,27.311368942260742,33.41053771972656,41.6354866027832,42.02535629272461,3389.780029296875
2020-08-19,112.23321533203125,200.2330322265625,12.096611022949219,125.23533630371094,84.93832397460938,22.178279876708984,27.240158081054688,33.04044723510742,40.92461013793945,41.933040618896484,3374.85009765625
2020-08-20,114.72362518310547,204.8927459716797,12.099102020263672,133.45533752441406,83.92130279541016,21.830387115478516,27.567670822143555,32.53648376464844,40.355918884277344,41.86912536621094,3385.510009765625
2020-08-21,120.63562774658203,203.40316772460938,12.639732360839844,136.6653289794922,83.87821197509766,21.72601318359375,27.68158721923828,32.292388916015625,40.68354415893555,41.89043426513672,3397.159912109375
2020-08-24,122.07845306396484,204.0429229736328,12.676351547241211,134.27999877929688,86.23977661132812,22.34353256225586,27.653106689453125,33.24518585205078,40.5908317565918,42.302310943603516,3431.280029296875
2020-08-25,121.07695007324219,206.6974334716797,12.705999374389648,134.8893280029297,86.61898803710938,22.61315155029297,27.346954345703125,32.19001770019531,40.374473571777344,42.19578170776367,3443.6201171875
2020-08-26,122.7234878540039,211.16615295410156,12.728919982910156,143.54466247558594,85.40373229980469,22.230464935302734,27.090648651123047,31.50494956970215,40.39610290527344,42.22418975830078,3478.72998046875
2020-08-27,121.25641632080078,216.3509979248047,12.584673881530762,149.25,88.21345520019531,22.656639099121094,26.955373764038086,31.292360305786133,42.22891616821289,42.20289611816406,3484.550048828125
2020-08-28,121.06000518798828,218.5758056640625,13.102376937866211,147.55999755859375,88.5754623413086,22.874069213867188,26.990968704223633,32.040409088134766,43.363216400146484,42.08217239379883,3508.010009765625
2020-08-31,125.16539764404297,215.34841918945312,13.328344345092773,166.10667419433594,86.35179901123047,22.38701820373535,26.905536651611328,31.449831008911133,42.915069580078125,42.089271545410156,3500.31005859375
2020-09-01,130.1510467529297,217.0098419189453,13.777425765991211,158.35000610351562,86.30870819091797,22.360923767089844,26.257640838623047,31.048254013061523,45.61637878417969,42.01115798950195,3526.64990234375
2020-09-02,127.4545669555664,221.19210815429688,14.30126667022705,149.1233367919922,87.61015319824219,22.63054656982422,26.485462188720703,30.859270095825195,45.644195556640625,42.98403549194336,3580.840087890625
2020-09-03,117.25041198730469,207.4899444580078,12.974465370178223,135.6666717529297,87.33435821533203,22.472898483276367,25.915889739990234,30.796281814575195,44.67371368408203,43.04084777832031,3455.06005859375
2020-09-04,117.32801818847656,204.57762145996094,12.582704544067383,139.44000244140625,89.22186279296875,23.243602752685547,25.887413024902344,30.77264976501465,44.14518356323242,42.94852828979492,3426.9599609375
2020-09-08,109.43241882324219,193.5108642578125,11.875441551208496,110.06999969482422,86.11907958984375,22.315256118774414,25.581266403198242,30.063962936401367,42.79142761230469,42.57927322387695,3331.840087890625
2020-09-09,113.79729461669922,201.7512664794922,12.67491340637207,122.09333038330078,86.9378662109375,22.341529846191406,25.75925636291504,29.88286018371582,43.236507415771484,42.63607406616211,3398.9599609375
2020-09-10,110.08231353759766,196.0985565185547,12.27293586730957,123.77999877929688,86.04153442382812,22.017486572265625,25.381906509399414,29.134807586669922,42.284549713134766,42.27389907836914,3339.18994140625
2020-09-11,108.63703155517578,194.8190155029297,12.126148223876953,124.23999786376953,87.1102523803711,22.332775115966797,25.68093490600586,29.056060791015625,42.250553131103516,42.45853805541992,3340.969970703125
2020-09-14,111.8961410522461,196.13670349121094,12.8316650390625,139.8733367919922,88.31689453125,22.551727294921875,26.350196838378906,28.867080688476562,42.44218063354492,42.83489227294922,3383.5400390625
2020-09-15,112.07076263427734,199.3545684814453,12.950042724609375,149.9199981689453,85.56749725341797,22.140106201171875,26.314598083496094,28.55998420715332,42.45454406738281,43.03374099731445,3401.199951171875
2020-09-16,108.76314544677734,195.79299926757812,12.475044250488281,147.25332641601562,85.92949676513672,22.42035484313965,26.186445236206055,29.77261734008789,42.114559173583984,42.870399475097656,3385.489990234375
2020-09-17,107.0268783569336,193.7495880126953,12.424205780029297,141.14332580566406,84.9469223022461,22.201406478881836,26.214916229248047,29.76474952697754,42.247467041015625,43.02663803100586,3357.010009765625
2020-09-18,103.6319808959961,191.34335327148438,12.150818824768066,147.38333129882812,84.76594543457031,22.078792572021484,26.079647064208984,29.284412384033203,41.81475830078125,42.85620880126953,3319.469970703125
2020-09-21,106.77469635009766,193.39625549316406,12.477787971496582,149.79666137695312,82.14582061767578,21.43071174621582,25.64533805847168,28.685970306396484,42.364906311035156,42.330711364746094,3281.06005859375
2020-09-22,108.45275115966797,198.05599975585938,12.597904205322266,141.41000366210938,81.24946594238281,20.966535568237305,25.809093475341797,27.97728729248047,42.74816131591797,42.47983932495117,3315.570068359375
2020-09-23,103.9035873413086,191.53433227539062,12.085527420043945,126.78666687011719,79.93080139160156,20.37099266052246,25.631101608276367,27.079614639282227,42.031105041503906,41.8336296081543,3236.919921875
2020-09-24,104.97055053710938,194.01695251464844,12.309067726135254,129.26333618164062,79.86185455322266,20.441057205200195,25.460227966308594,27.02449607849121,42.250553131103516,42.03246307373047,3246.590087890625
2020-09-25,108.90866088867188,198.4379119873047,12.833161354064941,135.77999877929688,80.55995178222656,20.572423934936523,25.666702270507812,27.276472091674805,42.42673873901367,42.17449188232422,3298.4599609375
2020-09-28,111.5081787109375,199.98480224609375,12.993902206420898,140.39999389648438,82.87842559814453,21.097904205322266,25.908767700195312,27.804052352905273,42.42054748535156,42.15318298339844,3351.60009765625
2020-09-29,110.66429138183594,197.9031982421875,13.184053421020508,139.69000244140625,82.18031311035156,20.817651748657227,25.752132415771484,26.992996215820312,42.38655090332031,42.06796646118164,3335.469970703125
2020-09-30,112.3326416015625,200.83462524414062,13.487842559814453,143.00332641601562,82.97323608398438,21.097904205322266,26.129487991333008,27.032371520996094,43.24267578125,42.245506286621094,3363.0
2020-10-01,113.28321075439453,202.8684539794922,13.571578025817871,149.3866729736328,83.5765609741211,21.106664657592773,25.89453125,26.08745765686035,44.22246170043945,42.21709060668945,3380.800048828125
2020-10-02,109.62642669677734,196.8815460205078,13.021068572998047,138.3633270263672,84.36946105957031,21.202999114990234,25.901649475097656,25.96934700012207,43.425048828125,42.06796646118164,3348.419921875
2020-10-05,113.0019302368164,200.88235473632812,13.5994873046875,141.89332580566406,86.15274047851562,21.56207847595215,26.165082931518555,26.567790985107422,43.82684326171875,42.366214752197266,3408.60009765625
2020-10-06,109.7622299194336,196.6141357421875,13.693191528320312,137.9933319091797,85.26544952392578,21.343122482299805,25.752132415771484,26.292194366455078,43.46521759033203,42.22418975830078,3360.969970703125
2020-10-07,111.62457275390625,200.357177734375,13.919977188110352,141.76666259765625,86.75294494628906,21.78978157043457,25.965728759765625,26.378808975219727,43.54558181762695,42.330711364746094,3419.43994140625
2020-10-08,111.51786804199219,201.07327270507812,13.795119285583496,141.97332763671875,88.53618621826172,22.105066299438477,26.264760971069336,27.764677047729492,43.69083786010742,42.4799919128418,3446.830078125
2020-10-09,113.45783233642578,206.0671844482422,13.71935749053955,144.6666717529297,88.03166198730469,22.21016502380371,26.193559646606445,27.355228424072266,44.12973403930664,42.58046340942383,3477.139892578125
2020-10-12,120.66472625732422,211.4048309326172,14.181148529052734,147.43333435058594,89.11031341552734,22.49041748046875,26.214916229248047,27.26860237121582,44.584068298339844,42.73836135864258,3534.219970703125
2020-10-13,117.46381378173828,212.7989501953125,14.203330039978027,148.88333129882812,87.66631317138672,21.85108757019043,26.27187728881836,26.94576072692871,45.196041107177734,42.60200500488281,3511.929931640625
2020-10-14,117.55110931396484,210.88922119140625,14.050808906555176,153.76666259765625,87.17918395996094,20.686277389526367,26.243398666381836,26.890634536743164,44.488258361816406,41.93455123901367,3488.669921875
2020-10-15,117.08552551269531,209.7433624267578,13.925952911376953,149.6266632080078,88.4840087890625,21.150447845458984,26.02268409729004,27.126867294311523,44.670616149902344,41.74077606201172,3483.340087890625
2020-10-16,115.44625854492188,209.7433624267578,13.767955780029297,146.55667114257812,88.30133819580078,21.229276657104492,27.01944923400879,26.851266860961914,44.72624588012695,41.66183090209961,3483.81005859375
2020-10-19,112.49754333496094,204.54901123046875,13.455195426940918,143.61000061035156,86.81385040283203,20.773860931396484,26.912656784057617,26.315813064575195,44.182281494140625,41.12355422973633,3426.919921875
2020-10-20,113.98161315917969,204.9595947265625,13.602477073669434,140.64666748046875,87.30967712402344,21.14168930053711,26.691940307617188,26.536293029785156,44.47588348388672,41.087677001953125,3443.1201171875
2020-10-21,113.3608169555664,205.1028289794922,13.482110023498535,140.8800048828125,86.4397964477539,21.062870025634766,26.400033950805664,26.111083984375,44.63042449951172,40.72883224487305,3435.56005859375
2020-10-22,112.2744369506836,205.18873596191406,13.318876266479492,141.92999267578125,89.4930648803711,21.781023025512695,26.64922332763672,27.44970703125,44.36771011352539,41.14509582519531,3453.489990234375
2020-10-23,111.58577728271484,206.46823120117188,13.54740047454834,140.2100067138672,90.30205535888672,21.807300567626953,27.183204650878906,26.898513793945312,44.46044158935547,41.597232818603516,3465.389892578125
2020-10-26,111.59548950195312,200.59591674804688,13.099818229675293,140.0933380126953,88.06645965576172,21.49201202392578,26.998092651367188,26.260690689086914,43.93810272216797,41.48958206176758,3400.969970703125
2020-10-27,113.09891510009766,203.622802734375,13.354513168334961,141.55999755859375,86.4050064086914,20.887712478637695,26.64922332763672,25.84336280822754,44.15754699707031,41.18098068237305,3390.679931640625
2020-10-28,107.86106872558594,193.52993774414062,12.587187767028809,135.33999633789062,83.97803497314453,20.55491065979004,25.23950958251953,24.859073638916016,43.28286361694336,40.413055419921875,3271.030029296875
2020-10-29,111.85735321044922,195.47787475585938,12.98293685913086,136.94332885742188,84.52605438232422,20.616214752197266,25.118480682373047,25.961477279663086,43.24577713012695,40.73601150512695,3310.110107421875
2020-10-30,105.5913314819336,193.3294219970703,12.494485855102539,129.34666442871094,85.28284454345703,20.75634002685547,25.260873794555664,25.685869216918945,42.88417053222656,40.90107727050781,3269.9599609375
2020-11-02,105.50403594970703,193.19577026367188,12.541084289550781,133.50332641601562,87.2052993774414,21.089147567749023,25.794857025146484,26.764646530151367,43.394134521484375,41.41062927246094,3310.239990234375
2020-11-03,107.12389373779297,197.11070251464844,12.978452682495117,141.3000030517578,89.95409393310547,21.623380661010742,25.76637077331543,26.307939529418945,44.12973403930664,41.4465217590332,3369.159912109375
2020-11-04,111.49848175048828,206.62106323242188,13.75075912475586,140.32666015625,87.2052993774414,20.73883056640625,26.57802963256836,26.16620635986328,43.87628173828125,41.066139221191406,3443.43994140625
2020-11-05,115.45594787597656,213.2095184326172,14.115355491638184,146.02999877929688,90.77178955078125,21.553314208984375,26.175216674804688,26.118955612182617,44.34299850463867,41.73360061645508,3510.449951171875
2020-11-06,115.32479858398438,213.62010192871094,14.51608943939209,143.31666564941406,89.5626449584961,21.290576934814453,26.18241310119629,25.81186294555664,45.053863525390625,42.006317138671875,3509.43994140625
2020-11-09,113.02200317382812,208.5306854248047,13.587774276733398,140.4199981689453,101.6887435913086,24.312070846557617,28.196443557739258,29.079683303833008,44.364627838134766,42.94648361206055,3550.5
2020-11-10,112.6819076538086,201.48390197753906,12.729741096496582,136.7866668701172,101.35820770263672,24.2244930267334,27.822412490844727,29.724815368652344,44.988956451416016,43.85078048706055,3545.530029296875
2020-11-11,116.10211944580078,206.7738037109375,13.375696182250977,139.0433349609375,99.84461212158203,23.944238662719727,27.692947387695312,29.41838264465332,45.73691940307617,43.77901077270508,3572.659912109375
2020-11-12,115.83004760742188,205.71389770507812,13.414322853088379,137.25332641601562,98.61809539794922,23.374971389770508,27.009601593017578,28.41035270690918,45.81418991088867,43.628299713134766,3537.010009765625
2020-11-13,115.87862396240234,206.73562622070312,13.255078315734863,136.1666717529297,99.2356948852539,23.64646339416504,27.779253005981445,29.095813751220703,46.52814483642578,43.82207107543945,3585.14990234375
2020-11-16,116.88914489746094,207.42311096191406,13.472640037536621,136.02999877929688,102.0367202758789,24.15443229675293,26.851362228393555,30.77318000793457,47.11539077758789,43.70005798339844,3626.909912109375
2020-11-17,116.00495147705078,204.7781524658203,13.37993335723877,147.20333862304688,101.00155639648438,24.128156661987305,27.323331832885742,31.1844539642334,46.166542053222656,43.599586486816406,3609.530029296875
2020-11-18,114.6834716796875,202.0784149169922,13.386411666870117,162.2133331298828,100.25345611572266,23.628950119018555,27.535614013671875,30.0070743560791,46.07999038696289,43.29098129272461,3567.7900390625
2020-11-19,115.27621459960938,203.3612823486328,13.397875785827637,166.42333984375,100.52310943603516,23.628950119018555,27.437055587768555,30.160289764404297,47.01649856567383,43.2120361328125,3581.8701171875
2020-11-20,114.01305389404297,201.41781616210938,13.046487808227539,163.20333862304688,99.66193389892578,23.48006248474121,27.82370376586914,29.789339065551758,46.43543243408203,43.09003448486328,3557.5400390625
2020-11-23,110.62203216552734,201.14981079101562,13.098573684692383,173.9499969482422,102.53252410888672,23.988025665283203,27.68724250793457,31.74088478088379,46.64868927001953,43.22638702392578,3577.590087890625
2020-11-24,111.90458679199219,204.73989868164062,12.916895866394043,185.1266632080078,107.27336883544922,25.380542755126953,27.747894287109375,33.853721618652344,46.78159713745117,43.520633697509766,3635.409912109375
2020-11-25,112.74020385742188,204.74942016601562,13.193022727966309,191.3333282470703,106.1512222290039,25.424331665039062,27.694826126098633,32.91020584106445,46.9268684387207,43.35557556152344,3629.64990234375
2020-11-27,113.28433227539062,206.05145263671875,13.219440460205078,195.25332641601562,105.4466323852539,25.389299392700195,28.22552490234375,32.41021728515625,46.85577392578125,43.47758102416992,3638.35009765625
2020-11-30,115.67459106445312,204.94090270996094,13.359247207641602,189.1999969482422,102.5412368774414,24.662389755249023,29.044315338134766,30.748979568481445,47.22357177734375,43.35557556152344,3621.6298828125
2020-12-01,119.24053192138672,206.98963928222656,13.347786903381348,194.9199981689453,104.1592025756836,25.12656593322754,29.878257751464844,31.04735565185547,47.177207946777344,43.47758102416992,3662.449951171875
2020-12-02,119.59033966064453,206.18544006347656,13.501797676086426,189.60667419433594,106.15991973876953,25.450605392456055,30.93207550048828,32.2086067199707,46.521976470947266,44.037376403808594,3669.010009765625
2020-12-03,119.45431518554688,205.10366821289062,13.357708930969238,197.7933349609375,105.46400451660156,25.4770450592041,30.393795013427734,32.426353454589844,46.144893646240234,44.31010437011719,3666.719970703125
2020-12-04,118.78385162353516,205.21853637695312,13.519495010375977,199.67999267578125,106.42091369628906,25.811920166015625,30.58333396911621,33.611793518066406,46.02436447143555,44.17373275756836,3699.1201171875
2020-12-07,120.24132537841797,205.15151977539062,13.567856788635254,213.9199981689453,106.02075958251953,25.635665893554688,31.273242950439453,32.98277282714844,45.777099609375,44.03020095825195,3691.9599609375
2020-12-08,120.85346221923828,206.79820251464844,13.311842918395996,216.6266632080078,106.12515258789062,25.494665145874023,32.26639938354492,34.06338882446289,46.191253662109375,44.10197067260742,3702.25
2020-12-09,118.3271713256836,202.76771545410156,12.893789291381836,201.4933319091797,105.29875183105469,25.380107879638672,31.728126525878906,34.514991760253906,45.82654571533203,44.109134674072266,3672.820068359375
2020-12-10,119.74576568603516,201.5422821044922,12.935171127319336,209.02333068847656,104.6202392578125,25.653295516967773,31.63714027404785,35.490760803222656,45.61251449584961,43.42734146118164,3668.10009765625
2020-12-11,118.9393310546875,204.1654510498047,12.976053237915039,203.3300018310547,104.00263977050781,25.17741584777832,31.174684524536133,35.321414947509766,45.60011672973633,43.3125114440918,3663.4599609375
2020-12-14,118.3271713256836,205.06536865234375,13.270711898803711,213.27667236328125,102.90658569335938,24.868976593017578,29.726634979248047,34.04726028442383,45.181331634521484,43.046958923339844,3647.489990234375
2020-12-15,124.25422668457031,204.99830627441406,13.322311401367188,211.0833282470703,104.66374206542969,25.239103317260742,29.347562789916992,34.70853805541992,45.15961837768555,43.4560432434082,3694.6201171875
2020-12-16,124.18621826171875,209.92872619628906,13.204649925231934,207.58999633789062,104.96820068359375,25.30960464477539,28.6879825592041,35.24076843261719,45.11307907104492,42.996726989746094,3701.169921875
2020-12-17,125.05097198486328,210.06275939941406,13.303118705749512,218.63333129882812,104.09832000732422,25.406543731689453,28.832021713256836,35.0633544921875,45.3209228515625,43.06850051879883,3722.47998046875
2020-12-18,123.06881713867188,209.2681427001953,13.234065055847168,231.6666717529297,103.58507537841797,25.26553726196289,28.566682815551758,34.45854568481445,45.274391174316406,43.391456604003906,3709.409912109375
2020-12-21,124.59429931640625,213.09756469726562,13.29414176940918,216.6199951171875,107.47347259521484,26.208484649658203,28.33924102783203,33.82951736450195,45.28058624267578,42.6953010559082,3694.919921875
2020-12-22,128.1407928466797,214.39002990722656,13.240297317504883,213.44667053222656,105.83808135986328,25.74141502380371,27.85403060913086,33.25697326660156,44.731529235839844,42.33645248413086,3687.260009765625
2020-12-23,127.24683380126953,211.59449768066406,12.972065925598145,215.32666015625,108.79566192626953,26.48166847229004,28.384729385375977,33.68436813354492,44.42753601074219,42.31492614746094,3690.010009765625
2020-12-24,128.228271484375,213.25074768066406,12.956610679626465,220.58999633789062,108.31722259521484,26.40235710144043,28.25584602355957,33.547279357910156,44.514381408691406,42.228797912597656,3703.06005859375
2020-12-28,132.8144073486328,215.36648559570312,12.863128662109375,221.22999572753906,109.03052520751953,26.552173614501953,27.914688110351562,33.66018295288086,45.047935485839844,42.32927703857422,3735.360107421875
2020-12-29,131.04605102539062,214.5910186767578,12.906256675720215,221.99667358398438,108.74349212646484,26.446420669555664,28.089054107666016,33.28116226196289,44.76255416870117,42.207275390625,3727.0400390625
2020-12-30,129.9286346435547,212.22637939453125,13.108177185058594,231.5933380126953,109.04792022705078,26.419986724853516,27.85403060913086,33.547279357910156,44.7253303527832,41.726417541503906,3732.0400390625
2020-12-31,128.9278564453125,212.93482971191406,13.01768684387207,235.22332763671875,110.53541564941406,26.710792541503906,27.907102584838867,33.24082946777344,44.71601486206055,42.16421127319336,3756.070068359375
2021-01-04,125.74085998535156,208.40655517578125,13.076017379760742,243.2566680908203,109.49156951904297,26.46404457092285,27.907102584838867,33.46663284301758,45.45430374145508,42.2359733581543,3700.64990234375
2021-01-05,127.29550170898438,208.60757446289062,13.366436004638672,245.0366668701172,110.08735656738281,26.666736602783203,28.195194244384766,35.07948684692383,45.21234893798828,42.04220962524414,3726.860107421875
2021-01-06,123.01052856445312,203.19857788085938,12.578446388244629,251.9933319091797,115.2565689086914,28.332304000854492,27.952587127685547,35.9746208190918,45.494632720947266,42.551761627197266,3748.139892578125
2021-01-07,127.2080307006836,208.98092651367188,13.30586051940918,272.0133361816406,119.04153442382812,28.957990646362305,28.096635818481445,36.256858825683594,45.49152374267578,42.45600891113281,3803.7900390625
2021-01-08,128.30599975585938,210.2542266845703,13.238799095153809,293.3399963378906,119.17295837402344,28.667177200317383,28.149707794189453,36.66007614135742,45.485328674316406,41.92648696899414,3824.679931640625
2021-01-11,125.32301330566406,208.21507263183594,13.58256721496582,270.39666748046875,120.9515151977539,29.1430606842041,28.634910583496094,37.77294921875,45.69007110595703,41.679866790771484,3799.610107421875
2021-01-12,125.14814758300781,205.76422119140625,13.446206092834473,283.14666748046875,122.85274505615234,29.662988662719727,28.187610626220703,38.611637115478516,46.21121597290039,41.534786224365234,3801.18994140625
2021-01-13,127.17889404296875,207.11407470703125,13.493071556091309,284.8033447265625,122.96664428710938,29.48674201965332,27.945005416870117,39.047096252441406,45.73969268798828,41.389713287353516,3809.840087890625
2021-01-14,125.25503540039062,203.9357147216797,13.162521362304688,281.6666564941406,123.68505859375,29.953811645507812,27.86161231994629,40.57124328613281,45.59080505371094,41.37519836425781,3795.5400390625
2021-01-15,123.53523254394531,203.5814666748047,12.822742462158203,275.38665771484375,121.46842193603516,29.090179443359375,27.82370376586914,38.619686126708984,44.86802291870117,41.6218376159668,3768.25
2021-01-19,124.20565032958984,207.20985412597656,12.988019943237305,281.51666259765625,120.9427490234375,28.87868309020996,27.84644889831543,39.38578796386719,44.48027420043945,41.38246536254883,3798.909912109375
2021-01-20,128.2865753173828,214.77291870117188,13.327547073364258,283.48333740234375,119.12914276123047,28.499740600585938,27.67207908630371,39.94221878051758,45.13789749145508,41.534786224365234,3851.85009765625
2021-01-21,132.9893341064453,215.3760986328125,13.827860832214355,281.663330078125,118.1303482055664,27.997426986694336,27.65691375732422,38.79710006713867,44.933162689208984,41.54203414916992,3853.070068359375
2021-01-22,135.126953125,216.3142852783203,13.673306465148926,282.21331787109375,117.21914672851562,27.80355453491211,27.709978103637695,38.248741149902344,45.392269134521484,41.6871223449707,3841.469970703125
2021-01-25,138.86778259277344,219.74160766601562,13.614224433898926,293.6000061035156,115.7559814453125,27.459863662719727,28.263423919677734,37.82133483886719,45.35193634033203,42.376216888427734,3855.360107421875
2021-01-26,139.10104370117188,222.4222412109375,13.396851539611816,294.36334228515625,115.2828598022461,27.2659912109375,28.286169052124023,36.9907112121582,45.7583122253418,41.03428649902344,3849.6201171875
2021-01-27,138.03216552734375,222.9678955078125,12.880828857421875,288.0533447265625,112.02359771728516,26.287797927856445,27.474956512451172,36.571372985839844,44.61986541748047,39.989749908447266,3750.77001953125
2021-01-28,133.203125,228.7407684326172,13.013696670532227,278.4766540527344,113.99494934082031,26.7196102142334,27.48262596130371,37.14393615722656,44.59194564819336,40.16383361816406,3787.3798828125
2021-01-29,128.21856689453125,222.0679931640625,12.952620506286621,264.510009765625,112.7332992553711,26.12917137145996,27.513280868530273,36.160091400146484,43.58066940307617,39.71410369873047,3714.239990234375
2021-02-01,130.3367462158203,229.43002319335938,13.199165344238281,279.9366760253906,113.56562042236328,26.40235710144043,27.436641693115234,36.224613189697266,43.20222473144531,39.37317657470703,3773.860107421875
2021-02-02,131.16265869140625,229.29600524902344,13.518001556396484,290.92999267578125,117.06147003173828,27.34530258178711,26.815868377685547,36.79717254638672,43.66752624511719,39.532752990722656,3826.31005859375
2021-02-03,130.14239501953125,232.63720703125,13.491827011108398,284.89666748046875,118.4019546508789,27.829988479614258,26.700912475585938,38.240665435791016,43.8009147644043,39.74311828613281,3830.169921875
2021-02-04,133.49459838867188,231.68939208984375,13.625192642211914,283.3299865722656,121.12674713134766,28.6407413482666,26.73923110961914,38.974525451660156,44.21348190307617,39.99699401855469,3871.739990234375
2021-02-05,133.0809783935547,231.87130737304688,13.552149772644043,284.07666015625,120.89021301269531,28.52617835998535,26.76222038269043,40.28093338012695,44.781166076660156,40.127567291259766,3886.830078125
2021-02-08,133.22694396972656,232.12977600097656,14.397480010986328,287.8066711425781,122.78263854980469,29.160690307617188,26.68558692932129,42.01474380493164,44.98899459838867,39.93171310424805,3915.590087890625
2021-02-09,132.3511962890625,233.37435913085938,14.222481727600098,283.1533203125,122.2920150756836,29.037303924560547,26.800539016723633,41.522666931152344,45.237152099609375,39.895442962646484,3911.22998046875
2021-02-10,131.7478790283203,232.46487426757812,14.72204875946045,268.2733459472656,122.36207580566406,29.063745498657227,26.6242733001709,41.92453384399414,44.709808349609375,39.86643981933594,3909.8798828125
2021-02-11,131.49488830566406,234.0636444091797,15.207157135009766,270.5533447265625,122.02041625976562,28.975614547729492,26.386695861816406,40.87477111816406,44.67570495605469,39.605289459228516,3916.3798828125
2021-02-12,131.72840881347656,234.5423126220703,14.918485641479492,272.0400085449219,123.7551498413086,29.407440185546875,26.608945846557617,41.43245315551758,44.81529235839844,39.315147399902344,3934.830078125
2021-02-16,129.60704040527344,233.30731201171875,15.286432266235352,265.40667724609375,126.7340087890625,30.20055389404297,26.585956573486328,42.67904281616211,45.184425354003906,39.27888107299805,3932.590087890625
2021-02-17,127.32027435302734,234.32444763183594,14.863394737243652,266.04998779296875,127.12830352783203,30.323945999145508,26.73923110961914,43.343326568603516,45.66214370727539,41.33893585205078,3931.330078125
2021-02-18,126.22069549560547,233.9310302734375,14.786616325378418,262.4599914550781,127.55763244628906,30.13006019592285,26.486328125,42.662635803222656,42.70278549194336,41.331687927246094,3913.969970703125
2021-02-19,126.37637329101562,231.22508239746094,14.883835792541504,260.4333190917969,129.68663024902344,30.438495635986328,26.39435577392578,42.949676513671875,42.91373825073242,40.94723129272461,3906.7099609375
2021-02-22,122.61048889160156,225.02633666992188,14.314717292785645,238.1666717529297,130.9044647216797,30.9760684967041,26.25640296936035,44.53249740600586,42.71209716796875,40.94723129272461,3876.5
2021-02-23,122.47425079345703,223.8364715576172,14.101579666137695,232.94667053222656,131.9558563232422,31.302125930786133,25.98817253112793,45.14759826660156,42.0234489440918,41.367942810058594,3881.3701171875
2021-02-24,121.97795867919922,225.06468200683594,14.45755672454834,247.33999633789062,134.27764892578125,32.06000900268555,25.865550994873047,46.50079345703125,41.3223762512207,41.43323516845703,3925.429931640625
2021-02-25,117.73523712158203,219.72955322265625,13.269464492797852,227.4066619873047,132.45526123046875,31.663436889648438,25.91919708251953,45.729881286621094,40.9315299987793,40.9835090637207,3829.340087890625
2021-02-26,117.99799346923828,222.982421875,13.675302505493164,225.1666717529297,128.94195556640625,30.58831214904785,25.666288375854492,44.58991622924805,40.30180358886719,40.11305618286133,3811.14990234375
2021-03-01,124.35233306884766,227.3580780029297,13.802188873291016,239.47666931152344,131.85951232910156,31.54006576538086,25.819570541381836,46.2547607421875,40.751609802246094,40.156585693359375,3901.820068359375
2021-03-02,121.7541275024414,224.41217041015625,13.367931365966797,228.81333923339844,131.43014526367188,31.310943603515625,25.681615829467773,45.9841194152832,40.360740661621094,39.88093948364258,3870.2900390625
2021-03-03,118.7764663696289,218.35740661621094,12.768152236938477,217.73333740234375,133.97097778320312,32.09525680541992,26.356035232543945,46.35317611694336,39.57903289794922,40.17109298706055,3819.719970703125
2021-03-04,116.89839935302734,217.56094360351562,12.33488941192627,207.14666748046875,131.91204833984375,32.32551956176758,26.21042251586914,48.149234771728516,39.5604133605957,39.75037384033203,3768.469970703125
2021-03-05,118.15369415283203,222.23402404785156,12.425882339477539,199.31666564941406,132.21864318847656,32.706336975097656,26.356035232543945,49.969905853271484,40.05364990234375,40.62082290649414,3841.93994140625
2021-03-08,113.22980499267578,218.1942901611328,11.560114860534668,187.6666717529297,133.97097778320312,32.883460998535156,26.32538414001465,49.92069625854492,39.668975830078125,41.19386291503906,3821.35009765625
2021-03-09,117.83255004882812,224.3258514404297,12.48877239227295,224.52667236328125,133.02474975585938,32.16610336303711,26.402023315429688,49.149776458740234,39.982295989990234,40.76589584350586,3875.43994140625
2021-03-10,116.75241088867188,223.0207977294922,12.436904907226562,222.68666076660156,135.91604614257812,33.09602355957031,26.769893646240234,50.658809661865234,41.00287628173828,41.40422058105469,3898.81005859375
2021-03-11,118.67914581298828,227.54037475585938,12.960832595825195,233.1999969482422,135.20639038085938,32.980892181396484,26.601280212402344,50.28154754638672,40.98735046386719,40.26538848876953,3939.340087890625
2021-03-12,117.774169921875,226.21621704101562,12.823678016662598,231.2433319091797,136.8096923828125,33.60082244873047,26.77754783630371,50.82282257080078,41.60466766357422,40.35243225097656,3943.340087890625
2021-03-15,120.65452575683594,225.3141632080078,13.158084869384766,235.97999572753906,136.12631225585938,33.432559967041016,27.137754440307617,49.527034759521484,41.390621185302734,40.359676361083984,3968.93994140625
2021-03-16,122.1920394897461,228.09695434570312,13.257835388183594,225.6266632080078,134.49667358398438,33.335140228271484,27.459636688232422,48.47728729248047,41.37821578979492,40.359676361083984,3962.7099609375
2021-03-17,121.40383911132812,227.45401000976562,13.307709693908691,233.93666076660156,135.88101196289062,33.609683990478516,27.428979873657227,48.69050979614258,41.03389358520508,40.439483642578125,3974.1201171875
2021-03-18,117.28762817382812,221.38961791992188,12.690513610839844,217.72000122070312,138.12393188476562,34.4864616394043,27.413654327392578,46.591007232666016,40.498104095458984,40.84568786621094,3915.4599609375
2021-03-19,116.76213836669922,221.03453063964844,12.813451766967773,218.2899932861328,135.9248046875,34.12335205078125,27.229713439941406,46.32857894897461,41.03700637817383,40.79490661621094,3913.10009765625
2021-03-22,120.0707015991211,226.44650268554688,13.153100967407227,223.3333282470703,132.2713165283203,33.35285949707031,27.58991813659668,45.8529052734375,41.23325729370117,41.04878616333008,3940.590087890625
2021-03-23,119.24356842041016,227.97219848632812,13.03788948059082,220.72000122070312,130.9483184814453,32.67976760864258,27.099437713623047,45.28702163696289,41.72230529785156,41.28090286254883,3910.52001953125
2021-03-24,116.85946655273438,225.93788146972656,12.611214637756348,210.08999633789062,131.96463012695312,32.67976760864258,27.29103660583496,46.2055549621582,41.46376037597656,41.35344314575195,3889.139892578125
2021-03-25,117.34600830078125,222.944091796875,12.50373649597168,213.4633331298828,133.6555938720703,33.35285949707031,27.33700942993164,46.074337005615234,41.74410629272461,41.6218376159668,3909.52001953125
2021-03-26,117.94932556152344,226.91664123535156,12.806973457336426,206.23666381835938,135.88101196289062,34.25619888305664,27.781517028808594,47.32911682128906,42.092979431152344,42.20212936401367,3974.5400390625
2021-03-29,118.12448120117188,225.726806640625,12.915694236755371,203.76333618164062,133.7694549560547,33.92852020263672,28.06508445739746,47.07488250732422,42.57270431518555,42.67361831665039,3971.090087890625
2021-03-30,116.674560546875,222.47389221191406,12.839390754699707,211.8733367919922,135.34657287597656,34.53074264526367,27.674222946166992,46.49259567260742,42.28300857543945,42.499534606933594,3958.550048828125
2021-03-31,118.86402893066406,226.23536682128906,13.314692497253418,222.64332580566406,133.37521362304688,34.26504898071289,27.766189575195312,45.78729248046875,42.311038970947266,42.18037796020508,3972.889892578125
2021-04-01,119.6911849975586,232.54925537109375,13.77702522277832,220.5833282470703,134.67189025878906,34.97355651855469,27.819835662841797,47.066673278808594,42.245628356933594,42.289180755615234,4019.8701171875
2021-04-05,122.51317596435547,238.99752807617188,13.9523344039917,230.35000610351562,135.38575744628906,35.24810028076172,27.80451202392578,46.33677291870117,43.43244934082031,42.70263671875,4077.909912109375
2021-04-06,122.81482696533203,237.8364715576172,13.826652526855469,230.5399932861328,134.4339599609375,35.15068054199219,27.628236770629883,46.2055549621582,43.64114761352539,42.87672805786133,4073.93994140625
2021-04-07,124.45935821533203,239.79391479492188,14.107942581176758,223.6566619873047,136.54026794433594,35.46951675415039,27.520946502685547,46.410587310791016,43.547691345214844,42.79693603515625,4079.949951171875
2021-04-08,126.85318756103516,243.0084686279297,14.281006813049316,227.93333435058594,136.70770263671875,35.15953826904297,27.559268951416016,45.92670822143555,43.51966094970703,42.23093032836914,4097.169921875
2021-04-09,129.42218017578125,245.5033416748047,14.363797187805176,225.67333984375,137.7300262451172,35.41637420654297,28.049753189086914,45.820098876953125,43.541465759277344,42.1502799987793,4128.7998046875
2021-04-12,127.70951843261719,245.5609130859375,15.170762062072754,233.9933319091797,137.43919372558594,35.478370666503906,28.333314895629883,45.51665115356445,43.547691345214844,42.186927795410156,4127.990234375
2021-04-13,130.813720703125,248.03659057617188,15.640079498291016,254.10667419433594,135.8000030517578,34.822998046875,28.47892951965332,45.68887710571289,43.413761138916016,42.24558639526367,4141.58984375
2021-04-14,128.478271484375,245.2538299560547,15.238593101501465,244.07666015625,133.2618408203125,35.3189582824707,28.48659324645996,47.009273529052734,43.39817810058594,42.304237365722656,4124.66015625
2021-04-15,130.8817901611328,249.00572204589844,16.096681594848633,246.28334045410156,134.10787963867188,34.3093376159668,28.816139221191406,46.730430603027344,43.65984344482422,42.304237365722656,4170.419921875
2021-04-16,130.55096435546875,250.195556640625,15.872496604919434,246.5933380126953,135.103759765625,34.67243957519531,29.55953025817871,46.46799850463867,43.80001449584961,42.729488372802734,4185.47021484375
2021-04-19,131.21266174316406,248.2764129638672,15.323128700256348,238.2100067138672,134.53089904785156,34.69015121459961,29.835432052612305,46.320369720458984,43.51966094970703,42.81013107299805,4163.259765625
2021-04-20,129.52920532226562,247.8158721923828,15.133108139038086,239.663330078125,131.55209350585938,33.724815368652344,29.912067413330078,45.344425201416016,43.8560905456543,42.81013107299805,4134.93994140625
2021-04-21,129.90872192382812,250.04208374023438,15.321883201599121,248.0399932861328,132.6713104248047,34.291622161865234,30.295263290405273,45.92670822143555,43.98379135131836,42.626834869384766,4173.419921875
2021-04-22,128.39071655273438,246.76995849609375,14.812917709350586,239.89666748046875,129.8776397705078,33.972801208496094,29.61318016052246,45.328025817871094,43.507198333740234,41.99631118774414,4134.97998046875
2021-04-23,130.70664978027344,250.5889892578125,15.2268705368042,243.13333129882812,132.3629150390625,34.699012756347656,29.628503799438477,45.574058532714844,43.57884216308594,42.01096725463867,4180.169921875
2021-04-26,131.09588623046875,250.9727783203125,15.4390869140625,246.06666564941406,132.68896484375,34.9027099609375,29.64383316040039,45.664268493652344,42.958953857421875,41.74702835083008,4187.6201171875
2021-04-27,130.77479553222656,251.3759002685547,15.343079566955566,234.913330078125,133.29708862304688,35.3189582824707,29.467573165893555,46.26296615600586,43.10535430908203,41.29246139526367,4186.72021484375
2021-04-28,129.98655700683594,244.26547241210938,15.238343238830566,231.46665954589844,134.16073608398438,35.451805114746094,29.743465423583984,47.65715789794922,42.95273208618164,41.373104095458984,4183.18017578125
2021-04-29,129.8892822265625,242.2983856201172,15.286222457885742,225.6666717529297,136.76942443847656,36.40827178955078,29.582529067993164,48.33786392211914,43.4947395324707,42.025630950927734,4211.47021484375
2021-04-30,127.923583984375,241.9817352294922,14.971765518188477,236.47999572753906,135.55320739746094,35.894615173339844,29.620849609375,46.943660736083984,43.58195877075195,42.37023162841797,4181.169921875
2021-05-03,128.9745635986328,241.67466735839844,14.799448013305664,228.3000030517578,135.15663146972656,35.92118453979492,30.525178909301758,48.23944854736328,44.27037811279297,42.465538024902344,4192.66015625
2021-05-04,124.41072082519531,237.769287109375,14.315167427062988,224.53334045410156,137.0249786376953,36.31086349487305,30.617151260375977,48.54288864135742,43.83427047729492,42.96410369873047,4164.66015625
2021-05-05,124.65399932861328,236.5026397705078,14.422149658203125,223.64666748046875,138.82286071777344,36.65626525878906,30.632474899291992,50.00270462036133,43.79689407348633,43.030086517333984,4167.58984375
2021-05-06,126.24987030029297,239.6307830810547,14.486488342285156,221.17999267578125,141.6165771484375,37.20534133911133,30.330636978149414,50.47837829589844,44.109619140625,43.46998977661133,4201.6201171875
2021-05-07,126.92244720458984,242.25042724609375,14.775012969970703,224.1233367919922,142.10125732421875,37.355899810791016,30.632476806640625,51.2000846862793,43.84379959106445,43.05208206176758,4232.60009765625
2021-05-10,123.64728546142578,237.18392944335938,14.229886054992676,209.67999267578125,142.0836639404297,37.24077224731445,30.849180221557617,51.32310485839844,44.03769302368164,43.63862609863281,4188.43017578125
2021-05-11,122.73101043701172,236.27235412597656,14.270281791687012,205.73333740234375,139.72177124023438,36.815673828125,30.454465866088867,49.69105911254883,43.640525817871094,42.920108795166016,4152.10009765625
2021-05-12,119.67029571533203,229.3347625732422,13.723907470703125,196.6300048828125,138.7611541748047,36.47026824951172,30.717601776123047,49.95732498168945,42.51160430908203,42.82478713989258,4063.0400390625
2021-05-13,121.81474304199219,233.20179748535156,13.630894660949707,190.56333923339844,142.33042907714844,37.05479049682617,31.034929275512695,49.34159469604492,43.23086166381836,43.11806869506836,4112.5
2021-05-14,124.23213195800781,238.11471557617188,14.207193374633789,196.5800018310547,144.54246520996094,37.51531982421875,30.97300910949707,50.56473159790039,43.63114547729492,43.030086517333984,4173.85009765625
2021-05-17,123.08192443847656,235.26483154296875,14.12988567352295,192.27667236328125,145.1241455078125,37.85186004638672,31.042665481567383,51.74626541137695,43.43413543701172,42.480201721191406,4163.2900390625
2021-05-18,121.6977767944336,233.2497100830078,13.980511665344238,192.6233367919922,143.0795440673828,37.338199615478516,30.996225357055664,50.281822204589844,44.37855911254883,41.9229850769043,4127.830078125
2021-05-19,121.54180908203125,233.82679748535156,14.030387878417969,187.82000732421875,141.98672485351562,37.169921875,30.825960159301758,49.07533264160156,44.381683349609375,41.732357025146484,4115.68017578125
2021-05-20,124.09567260742188,237.0583953857422,14.575763702392578,195.5933380126953,141.73997497558594,37.081356048583984,31.050399780273438,48.958839416503906,44.53804397583008,41.637054443359375,4159.1201171875
2021-05-21,122.26313018798828,235.79847717285156,14.954057693481445,193.6266632080078,143.3527374267578,37.55074691772461,30.918834686279297,49.02540588378906,44.32851791381836,41.72502517700195,4155.85986328125
2021-05-24,123.8909683227539,241.19400024414062,15.572748184204102,202.14666748046875,144.1282958984375,37.754432678222656,30.810482025146484,49.59953689575195,44.33165740966797,41.7763557434082,4197.0498046875
2021-05-25,123.6960220336914,242.0980987548828,15.608409881591797,201.56333923339844,142.63888549804688,37.20534133911133,30.438997268676758,48.47624206542969,44.51303482055664,41.40977096557617,4188.1298828125
2021-05-26,123.64728546142578,241.8768768310547,15.660528182983398,206.3766632080078,142.6212615966797,37.2319221496582,30.12167739868164,49.04204559326172,44.459861755371094,41.32178497314453,4195.990234375
2021-05-27,122.116943359375,239.7801971435547,15.44906234741211,210.28334045410156,144.84217834472656,37.68358612060547,29.912715911865234,48.725868225097656,44.30976104736328,41.27046203613281,4200.8798828125
2021-05-28,121.46385192871094,240.1361083984375,16.203662872314453,208.4066619873047,144.74520874023438,37.541893005371094,29.974628448486328,48.56776809692383,44.41608810424805,41.4171028137207,4204.10986328125
2021-06-01,121.14217376708984,237.94320678710938,16.22361183166504,207.96665954589844,146.3403778076172,38.01127243041992,29.796615600585938,50.306793212890625,44.300376892089844,41.33644485473633,4202.0400390625
2021-06-02,121.90247344970703,237.84706115722656,16.736066818237305,201.7066650390625,146.34918212890625,38.02898406982422,30.021072387695312,50.70618438720703,44.203433990478516,41.53440475463867,4208.1201171875
2021-06-03,120.42085266113281,236.31781005859375,16.927085876464844,190.94667053222656,146.4461212158203,38.46477127075195,30.160371780395508,50.9058837890625,44.28160858154297,41.7763557434082,4192.85009765625
2021-06-04,122.71150207519531,241.20361328125,17.534059524536133,199.68333435058594,146.68406677246094,38.4825553894043,30.29969024658203,51.13053894042969,44.35979461669922,42.01096725463867,4229.89013671875
2021-06-07,122.72126007080078,244.10818481445312,17.574703216552734,201.7100067138672,145.99664306640625,38.349151611328125,30.175853729248047,50.79771041870117,44.06271743774414,41.937660217285156,4226.52001953125
2021-06-08,123.5400619506836,242.9156036376953,17.413116455078125,201.19667053222656,145.41497802734375,38.135711669921875,30.067502975463867,51.69635009765625,43.72809600830078,41.900997161865234,4227.259765625
2021-06-09,123.92019653320312,243.89657592773438,17.31857681274414,199.5933380126953,143.59950256347656,37.637672424316406,30.810482025146484,52.1290283203125,43.49354553222656,41.82767868041992,4219.5498046875
2021-06-10,122.92594909667969,247.40707397460938,17.385173797607422,203.3733367919922,141.3610076904297,37.077369689941406,31.483816146850586,52.212223052978516,43.74372482299805,42.04030227661133,4239.18017578125
2021-06-11,124.1346435546875,248.03225708007812,17.784515380859375,203.29666137695312,141.26406860351562,37.22856140136719,31.073627471923828,51.72962188720703,44.01579666137695,42.03297424316406,4247.43994140625
2021-06-14,127.18565368652344,249.95582580566406,17.977563858032227,205.89666748046875,138.8668975830078,36.78388977050781,30.671175003051758,51.64642333984375,43.95638656616211,41.9229850769043,4255.14990234375
2021-06-15,126.36683654785156,248.4842529296875,17.747844696044922,199.7866668701172,136.76060485839844,36.810569763183594,30.64021873474121,53.526893615722656,43.78126907348633,42.00364303588867,4246.58984375
2021-06-16,126.86396026611328,247.54173278808594,17.76954460144043,201.6233367919922,137.72122192382812,37.01511001586914,30.415775299072266,53.33551788330078,42.88999557495117,41.527069091796875,4223.7001953125
2021-06-17,128.46258544921875,250.9271697998047,18.61460304260254,205.53334045410156,133.74655151367188,35.396480560302734,30.55508041381836,51.57985305786133,43.06824493408203,41.44643020629883,4221.85986328125
2021-06-18,127.1661376953125,249.5133819580078,18.596155166625977,207.77000427246094,130.36231994628906,34.48933029174805,30.036540985107422,50.25687026977539,42.27080154418945,40.925865173339844,4166.4501953125
2021-06-21,128.95968627929688,252.5910186767578,18.3851318359375,206.94332885742188,132.57440185546875,35.35201644897461,30.508649826049805,52.079097747802734,42.65544891357422,41.34378433227539,4224.7900390625
2021-06-22,130.59725952148438,255.3610076904297,18.843584060668945,207.90333557128906,132.38052368164062,35.54768371582031,30.655691146850586,53.07757568359375,42.85246276855469,41.32911682128906,4246.43994140625
2021-06-23,130.3243408203125,255.1301727294922,19.013696670532227,218.85667419433594,133.18251037597656,35.75222396850586,30.2222900390625,53.46864700317383,42.51785659790039,41.10916519165039,4241.83984375
2021-06-24,130.0416717529297,256.4958801269531,19.161603927612305,226.60667419433594,134.4075164794922,36.312522888183594,30.330636978149414,53.68497848510742,42.81494140625,41.32911682128906,4266.490234375
2021-06-25,129.7492218017578,254.88973999023438,18.98750114440918,223.9566650390625,135.76470947265625,37.01511001586914,30.168106079101562,53.80147171020508,43.32155227661133,41.33644485473633,4280.7001953125
2021-06-28,131.37704467773438,258.4482727050781,19.9393253326416,229.57333374023438,136.01148986816406,36.961761474609375,30.276464462280273,52.428565979003906,43.18708038330078,41.189815521240234,4290.60986328125
2021-06-29,132.88792419433594,261.02581787109375,19.980976104736328,226.9199981689453,135.8440399169922,36.36587905883789,30.260988235473633,52.104061126708984,42.93690490722656,40.94052505493164,4291.7998046875
2021-06-30,133.50201416015625,260.5449523925781,19.956787109375,226.56666564941406,137.077880859375,36.66825866699219,30.307424545288086,52.48680877685547,44.10023498535156,41.079833984375,4297.5
2021-07-01,133.80418395996094,261.2181396484375,20.165807723999023,225.97332763671875,138.43504333496094,36.9439697265625,30.617008209228516,52.63658142089844,43.568607330322266,41.27046203613281,4319.93994140625
2021-07-02,136.42633056640625,267.0369567871094,20.440174102783203,226.3000030517578,138.30213928222656,36.59711456298828,30.748565673828125,52.56169509887695,43.8156623840332,41.38043975830078,4352.33984375
2021-07-06,138.43429565429688,267.0465087890625,20.65118980407715,219.86000061035156,135.9798126220703,35.6366081237793,30.408035278320312,51.063968658447266,43.762489318847656,41.35844802856445,4343.5400390625
2021-07-07,140.919921875,269.229736328125,20.32518768310547,214.88333129882812,136.1393280029297,35.35201644897461,30.454465866088867,50.26518249511719,43.6905632019043,41.44643020629883,4358.1298828125
2021-07-08,139.62347412109375,266.8157653808594,19.857261657714844,217.60333251953125,133.79042053222656,34.48933029174805,30.3770809173584,50.04052734375,43.65303421020508,41.281837463378906,4320.81982421875
2021-07-09,141.4462890625,267.3157958984375,20.00442123413086,218.98333740234375,138.07164001464844,35.60992431640625,30.655691146850586,50.94749069213867,43.87507247924805,41.570987701416016,4369.5498046875
2021-07-12,140.85165405273438,266.7195129394531,20.46561622619629,228.56666564941406,140.0482940673828,36.13465118408203,30.771785736083984,50.897560119628906,43.79689407348633,41.63029479980469,4384.6298828125
2021-07-13,141.96286010742188,270.2396545410156,20.203720092773438,222.84666442871094,137.96530151367188,35.4498405456543,30.686655044555664,50.656253814697266,43.9626350402832,41.585819244384766,4369.2099609375
2021-07-14,145.3842315673828,271.7111511230469,19.796152114868164,217.7933349609375,137.49551391601562,34.560489654541016,30.918834686279297,49.532962799072266,44.26597213745117,41.7563362121582,4374.2998046875
2021-07-15,144.7311248779297,270.2876281738281,18.922903060913086,216.86666870117188,137.79689025878906,34.53379821777344,31.02718162536621,49.05036926269531,44.300376892089844,41.92687225341797,4360.02978515625
2021-07-16,142.6939697265625,270.0184326171875,18.11949348449707,214.74000549316406,134.65020751953125,33.7244873046875,31.22840690612793,47.69410705566406,44.26911163330078,41.86012649536133,4327.16015625
2021-07-19,138.8533935546875,266.42132568359375,18.736833572387695,215.4066619873047,130.27149963378906,32.84401321411133,31.073627471923828,46.054931640625,44.16590881347656,41.40045928955078,4258.490234375
2021-07-20,142.4600067138672,268.6430358886719,18.569459915161133,220.1666717529297,132.70016479492188,33.51992416381836,31.77016830444336,46.562496185302734,44.36603546142578,41.20768737792969,4323.06005859375
2021-07-21,141.72889709472656,270.6435852050781,19.365636825561523,218.42999267578125,135.49224853515625,34.204742431640625,31.746944427490234,48.06021499633789,44.14714813232422,41.482017517089844,4358.68994140625
2021-07-22,143.09359741210938,275.202392578125,19.549219131469727,216.4199981689453,133.78158569335938,33.76005554199219,32.09523010253906,47.51936340332031,44.17841720581055,41.482017517089844,4367.47998046875
2021-07-23,144.8091278076172,278.5975036621094,19.5132999420166,214.4600067138672,133.52450561523438,33.52882385253906,32.25775146484375,47.461124420166016,44.541175842285156,41.43013000488281,4411.7900390625
2021-07-26,145.22830200195312,278.0011291503906,19.249906539916992,219.2066650390625,134.41978454589844,33.91124725341797,32.35835266113281,48.659305572509766,44.60371780395508,41.35597610473633,4422.2998046875
2021-07-27,143.06431579589844,275.587158203125,19.164098739624023,214.92666625976562,134.24249267578125,33.77784729003906,32.582801818847656,48.11845397949219,44.606849670410156,41.667362213134766,4401.4599609375
2021-07-28,141.3195037841797,275.27935791015625,19.458431243896484,215.66000366210938,134.46408081054688,33.91124725341797,33.62761306762695,48.44295883178711,44.42546463012695,41.311485290527344,4400.64013671875
2021-07-29,141.96286010742188,275.5486145019531,19.617061614990234,225.78334045410156,135.61639404296875,34.40039825439453,33.41676330566406,49.033721923828125,44.481746673583984,41.50425338745117,4419.14990234375
2021-07-30,142.17730712890625,274.0194396972656,19.454435348510742,229.06666564941406,134.5349884033203,34.115806579589844,33.43238067626953,47.902122497558594,44.57869338989258,41.35597610473633,4395.259765625
2021-08-02,141.84591674804688,273.932861328125,19.70486068725586,236.55667114257812,133.99429321289062,33.76005554199219,34.33047103881836,47.91043472290039,44.47550582885742,41.34114456176758,4387.16015625
2021-08-03,143.63946533203125,276.1449279785156,19.769712448120117,236.5800018310547,135.51889038085938,34.28478240966797,35.673702239990234,48.42631912231445,44.97584533691406,41.31890869140625,4423.14990234375
2021-08-04,143.23977661132812,275.5582580566406,20.2276668548584,236.97332763671875,134.05636596679688,34.0357666015625,35.29103469848633,47.294700622558594,44.66939163208008,41.0519905090332,4402.66015625
2021-08-05,143.3470001220703,278.453125,20.58983612060547,238.2100067138672,135.74929809570312,34.70278549194336,35.189517974853516,47.59425735473633,45.49811553955078,41.000099182128906,4429.10009765625
2021-08-06,142.6636505126953,278.3955078125,20.3194522857666,233.03334045410156,139.6051025390625,35.707759857177734,35.19731903076172,48.1434211730957,45.41679382324219,40.94078063964844,4436.52001953125
2021-08-09,142.61488342285156,277.30865478515625,20.24861717224121,237.9199981689453,139.45440673828125,36.17020797729492,35.907989501953125,47.59425735473633,45.52626037597656,40.866641998291016,4432.35009765625
2021-08-10,142.1365509033203,275.4908447265625,19.890432357788086,236.663330078125,141.16514587402344,36.84613037109375,37.633880615234375,48.40968322753906,46.49570083618164,41.1335563659668,4436.75
2021-08-11,142.3903045654297,275.9814453125,19.653974533081055,235.94000244140625,142.84925842285156,37.3086051940918,36.16570281982422,48.551124572753906,46.91162109375,41.200279235839844,4442.41015625
2021-08-12,145.3482666015625,278.7320861816406,19.85951042175293,240.75,143.4076690673828,37.48646926879883,36.891971588134766,48.44133377075195,46.78607177734375,41.25217056274414,4460.830078125
2021-08-13,145.55328369140625,281.6559143066406,20.141855239868164,239.05667114257812,141.80331420898438,37.024009704589844,37.86035919189453,47.95142364501953,46.9335823059082,41.42270278930664,4468.0
2021-08-16,147.52520751953125,283.3390197753906,19.904403686523438,228.72332763671875,140.8726348876953,36.72163391113281,38.196163177490234,47.25034713745117,47.31651306152344,41.50425338745117,4479.7099609375
2021-08-17,146.61734008789062,281.8771057128906,19.413530349731445,221.90333557128906,139.17074584960938,36.54375457763672,39.37538528442383,46.929378509521484,47.300819396972656,41.65254211425781,4448.080078125
2021-08-18,142.87841796875,280.1521911621094,18.99648666381836,229.663330078125,137.90321350097656,36.27694320678711,38.50853729248047,45.94112777709961,46.79862976074219,41.126136779785156,4400.27001953125
2021-08-19,143.21034240722656,285.9725036621094,19.75275421142578,224.49000549316406,136.75094604492188,35.74332809448242,38.110260009765625,44.53899383544922,47.11563491821289,41.0519905090332,4405.7998046875
2021-08-20,144.66490173339844,293.2862854003906,20.76842498779297,226.75332641601562,137.14097595214844,35.903411865234375,38.04779052734375,44.54744338989258,47.53622817993164,41.1632080078125,4441.669921875
2021-08-23,146.14874267578125,293.5657653808594,21.907817840576172,235.43333435058594,138.89601135253906,36.38367462158203,38.99273681640625,46.380348205566406,47.22235870361328,41.08906555175781,4479.52978515625
2021-08-24,146.0608367919922,291.6096496582031,21.743192672729492,236.163330078125,139.7557830810547,36.89060974121094,37.782257080078125,46.76045608520508,46.735843658447266,40.78508758544922,4486.22998046875
2021-08-25,144.8308563232422,291.0218811035156,22.162233352661133,237.06666564941406,142.63650512695312,37.48646926879883,37.10283660888672,46.844905853271484,46.75468063354492,40.72577667236328,4496.18994140625
2021-08-26,144.03036499023438,288.20806884765625,22.017562866210938,233.72000122070312,143.3722381591797,37.388648986816406,37.00131607055664,46.21141815185547,46.24934005737305,40.481109619140625,4470.0
2021-08-27,145.06515502929688,288.81512451171875,22.58426284790039,237.30667114257812,144.52452087402344,37.788856506347656,36.39217758178711,47.10676193237305,45.98882293701172,40.60715103149414,4509.3701171875
2021-08-30,149.4776153564453,292.54443359375,22.636150360107422,243.6366729736328,142.21107482910156,37.05069351196289,36.517127990722656,46.591514587402344,46.35920333862305,40.60715103149414,4528.7900390625
2021-08-31,148.2183074951172,290.8965759277344,22.337779998779297,245.24000549316406,141.77674865722656,37.1307258605957,35.978271484375,46.05093765258789,46.4847526550293,40.777671813964844,4522.68017578125
2021-09-01,148.88211059570312,290.8483581542969,22.393661499023438,244.69667053222656,141.57286071777344,36.632694244384766,35.95484161376953,45.41743469238281,46.384307861328125,40.733192443847656,4524.08984375
2021-09-02,149.9949951171875,290.1930847167969,22.348756790161133,244.1300048828125,142.22879028320312,36.6684455871582,36.5796012878418,46.52393341064453,46.62913131713867,40.9926872253418,4536.9501953125
2021-09-03,150.6295928955078,290.1834716796875,22.79481315612793,244.52333068847656,141.36900329589844,36.69525909423828,36.5796012878418,46.346561431884766,46.845699310302734,41.09648513793945,4535.43017578125
2021-09-07,152.96273803710938,289.2584228515625,22.61418914794922,250.97332763671875,141.1208038330078,36.93661880493164,36.50931930541992,46.07626724243164,46.22422790527344,40.64421463012695,4520.02978515625
2021-09-08,151.4202880859375,289.2872619628906,22.2918758392334,251.2899932861328,140.49147033691406,36.45390701293945,36.3218879699707,45.6539421081543,46.28385925292969,40.7109489440918,4514.06982421875
2021-09-09,150.405029296875,286.4350280761719,22.130216598510742,251.6199951171875,141.10305786132812,36.58799362182617,35.947025299072266,45.68773651123047,45.95744323730469,40.36247253417969,4493.27978515625
2021-09-10,145.4263458251953,284.9510498046875,22.430578231811523,245.42333984375,139.4810333251953,35.998008728027344,35.60341262817383,45.594818115234375,45.79109573364258,40.206783294677734,4458.580078125
2021-09-13,145.9925537109375,286.1844787597656,22.105270385742188,247.6666717529297,141.69699096679688,36.596923828125,34.81466293334961,46.768898010253906,45.53056335449219,40.495933532714844,4468.72998046875
2021-09-14,144.59657287597656,288.88262939453125,22.19508171081543,248.163330078125,139.2239532470703,35.61363220214844,34.91617965698242,46.10160446166992,45.29202651977539,40.34024429321289,4443.0498046875
2021-09-15,145.48489379882812,293.7295837402344,22.29387092590332,251.94332885742188,140.19012451171875,35.881797790527344,34.963035583496094,47.655784606933594,45.37049102783203,40.458866119384766,4480.7001953125
2021-09-16,145.25064086914062,294.11505126953125,22.19508171081543,252.3300018310547,140.12808227539062,36.15892028808594,34.728759765625,47.14899444580078,45.521148681640625,40.355072021484375,4473.75
2021-09-17,142.58555603027344,288.9596862792969,21.853797912597656,253.163330078125,139.76466369628906,36.20361328125,34.275794982910156,46.591514587402344,45.4269905090332,40.243858337402344,4432.990234375
2021-09-20,139.53981018066406,283.59228515625,21.068458557128906,243.38999938964844,135.58090209960938,34.96106719970703,34.51789093017578,45.349857330322266,44.80238723754883,40.22903060913086,4357.72998046875
2021-09-21,140.0181427001953,284.0741882324219,21.201183319091797,246.4600067138672,135.59866333007812,34.97895050048828,34.299232482910156,45.307621002197266,44.89026641845703,40.05850601196289,4354.18994140625
2021-09-22,142.38058471679688,287.71661376953125,21.894712448120117,250.64666748046875,138.1957244873047,35.881797790527344,34.32266616821289,46.633750915527344,44.78668212890625,40.080753326416016,4395.64013671875
2021-09-23,143.3372802734375,288.6610107421875,22.434568405151367,251.2133331298828,142.866943359375,37.267372131347656,34.51008605957031,48.2132682800293,44.811805725097656,40.347660064697266,4448.97998046875
2021-09-24,143.42510986328125,288.4585876464844,22.034420013427734,258.1300048828125,144.51564025878906,37.66963195800781,34.314842224121094,48.644046783447266,44.93735122680664,40.310585021972656,4455.47998046875
2021-09-27,141.9119873046875,283.4671325683594,21.61431121826172,263.78668212890625,148.00796508789062,38.67081832885742,34.02589416503906,50.08840560913086,44.64858627319336,40.38472366333008,4443.10986328125
2021-09-28,138.53427124023438,273.20452880859375,20.655332565307617,259.1866760253906,147.21023559570312,38.58143997192383,33.611995697021484,50.61209487915039,44.099300384521484,40.15489196777344,4352.6298828125
2021-09-29,139.4324188232422,273.6671447753906,20.473716735839844,260.4366760253906,147.0950164794922,38.500980377197266,33.99466323852539,50.57831954956055,44.08047866821289,40.317996978759766,4359.4599609375
2021-09-30,138.13406372070312,271.66278076171875,20.672292709350586,258.49334716796875,145.09178161621094,37.946754455566406,33.588565826416016,49.68297576904297,43.747764587402344,40.043678283691406,4307.5400390625
2021-10-01,139.25669860839844,278.58160400390625,20.698244094848633,258.40667724609375,148.14096069335938,38.50991439819336,33.526100158691406,51.4652099609375,43.01643753051758,40.2586784362793,4357.0400390625
2021-10-04,135.83018493652344,272.80938720703125,19.69037437438965,260.510009765625,147.9813995361328,38.742332458496094,33.127811431884766,52.13249969482422,42.60212326049805,40.4069709777832,4300.4599609375
2021-10-05,137.75331115722656,278.25396728515625,20.407859802246094,260.1966552734375,150.39794921875,39.52898025512695,33.04971694946289,52.04802703857422,42.8814697265625,40.41438293457031,4345.72021484375
2021-10-06,138.62216186523438,282.44561767578125,20.656333923339844,260.9166564941406,150.718994140625,39.54684829711914,32.815425872802734,51.093563079833984,43.19535827636719,40.4292106628418,4363.5498046875
2021-10-07,139.8814697265625,284.1223449707031,21.030540466308594,264.53668212890625,151.6731414794922,39.43958282470703,33.37771987915039,51.23714828491211,43.70382308959961,40.43671417236328,4399.759765625
2021-10-08,139.500732421875,284.1223449707031,20.78705406188965,261.8299865722656,151.78903198242188,39.636253356933594,33.151248931884766,52.52103805541992,43.83564758300781,39.941566467285156,4391.33984375
2021-10-11,139.41287231445312,283.5249328613281,20.651344299316406,263.9800109863281,148.59671020507812,39.135650634765625,32.8466682434082,51.997344970703125,43.794837951660156,39.146331787109375,4361.18994140625
2021-10-12,138.14381408691406,282.2240295410156,20.627389907836914,268.5733337402344,147.45530700683594,38.921119689941406,32.68267059326172,51.72705078125,43.747764587402344,38.50865936279297,4350.64990234375
2021-10-13,137.55807495117188,285.5291442871094,20.89483070373535,270.3599853515625,143.56739807128906,38.56355667114258,32.346858978271484,51.583473205566406,43.43075942993164,38.523651123046875,4363.7998046875
2021-10-14,140.3402862548828,291.73486328125,21.70012664794922,272.7733459472656,145.7698974609375,40.28881072998047,32.54209899902344,52.3690071105957,43.90156936645508,38.95127868652344,4438.259765625
2021-10-15,141.3946075439453,293.141845703125,21.815879821777344,281.010009765625,148.56991577148438,41.450897216796875,32.401527404785156,52.86735153198242,44.11499786376953,39.21385192871094,4471.3701171875
2021-10-18,143.06390380859375,296.1097412109375,22.175119400024414,290.03668212890625,148.5164794921875,41.37044906616211,32.26877212524414,52.842010498046875,44.469669342041016,38.943782806396484,4486.4599609375
2021-10-19,145.2213134765625,297.0155944824219,22.242979049682617,288.0899963378906,150.3177032470703,41.54923629760742,32.870094299316406,53.6359977722168,45.41444396972656,39.27387619018555,4519.6298828125
2021-10-20,145.70945739746094,296.225341796875,22.056377410888672,288.6000061035156,152.34190368652344,42.094520568847656,33.42457580566406,53.93162536621094,45.82561111450195,40.219146728515625,4536.18994140625
2021-10-21,145.92420959472656,299.45343017578125,22.644128799438477,298.0,151.1470184326172,41.862098693847656,33.47142791748047,52.95181655883789,46.07985305786133,40.05409622192383,4549.77978515625
2021-10-22,145.15301513671875,297.9117126464844,22.678058624267578,303.2266540527344,153.1800994873047,42.52360153198242,33.70570755004883,53.31501388549805,46.56007385253906,39.70900344848633,4544.89990234375
2021-10-25,145.10421752929688,296.9192199707031,23.11713218688965,341.6199951171875,152.43112182617188,42.46995544433594,33.69790267944336,54.35394287109375,47.099937438964844,39.44643020629883,4566.47998046875
2021-10-26,145.76805114746094,298.8271179199219,24.66486167907715,339.4766540527344,152.8412628173828,42.872222900390625,34.018089294433594,55.61249542236328,46.68876647949219,39.82154083251953,4574.7900390625
2021-10-27,145.30923461914062,311.41192626953125,24.399412155151367,345.9533386230469,149.6578369140625,42.04981994628906,33.55732345581055,54.16812515258789,46.305843353271484,39.48393630981445,4551.68017578125
2021-10-28,148.9407196044922,312.549072265625,24.888385772705078,359.0133361816406,151.91392517089844,42.7113151550293,33.7213249206543,54.320159912109375,46.5946044921875,39.61146926879883,4596.419921875
2021-10-29,146.2366180419922,319.55450439453125,25.5130672454834,371.3333435058594,151.49476623535156,42.7113151550293,34.15866470336914,54.45531463623047,46.8990592956543,39.7540168762207,4605.3798828125
2021-11-01,145.4165802001953,317.3863830566406,25.77251434326172,402.86334228515625,151.4145050048828,42.77389907836914,34.080562591552734,55.435123443603516,47.015201568603516,39.72400665283203,4613.669921875
2021-11-02,146.4513702392578,321.0095520019531,26.345308303833008,390.6666564941406,152.0120086669922,42.800716400146484,35.49407958984375,54.75094223022461,46.993221282958984,39.43892288208008,4630.64990234375
2021-11-03,147.8863983154297,321.8479309082031,26.54189109802246,404.6199951171875,152.06549072265625,43.23872756958008,35.0020751953125,53.99919509887695,47.13761520385742,39.71650695800781,4660.56982421875
2021-11-04,147.36900329589844,324.19915771484375,29.738134384155273,409.9700012207031,150.06802368164062,42.309059143066406,34.545162200927734,54.40463638305664,47.48286819458008,38.89875793457031,4680.06005859375
2021-11-05,147.89694213867188,323.8329162597656,29.68923568725586,407.36334228515625,149.85400390625,41.98725128173828,38.29510498046875,54.91987228393555,47.1533088684082,39.19135665893555,4697.52978515625
2021-11-08,147.0757293701172,324.7291259765625,30.739015579223633,387.64666748046875,150.75465393066406,42.317996978759766,38.074520111083984,55.511138916015625,46.85198211669922,39.25886535644531,4701.7001953125
2021-11-09,147.4374237060547,323.7269287109375,30.592327117919922,341.1666564941406,149.6132354736328,41.906795501708984,37.263084411621094,56.05170822143555,47.015201568603516,39.19135665893555,4685.25
2021-11-10,144.61207580566406,318.76434326171875,29.396852493286133,355.98333740234375,149.47059631347656,42.21966552734375,38.618099212646484,54.94746017456055,46.59147262573242,39.461421966552734,4646.7099609375
2021-11-11,144.5631866455078,320.3349914550781,30.32588768005371,354.5033264160156,149.4616241455078,42.452083587646484,39.531951904296875,55.05018615722656,46.610294342041016,39.348899841308594,4649.27001953125
2021-11-12,146.63577270507812,324.4689636230469,30.32588768005371,344.47332763671875,148.79283142089844,41.933616638183594,39.17743682861328,54.6307373046875,46.378028869628906,39.26637649536133,4682.85009765625
2021-11-15,146.64553833007812,323.8425598144531,29.9616641998291,337.7966613769531,148.5253448486328,42.05876922607422,39.114410400390625,55.1015510559082,46.111244201660156,39.31138610839844,4682.7998046875
2021-11-16,147.62319946289062,327.15753173828125,30.139284133911133,351.57666015625,147.45530700683594,42.0855712890625,39.07501983642578,55.657955169677734,44.93735122680664,39.05630874633789,4700.89990234375
2021-11-17,150.05752563476562,327.3794860839844,29.19927215576172,363.0033264160156,146.66165161132812,41.57604217529297,40.07553482055664,55.05018615722656,44.55127716064453,38.80874252319336,4688.669921875
2021-11-18,154.33956909179688,329.45501708984375,31.608182907104492,365.4599914550781,145.39540100097656,41.406211853027344,40.500946044921875,54.45098114013672,44.93421173095703,38.44113540649414,4704.5400390625
2021-11-19,156.95957946777344,331.2313537597656,32.9154167175293,379.0199890136719,143.4960174560547,40.58380126953125,40.020389556884766,51.93430709838867,44.69252395629883,38.15604782104492,4697.9599609375
2021-11-22,157.41912841796875,328.0649108886719,31.888586044311523,385.6233215332031,146.5546417236328,41.37044906616211,40.33551025390625,52.65334701538086,45.442684173583984,38.66619873046875,4682.93994140625
2021-11-23,157.80038452148438,325.9892883300781,31.679027557373047,369.6766662597656,150.05909729003906,42.461021423339844,40.24098205566406,54.04010009765625,45.7659797668457,38.8237419128418,4690.7001953125
2021-11-24,158.31857299804688,326.2113952636719,32.605072021484375,372.0,148.88204956054688,42.577232360839844,40.09128952026367,54.33969497680664,45.99510955810547,38.756221771240234,4701.4599609375
2021-11-26,153.30328369140625,318.26629638671875,31.436542510986328,360.6400146484375,144.3966522216797,40.90560531616211,42.54136276245117,52.430789947509766,45.480350494384766,38.86125183105469,4594.6201171875
2021-11-29,156.65660095214844,324.9757080078125,33.30558776855469,378.9966735839844,143.7724609375,40.75364685058594,41.28087615966797,52.721824645996094,44.76784896850586,38.756221771240234,4655.27001953125
2021-11-30,161.60340881347656,319.14483642578125,32.6070671081543,381.586669921875,141.63232421875,39.75246047973633,42.32865524291992,51.22381591796875,44.14011001586914,37.71342086791992,4567.0
2021-12-01,161.0852508544922,318.6524353027344,31.372528076171875,365.0,140.79409790039062,39.18928527832031,43.07707214355469,51.18101501464844,43.04468536376953,37.33830642700195,4513.0400390625
2021-12-02,160.09786987304688,318.0828552246094,32.06214904785156,361.5333251953125,143.75462341308594,40.321044921875,41.78506088256836,52.45647430419922,42.5205192565918,38.058528900146484,4577.10009765625
2021-12-03,158.2207794189453,311.8271789550781,30.63199806213379,338.3233337402344,141.1507568359375,39.40485382080078,42.754066467285156,52.12262725830078,43.16081619262695,38.576168060302734,4538.43017578125
2021-12-06,161.6229705810547,314.8971862792969,29.977304458618164,336.336669921875,142.81834411621094,39.656368255615234,40.55609893798828,52.7132682800293,43.62849807739258,38.313602447509766,4591.669921875
2021-12-07,167.35191345214844,323.3249206542969,32.36255645751953,350.5833435058594,144.96737670898438,40.15937042236328,40.74516296386719,53.303924560546875,43.487247467041016,38.10353088378906,4686.75
2021-12-08,171.16470336914062,323.3731689453125,31.762754440307617,356.32000732421875,143.3087615966797,39.665340423583984,40.493064880371094,53.458003997802734,43.04782485961914,37.87847137451172,4701.2099609375
2021-12-09,170.6563262939453,321.5679016113281,30.429405212402344,334.6000061035156,143.0858612060547,39.961761474609375,41.02878189086914,53.594966888427734,43.64659118652344,37.63090133666992,4667.4501953125
2021-12-10,175.43698120117188,330.68109130859375,30.13798713684082,339.010009765625,142.51513671875,39.98870086669922,41.580230712890625,53.93737030029297,44.443885803222656,37.653404235839844,4712.02001953125
2021-12-13,171.80992126464844,327.6498107910156,28.105030059814453,322.13665771484375,140.82086181640625,39.144371032714844,43.486717224121094,52.75607681274414,45.24434280395508,37.720924377441406,4668.97021484375
2021-12-14,170.43142700195312,316.9726867675781,28.280685424804688,319.5033264160156,141.8998565673828,39.638404846191406,43.75457763671875,52.67903518676758,45.67607116699219,37.998512268066406,4634.08984375
2021-12-15,175.2903289794922,323.0642395019531,30.398469924926758,325.3299865722656,140.83872985839844,39.46773910522461,46.32281494140625,52.44791793823242,45.93764114379883,37.92348861694336,4709.85009765625
2021-12-16,168.40777587890625,313.6517639160156,28.330581665039062,308.97332763671875,143.041259765625,40.41984939575195,48.25292205810547,52.533512115478516,45.17184829711914,39.57395935058594,4668.669921875
2021-12-17,167.3127899169922,312.58984375,27.74574851989746,310.8566589355469,139.78646850585938,39.41384506225586,46.858516693115234,51.38644790649414,43.725364685058594,39.88905715942383,4620.64013671875
2021-12-20,165.95391845703125,308.83453369140625,27.66391372680664,299.9800109863281,137.2718048095703,38.76713180541992,48.071739196777344,50.6417236328125,43.86719512939453,39.82902908325195,4568.02001953125
2021-12-21,169.12147521972656,315.9590759277344,29.0172176361084,312.84332275390625,139.18898010253906,39.69228744506836,46.440982818603516,51.78877639770508,43.999542236328125,39.59646987915039,4649.22998046875
2021-12-22,171.71218872070312,321.6644592285156,29.341567993164062,336.2900085449219,139.7329864501953,39.773128509521484,46.91366195678711,52.20823287963867,44.05626678466797,39.58897018432617,4696.56005859375
2021-12-23,172.33787536621094,323.1028137207031,29.581092834472656,355.6666564941406,140.23233032226562,39.89888381958008,46.25191116333008,52.23390579223633,43.95856857299805,39.521453857421875,4725.7900390625
2021-12-27,176.29727172851562,330.5942077636719,30.883499145507812,364.64666748046875,141.034912109375,40.096500396728516,46.63793182373047,52.9786376953125,44.358787536621094,39.521453857421875,4791.18994140625
2021-12-28,175.28053283691406,329.4357604980469,30.26173973083496,362.8233337402344,141.462890625,40.150390625,45.700439453125,52.807430267333984,44.99538040161133,39.55145263671875,4786.35009765625
2021-12-29,175.36854553222656,330.11151123046875,29.941373825073242,362.0633239746094,141.3915557861328,40.087501525878906,45.3616943359375,52.34518814086914,44.97331237792969,39.2813835144043,4793.06005859375
2021-12-30,174.21490478515625,327.57257080078125,29.527204513549805,356.7799987792969,141.32020568847656,39.99768829345703,46.007694244384766,52.03702163696289,45.1182861328125,39.198848724365234,4778.72998046875
2021-12-31,173.5989990234375,324.6764221191406,29.352548599243164,352.260009765625,141.20431518554688,39.961761474609375,46.5197639465332,52.37942886352539,45.59729766845703,38.98128128051758,4766.18017578125
2022-01-03,177.93971252441406,323.1607666015625,30.061138153076172,399.9266662597656,144.1915740966797,41.47974395751953,44.6290397644043,54.39105987548828,45.584686279296875,39.341392517089844,4796.56005859375
2022-01-04,175.68136596679688,317.6194763183594,29.231786727905273,383.1966552734375,149.6578369140625,43.10552978515625,42.958892822265625,56.43693542480469,44.74956512451172,40.11412048339844,4793.5400390625
2022-01-05,171.00828552246094,305.4267578125,27.549137115478516,362.7066650390625,146.92178344726562,42.37796401977539,43.825477600097656,57.138851165771484,45.354637145996094,40.52674102783203,4700.580078125
2022-01-06,168.15359497070312,303.0133361816406,28.12200355529785,354.8999938964844,148.48263549804688,43.23127365112305,43.20311737060547,58.482810974121094,45.228580474853516,40.33167266845703,4696.0498046875
2022-01-07,168.31976318359375,303.1678161621094,27.192852020263672,342.32000732421875,149.95388793945312,44.17439270019531,43.896385192871094,58.962162017822266,45.660316467285156,41.18205642700195,4677.02978515625
2022-01-10,168.33935546875,303.3897705078125,27.34554672241211,352.7066650390625,150.09739685058594,43.94984817504883,44.30603790283203,58.611209869384766,45.57208251953125,40.901119232177734,4670.2900390625
2022-01-11,171.16470336914062,304.07525634765625,27.761716842651367,354.79998779296875,150.2499237060547,44.201351165771484,44.66054916381836,61.076515197753906,45.442867279052734,40.68852996826172,4713.06982421875
2022-01-12,171.60464477539062,307.2513732910156,27.943357467651367,368.739990234375,151.1021270751953,43.88697814941406,44.6290397644043,60.89676284790039,45.203369140625,40.582237243652344,4726.35009765625
2022-01-13,168.33935546875,294.24761962890625,26.522184371948242,343.85333251953125,150.91372680664062,43.797149658203125,43.75457763671875,60.46018600463867,45.843109130859375,40.635379791259766,4659.02978515625
2022-01-14,169.19964599609375,299.4607238769531,26.888458251953125,349.8699951171875,141.63807678222656,43.03366470336914,43.28976821899414,61.52165222167969,45.71388626098633,40.45315933227539,4662.85009765625
2022-01-18,166.0027618408203,292.172119140625,25.851518630981445,343.5033264160156,135.69947814941406,41.55160903930664,42.628013610839844,62.55742263793945,44.913448333740234,40.56705093383789,4577.10986328125
2022-01-19,162.51260375976562,292.8285217285156,25.017183303833008,331.8833312988281,133.60032653808594,41.71327590942383,42.17897033691406,62.583106994628906,45.360939025878906,40.62019729614258,4532.759765625
2022-01-20,160.83108520507812,291.158447265625,24.102005004882812,332.0899963378906,132.46104431152344,41.0935173034668,42.580753326416016,62.720069885253906,44.503761291503906,40.544273376464844,4482.72998046875
2022-01-21,158.77806091308594,285.7812805175781,23.32754898071289,314.6333312988281,130.14662170410156,40.34798812866211,41.5881233215332,61.77843475341797,44.179168701171875,40.36205291748047,4397.93994140625
2022-01-24,158.0057373046875,286.1095275878906,23.325551986694336,310.0,130.0299835205078,40.01565170288086,40.60336685180664,62.30919647216797,44.18231964111328,40.2101936340332,4410.1298828125
2022-01-25,156.2068634033203,278.5023193359375,22.279632568359375,306.1333312988281,131.44735717773438,40.80608367919922,41.39117431640625,64.14105987548828,43.22114944458008,40.16464614868164,4356.4501953125
2022-01-26,156.118896484375,286.4377746582031,22.726743698120117,312.4700012207031,132.69427490234375,41.22824478149414,41.761436462402344,63.49045944213867,42.779964447021484,38.737247467041016,4349.93017578125
2022-01-27,155.65936279296875,289.4593811035156,21.9003849029541,276.3666687011719,130.3529510498047,40.84201431274414,42.36471939086914,64.30369567871094,42.808319091796875,38.86631774902344,4326.509765625
2022-01-28,166.52093505859375,297.5879211425781,22.79460906982422,282.1166687011719,131.5191192626953,41.201297760009766,43.12676239013672,64.44063568115234,43.337745666503906,40.16464614868164,4431.85009765625
2022-01-31,170.87139892578125,300.2137145996094,24.43733787536621,312.239990234375,133.3043212890625,41.443824768066406,41.82493591308594,65.02273559570312,44.059410095214844,40.415199279785156,4515.5498046875
2022-02-01,170.7052001953125,298.070556640625,24.589035034179688,310.4166564941406,135.59185791015625,42.16239547729492,42.126583099365234,69.1915283203125,44.406070709228516,40.39242172241211,4546.5400390625
2022-02-02,171.9076690673828,302.6078186035156,25.19183349609375,301.88665771484375,134.50634765625,42.11748504638672,42.7536735534668,69.01175689697266,44.38716506958008,40.84797668457031,4589.3798828125
2022-02-03,169.03346252441406,290.820556640625,23.900409698486328,297.0466613769531,133.39398193359375,41.704307556152344,42.372657775878906,68.20709228515625,44.431278228759766,40.84038543701172,4477.43994140625
2022-02-04,168.74957275390625,295.34814453125,24.27066993713379,307.7733459472656,136.85667419433594,43.36600875854492,42.071014404296875,69.68801879882812,43.90815734863281,40.47593307495117,4500.52978515625
2022-02-07,168.03500366210938,290.5309753417969,24.678857803344727,302.4466552734375,137.314208984375,43.572608947753906,42.23771286010742,70.52689361572266,43.47641372680664,40.24057388305664,4483.8701171875
2022-02-08,171.1381072998047,294.01593017578125,25.058101654052734,307.3333435058594,139.8977508544922,44.35404586791992,41.03908157348633,68.7035903930664,43.485870361328125,40.103904724121094,4521.5400390625
2022-02-09,172.5574493408203,300.43572998046875,26.651931762695312,310.6666564941406,140.48085021972656,44.264225006103516,40.85651779174805,68.37471008300781,43.39133071899414,40.62019729614258,4587.18017578125
2022-02-10,168.4852752685547,291.9114074707031,25.772676467895508,301.51666259765625,139.8977508544922,44.05763244628906,40.16590881347656,67.71692657470703,42.88394546508789,40.270938873291016,4504.080078125
2022-02-11,165.07875061035156,284.8255615234375,23.90140724182129,286.6666564941406,138.0767059326172,43.04264450073242,40.308799743652344,69.4219741821289,42.64760208129883,40.4835319519043,4418.64013671875
2022-02-14,165.31370544433594,284.7869873046875,24.218774795532227,291.9200134277344,136.79388427734375,42.59354019165039,39.53087615966797,68.35740661621094,42.212711334228516,40.44557189941406,4401.669921875
2022-02-15,169.14112854003906,290.067626953125,26.442344665527344,307.4766540527344,138.79432678222656,42.925880432128906,39.5229377746582,67.50054931640625,42.34507369995117,40.5139045715332,4471.06982421875
2022-02-16,168.9061737060547,289.7289733886719,26.458311080932617,307.7966613769531,139.0455322265625,42.82707977294922,39.43562698364258,67.8121337890625,42.08035659790039,40.544273376464844,4475.009765625
2022-02-17,165.31370544433594,281.24505615234375,24.458297729492188,292.1166687011719,135.84298706054688,41.38093948364258,38.81646728515625,67.70826721191406,43.76634216308594,40.680938720703125,4380.259765625
2022-02-18,163.7670440673828,278.53643798828125,23.595008850097656,285.6600036621094,136.47991943359375,41.282135009765625,38.52275848388672,66.95527648925781,43.485870361328125,40.870758056640625,4348.8701171875
2022-02-22,160.8500213623047,278.3333435058594,23.34351348876953,273.84332275390625,136.23773193359375,40.92285919189453,37.728965759277344,66.17633056640625,43.000553131103516,40.92390441894531,4304.759765625
2022-02-23,156.6897430419922,271.1263122558594,22.342500686645508,254.67999267578125,133.3850555419922,40.22224426269531,37.205055236816406,66.44464111328125,42.559364318847656,40.55186080932617,4225.5
2022-02-24,159.30335998535156,284.9791564941406,23.700803756713867,266.92333984375,129.67117309570312,39.1623420715332,36.48271942138672,65.6051025390625,42.39548873901367,39.92926788330078,4288.7001953125
2022-02-25,161.36878967285156,287.61041259765625,24.108989715576172,269.9566650390625,132.73912048339844,40.43780517578125,37.87978744506836,67.37071990966797,42.978492736816406,41.090938568115234,4384.64990234375
2022-02-28,161.63311767578125,289.0421447753906,24.33653450012207,290.1433410644531,127.20423889160156,39.701271057128906,37.26062774658203,67.8727035522461,42.59402847290039,40.749271392822266,4373.93994140625
2022-03-01,159.75364685058594,285.3274841308594,23.430341720581055,288.1233215332031,122.40492248535156,38.1473503112793,36.316017150878906,68.52183532714844,42.8556022644043,40.70372009277344,4306.259765625
2022-03-02,163.04266357421875,290.3964538574219,24.175981521606445,293.2966613769531,124.94358825683594,38.76713180541992,37.863914489746094,69.69894409179688,42.9091682434082,41.10612869262695,4386.5400390625
2022-03-03,162.71966552734375,286.26580810546875,23.67090606689453,279.7633361816406,124.0555191040039,38.35193634033203,37.96710205078125,70.14034271240234,43.89555358886719,41.50093460083008,4363.490234375
2022-03-04,159.72425842285156,280.4034423828125,22.894317626953125,279.42999267578125,120.56592559814453,36.96190643310547,38.618019104003906,72.78010559082031,45.00798034667969,41.84259796142578,4328.8701171875
2022-03-07,155.93601989746094,269.8107604980469,21.313194274902344,268.1933288574219,115.91014862060547,34.60609436035156,38.0861701965332,75.40258026123047,44.64557647705078,41.516117095947266,4201.08984375
2022-03-08,154.11529541015625,266.8505859375,21.474903106689453,274.79998779296875,115.09381866455078,34.83173751831055,37.65752410888672,75.97381591796875,43.722225189208984,40.430389404296875,4170.7001953125
2022-03-09,159.5089111328125,279.0878601074219,22.97217559814453,286.3233337402344,119.70475006103516,37.04314422607422,38.6973876953125,71.65495300292969,43.949127197265625,40.30131912231445,4277.8798828125
2022-03-10,155.17245483398438,276.2727966308594,22.6168212890625,279.4333190917969,118.28738403320312,36.709171295166016,39.054603576660156,73.8792953491211,44.94810104370117,40.415199279785156,4259.52001953125
2022-03-11,151.46250915527344,270.932861328125,22.05984115600586,265.1166687011719,115.62310028076172,36.40229034423828,39.903953552246094,73.49848937988281,44.771629333496094,40.270938873291016,4204.31005859375
2022-03-14,147.4392852783203,267.4213562011719,21.291236877441406,255.4566650390625,116.77130889892578,37.187557220458984,41.475669860839844,70.86735534667969,45.395606994628906,39.86094284057617,4173.10986328125
2022-03-15,151.81491088867188,277.7818298339844,22.93124771118164,267.2966613769531,118.84356689453125,37.45833969116211,41.44391632080078,66.83411407470703,45.940792083740234,40.05835723876953,4262.4501953125
2022-03-16,156.21986389160156,284.7857360839844,24.45148277282715,280.07666015625,124.1541976928711,38.63173294067383,42.007511138916016,66.5831069946289,45.8052864074707,39.85335159301758,4357.85986328125
2022-03-17,157.2281036376953,285.588623046875,24.72099494934082,290.5333251953125,125.72406768798828,38.83932876586914,43.05531692504883,68.35740661621094,45.87488555908203,39.75465393066406,4411.669921875
2022-03-18,160.51719665527344,290.628662109375,26.40492820739746,301.7966613769531,125.67921447753906,38.72199630737305,43.26963806152344,68.0890884399414,46.01091384887695,38.570213317871094,4463.1201171875
2022-03-21,161.8876190185547,289.4001159667969,26.685415267944336,307.0533447265625,125.27554321289062,38.66783905029297,43.015628814697266,71.14429473876953,45.62812805175781,38.797977447509766,4461.18017578125
2022-03-22,165.25498962402344,294.14019775390625,26.47579574584961,331.32666015625,127.93983459472656,39.877342224121094,42.10276794433594,70.8327407836914,45.492088317871094,38.72206115722656,4511.60986328125
2022-03-23,166.6156005859375,289.71929931640625,25.587419509887695,333.03668212890625,125.39214324951172,38.893489837646484,41.428035736083984,71.94921875,44.906829833984375,38.69929122924805,4456.240234375
2022-03-24,170.3941192626953,294.1789855957031,28.098838806152344,337.97332763671875,126.20848846435547,38.87543487548828,41.745548248291016,72.16560363769531,45.185218811035156,38.72206115722656,4520.16015625
2022-03-25,171.03036499023438,293.7725830078125,27.641674041748047,336.8800048828125,127.3118896484375,39.471168518066406,41.8963737487793,73.74081420898438,45.38135528564453,38.93464660644531,4543.06005859375
2022-03-28,171.89181518554688,300.5635986328125,28.16771697998047,363.9466552734375,126.36994934082031,39.308692932128906,42.293277740478516,71.67227935791016,46.18807601928711,38.85113525390625,4575.52001953125
2022-03-29,175.1808319091797,305.1199645996094,28.60392189025879,366.5233459472656,126.64805603027344,39.209407806396484,41.86463165283203,71.29145050048828,46.57719802856445,38.91187286376953,4631.60009765625
2022-03-30,174.0159912109375,303.6204833984375,27.63968276977539,364.663330078125,126.07393646240234,38.812259674072266,41.62648391723633,72.51179504394531,47.41238021850586,39.18520736694336,4602.4501953125
2022-03-31,170.92271423339844,298.2516174316406,27.23641586303711,359.20001220703125,122.2883071899414,37.20560836791992,41.09465408325195,71.48184967041016,47.111839294433594,38.67649841308594,4530.41015625
2022-04-01,170.6290740966797,299.32537841796875,26.663454055786133,361.5299987792969,121.38226318359375,36.916778564453125,40.935890197753906,71.9405746459961,47.77301025390625,39.57242202758789,4545.85986328125
2022-04-04,174.67181396484375,304.6943664550781,27.310274124145508,381.8166809082031,121.92049407958984,36.85359573364258,40.43579864501953,71.97521209716797,47.78251266479492,39.83057403564453,4582.64013671875
2022-04-05,171.36322021484375,300.73779296875,25.883872985839844,363.7533264160156,120.50165557861328,36.23078918457031,40.6739387512207,71.60302734375,47.91854476928711,40.07353591918945,4525.1201171875
2022-04-06,168.20138549804688,289.7289733886719,24.36264419555664,348.586669921875,118.82978820800781,35.83364486694336,41.96782302856445,72.3992919921875,49.03211975097656,40.39242172241211,4481.14990234375
2022-04-07,168.50486755371094,291.5379333496094,24.164005279541016,352.4200134277344,118.46829986572266,35.5538330078125,43.78560256958008,73.61100006103516,49.5224723815918,40.47695541381836,4500.2099609375
2022-04-08,166.49815368652344,287.281494140625,23.076980590820312,341.8299865722656,120.63723754882812,35.80656433105469,43.79354476928711,75.16024780273438,49.79770278930664,41.13785934448242,4488.27978515625
2022-04-11,162.24981689453125,275.95355224609375,21.877166748046875,325.30999755859375,120.19440460205078,35.73435592651367,42.80923843383789,72.57241821289062,48.810665130615234,41.42221450805664,4412.52978515625
2022-04-12,164.11949157714844,272.85797119140625,21.464920043945312,328.98333740234375,118.87496185302734,35.35526657104492,42.158329010009766,74.0870132446289,48.475337982177734,41.24546432495117,4397.4501953125
2022-04-13,166.8015899658203,278.2365417480469,22.162649154663086,340.7900085449219,115.043212890625,35.03934860229492,42.15039825439453,75.13427734375,49.73759841918945,41.60665512084961,4446.58984375
2022-04-14,161.7994842529297,270.70068359375,21.2193660736084,328.3333435058594,113.97681427001953,33.91108322143555,42.16626739501953,76.01709747314453,49.69330596923828,41.36842346191406,4392.58984375
2022-04-18,161.58416748046875,271.36822509765625,21.7434139251709,334.7633361816406,116.0915298461914,35.06642150878906,41.15021896362305,76.64025115966797,49.31367874145508,41.0302734375,4391.68994140625
2022-04-19,163.8649444580078,275.9922790527344,22.15765953063965,342.7166748046875,118.49540710449219,35.71630096435547,39.83252716064453,75.9565200805664,49.87362289428711,41.30693817138672,4462.2099609375
2022-04-20,163.6985321044922,277.0176696777344,21.442960739135742,325.73333740234375,118.9111328125,35.79753875732422,39.49119567871094,76.12960052490234,50.50001525878906,41.814151763916016,4459.4501953125
2022-04-21,162.90565490722656,271.64874267578125,20.14632225036621,336.260009765625,117.98934173583984,35.12057876586914,38.98316955566406,75.32469177246094,50.57594680786133,42.27524185180664,4393.66015625
2022-04-22,158.3734130859375,265.08990478515625,19.479534149169922,335.01666259765625,114.60039520263672,33.90205764770508,38.20524597167969,73.68023681640625,49.62370681762695,39.89289093017578,4271.77978515625
2022-04-25,159.4404296875,271.56170654296875,19.865829467773438,332.67333984375,114.56424713134766,33.65835189819336,38.85615921020508,71.19624328613281,49.649017333984375,38.64023971557617,4296.1201171875
2022-04-26,153.48883056640625,261.40423583984375,18.75385093688965,292.1400146484375,111.17530822753906,32.90016174316406,38.919654846191406,71.22220611572266,49.130191802978516,37.97164535522461,4175.2001953125
2022-04-27,153.26365661621094,273.98016357421875,18.381532669067383,293.836669921875,109.72936248779297,32.719635009765625,39.483253479003906,73.25613403320312,48.794857025146484,37.2415657043457,4183.9599609375
2022-04-28,160.18435668945312,280.1810302734375,19.746049880981445,292.5033264160156,111.4645004272461,33.22509765625,40.09446716308594,75.47181701660156,49.41807556152344,37.195457458496094,4287.5
2022-04-29,154.32083129882812,268.4660339355469,18.51329231262207,290.2533264160156,107.8676986694336,32.20515441894531,38.951412200927734,73.78411102294922,48.39940643310547,35.581607818603516,4131.93017578125
2022-05-02,154.62432861328125,275.18939208984375,19.49750518798828,300.9800109863281,108.85274505615234,32.62034225463867,38.37194061279297,74.78807830810547,48.07988357543945,35.52781295776367,4155.3798828125
2022-05-03,156.11219787597656,272.58709716796875,19.566373825073242,303.0833435058594,111.18434143066406,33.51393127441406,39.12604522705078,76.32867431640625,48.247554779052734,36.25019073486328,4175.47998046875
2022-05-04,162.5141143798828,280.5195617675781,20.297046661376953,317.5400085449219,114.86247253417969,34.85881805419922,39.41973876953125,79.36659240722656,48.91507339477539,37.172401428222656,4300.169921875
2022-05-05,153.4594268798828,268.3016357421875,18.809755325317383,291.09332275390625,111.9886474609375,33.884002685546875,38.459259033203125,78.16353607177734,48.49596405029297,36.76509475708008,4146.8701171875
2022-05-06,154.18484497070312,265.7671203613281,18.641063690185547,288.54998779296875,111.80789947509766,33.802772521972656,38.92759323120117,79.3579330444336,47.48629379272461,37.095550537109375,4123.33984375
2022-05-09,149.0675811767578,255.9482421875,16.919198989868164,262.3699951171875,110.12699127197266,32.82794952392578,38.61007308959961,73.10033416748047,48.04193878173828,37.364524841308594,3991.239990234375
2022-05-10,151.4693603515625,260.7076721191406,17.563024520874023,266.67999267578125,107.44295501708984,32.27735137939453,39.28480529785156,73.58502197265625,47.365638732910156,36.98796081542969,4001.050048828125
2022-05-11,143.61700439453125,252.04969787597656,16.599773406982422,244.6666717529297,106.76516723632812,32.105857849121094,39.253047943115234,75.11697387695312,46.87031936645508,36.79583740234375,3935.179931640625
2022-05-12,139.75454711914062,247.01937866210938,16.145601272583008,242.6666717529297,106.67479705810547,31.65455436706543,40.325408935546875,75.45797729492188,46.82587814331055,36.93416213989258,3930.080078125
2022-05-13,144.2150115966797,252.60110473632812,17.673824310302734,256.5299987792969,107.6236801147461,31.74481773376465,39.94928741455078,77.69636535644531,47.006858825683594,37.02638244628906,4023.889892578125
2022-05-16,142.6759033203125,252.96873474121094,17.23262596130371,241.4566650390625,106.87361907958984,31.419883728027344,40.54949188232422,79.5237808227539,47.05765151977539,37.68730545043945,4008.010009765625
2022-05-17,146.30307006835938,258.1152038574219,18.143964767456055,253.8699951171875,110.41619110107422,32.484962463378906,41.08565902709961,80.53804779052734,41.70448303222656,37.610450744628906,4088.85009765625
2022-05-18,138.0487823486328,246.36322021484375,16.90721893310547,236.60333251953125,108.52741241455078,31.483055114746094,40.33340835571289,79.26148223876953,38.872344970703125,37.57202911376953,3923.679931640625
2022-05-19,134.6470947265625,245.45184326171875,17.092878341674805,236.47332763671875,106.9188003540039,31.094932556152344,40.533477783203125,79.6899185180664,37.805511474609375,37.73340606689453,3900.7900390625
2022-05-20,134.88235473632812,244.8894500732422,16.663660049438477,221.3000030517578,106.04217529296875,30.562395095825195,41.98996353149414,80.3194580078125,37.846797943115234,38.06385803222656,3901.360107421875
2022-05-23,140.29371643066406,252.7337646484375,16.867292404174805,224.96665954589844,112.6031723022461,32.376644134521484,42.31806945800781,82.09442138671875,38.92631530761719,38.17145538330078,3973.75
2022-05-24,137.59783935546875,251.7349853515625,16.124643325805664,209.3866729736328,114.1937026977539,32.178070068359375,42.74221420288086,82.54036712646484,39.412105560302734,38.9476432800293,3941.47998046875
2022-05-25,137.7546844482422,254.54693603515625,16.944154739379883,219.60000610351562,114.98899841308594,32.34956359863281,42.98229217529297,84.20165252685547,39.1707878112793,39.37800216674805,3978.72998046875
2022-05-26,140.95054626464844,257.8243103027344,17.81855583190918,235.91000366210938,116.97716522216797,33.098724365234375,43.20637130737305,84.49893951416016,40.005828857421875,39.185874938964844,4057.840087890625
2022-05-27,146.69520568847656,264.94134521484375,18.776817321777344,253.2100067138672,118.6309814453125,33.41464614868164,43.14234161376953,85.32958984375,40.79325866699219,39.50095748901367,4158.240234375
2022-05-31,145.91094970703125,263.61297607421875,18.63806915283203,252.75332641601562,119.49854278564453,33.57711410522461,42.446109771728516,83.93934631347656,40.840877532958984,39.41642761230469,4132.14990234375
2022-06-01,145.78353881835938,264.1462707519531,18.28670310974121,246.7899932861328,117.40193176269531,33.098724365234375,41.90993118286133,85.54818725585938,39.83120346069336,39.50095748901367,4101.22998046875
2022-06-02,148.23431396484375,266.24066162109375,19.556394577026367,258.3333435058594,119.29068756103516,33.31660461425781,42.15800857543945,85.39952850341797,40.485267639160156,39.41642761230469,4176.81982421875
2022-06-03,142.51905822753906,261.81915283203125,18.685976028442383,234.51666259765625,117.62783813476562,32.85363006591797,42.574161529541016,86.6411361694336,39.78993606567383,39.047542572021484,4108.5400390625
2022-06-06,143.26409912109375,260.58770751953125,18.751855850219727,238.27999877929688,117.2392349243164,32.81731414794922,42.62217712402344,86.42255401611328,39.64705276489258,39.37800216674805,4121.43017578125
2022-06-07,145.78353881835938,264.2238464355469,18.891603469848633,238.8866729736328,117.5465316772461,32.99887466430664,43.18235397338867,90.38343811035156,39.1707878112793,39.693084716796875,4160.68017578125
2022-06-08,145.04827880859375,262.1972961425781,18.618045806884766,241.86666870117188,115.67581939697266,32.581275939941406,42.790225982666016,91.45018005371094,38.83106231689453,39.616233825683594,4115.77001953125
2022-06-09,139.83294677734375,256.74798583984375,18.019010543823242,239.7066650390625,113.24481964111328,31.328500747680664,41.437774658203125,89.47410583496094,38.42464828491211,39.14744567871094,4017.820068359375
2022-06-10,134.431396484375,245.306396484375,16.946739196777344,232.22999572753906,108.0394058227539,30.112037658691406,39.98929214477539,87.83901977539062,38.640560150146484,39.05522918701172,3900.860107421875
2022-06-13,129.28472900390625,234.90225219726562,15.621866226196289,215.73666381835938,104.82218170166016,29.06806182861328,38.34075164794922,83.80818939208984,37.91347122192383,38.10996627807617,3749.6298828125
2022-06-14,130.14739990234375,237.06454467773438,15.810563087463379,220.88999938964844,103.07799530029297,28.55968475341797,38.348751068115234,84.02677917480469,37.929344177246094,37.779518127441406,3735.47998046875
2022-06-15,132.76483154296875,244.11370849609375,16.500452041625977,233.0,104.29800415039062,29.095293045043945,38.82090377807617,82.96879577636719,37.90393829345703,37.77183532714844,3789.989990234375
2022-06-16,127.5005111694336,237.52996826171875,15.57593822479248,213.10000610351562,102.50865173339844,28.913734436035156,37.99663543701172,79.90850830078125,38.29764938354492,37.533599853515625,3666.77001953125
2022-06-17,128.9710235595703,240.12855529785156,15.854491233825684,216.75999450683594,102.14716339111328,28.977275848388672,37.23638916015625,75.30059051513672,37.557861328125,37.67961883544922,3674.840087890625
2022-06-21,133.19619750976562,246.03359985351562,16.539392471313477,237.0366668701172,104.67758178710938,29.821537017822266,38.50080108642578,79.98719787597656,38.78978729248047,38.924583435058594,3764.7900390625
2022-06-22,132.68646240234375,245.44215393066406,16.33371925354004,236.086669921875,104.09014892578125,29.594585418701172,39.2690544128418,76.82198333740234,38.319881439208984,39.03217697143555,3759.889892578125
2022-06-23,135.54896545410156,250.99807739257812,16.19893455505371,235.07000732421875,102.95146942138672,29.122522354125977,40.0853271484375,74.50492095947266,39.25017547607422,40.03123092651367,3795.72998046875
2022-06-24,138.87228393554688,259.56964111328125,17.098485946655273,245.7066650390625,106.02410125732422,29.331327438354492,41.28572463989258,75.98259735107422,39.28192138671875,39.162818908691406,3911.739990234375
2022-06-27,138.87228393554688,256.8450012207031,16.841901779174805,244.9199981689453,105.17461395263672,29.367631912231445,41.517799377441406,77.84500885009766,39.40892791748047,39.162818908691406,3900.110107421875
2022-06-28,134.7353057861328,248.6903839111328,15.956327438354492,232.663330078125,104.66854095458984,29.285926818847656,40.54147720336914,80.00469970703125,38.85328674316406,38.7785758972168,3821.550048828125
2022-06-29,136.49005126953125,252.35562133789062,15.517034530639648,228.49000549316406,104.19861602783203,28.922805786132812,40.76555252075195,77.04932403564453,38.71040725708008,39.14744567871094,3818.830078125
2022-06-30,134.0294952392578,249.02972412109375,15.134651184082031,224.47332763671875,101.7676010131836,28.260108947753906,41.95795822143555,74.88088989257812,38.602455139160156,39.00143814086914,3785.3798828125
2022-07-01,136.1959991455078,251.6962127685547,14.499672889709473,227.26333618164062,103.0689697265625,28.65046501159668,41.86191940307617,76.55094909667969,38.93584060668945,39.685401916503906,3825.330078125
2022-07-05,138.77423095703125,254.86691284179688,14.939961433410645,233.06666564941406,102.67693328857422,28.359966278076172,41.325740814208984,74.15516662597656,39.450191497802734,39.51633071899414,3831.389892578125
2022-07-06,140.10745239257812,258.1248474121094,15.105698585510254,231.73333740234375,102.01136016845703,28.12393569946289,42.21404266357422,72.81736755371094,39.729610443115234,39.58549880981445,3845.080078125
2022-07-07,143.46994018554688,260.2483825683594,15.832526206970215,244.5433349609375,104.59152221679688,28.922805786132812,42.750205993652344,75.14320373535156,39.78993606567383,39.46099090576172,3902.6201171875
2022-07-08,144.14634704589844,259.5308837890625,15.812557220458984,250.76333618164062,104.26332092285156,28.859264373779297,42.550140380859375,75.2656021118164,39.81533432006836,39.289794921875,3899.3798828125
2022-07-11,142.01907348632812,256.47650146484375,15.127660751342773,234.3433380126953,102.8957290649414,28.55968475341797,42.326072692871094,74.88088989257812,39.83120346069336,39.297576904296875,3854.429931640625
2022-07-12,142.98959350585938,245.9656982421875,15.05777359008789,233.07000732421875,102.99604034423828,28.468904495239258,41.645851135253906,73.88412475585938,39.7105598449707,39.51546096801758,3818.800048828125
2022-07-13,142.62693786621094,245.0445556640625,15.139642715454102,237.0399932861328,102.02962493896484,27.996841430664062,41.44578552246094,74.18141174316406,39.80580139160156,39.30535125732422,3801.780029296875
2022-07-14,145.54823303222656,246.36322021484375,15.347307205200195,238.31333923339844,98.46483612060547,27.352294921875,41.125675201416016,72.69497680664062,40.58369827270508,39.289794921875,3790.3798828125
2022-07-15,147.21475219726562,248.92308044433594,15.73668098449707,240.06666564941406,102.97777557373047,29.27685546875,41.41377258300781,73.91908264160156,40.98058319091797,39.70222473144531,3863.159912109375
2022-07-18,144.17578125,246.52810668945312,16.07513999938965,240.54666137695312,101.92021179199219,29.285926818847656,40.61349868774414,75.28308868408203,40.88532638549805,39.126373291015625,3830.85009765625
2022-07-19,148.02845764160156,251.6477508544922,16.964704513549805,245.52999877929688,104.44564056396484,30.27544403076172,41.10966491699219,77.18045806884766,41.13615798950195,39.258663177490234,3936.68994140625
2022-07-20,150.02830505371094,254.30450439453125,17.778396606445312,247.5,104.42742156982422,30.284521102905273,40.669517517089844,78.02861022949219,41.479061126708984,38.18478775024414,3959.89990234375
2022-07-21,152.2928466796875,256.7964782714844,18.02100372314453,271.7066650390625,105.13854217529297,30.547786712646484,40.90959930419922,76.72579956054688,42.08551025390625,37.08757781982422,3998.949951171875
2022-07-22,151.05767822265625,252.45254516601562,17.291183471679688,272.24334716796875,104.62799072265625,30.348072052001953,40.99763870239258,76.13998413085938,41.977542877197266,34.58964538574219,3961.6298828125
2022-07-25,149.9400634765625,250.96900939941406,16.996654510498047,268.4333190917969,105.04737854003906,30.62040901184082,41.429779052734375,78.67565155029297,41.917236328125,34.830875396728516,3966.840087890625
2022-07-26,148.61666870117188,244.2494659423828,16.506444931030273,258.8599853515625,103.40629577636719,30.003101348876953,41.85391616821289,78.36962890625,38.72945785522461,34.955387115478516,3921.050048828125
2022-07-27,153.70452880859375,260.5780029296875,17.76142120361328,274.82000732421875,105.06559753417969,30.493316650390625,41.573829650878906,80.06587982177734,40.19316482543945,34.94760513305664,4023.610107421875
2022-07-28,154.2534942626953,268.01513671875,17.955110549926758,280.8999938964844,104.6735610961914,30.248205184936523,40.90445327758789,81.00146484375,41.19649124145508,35.44562911987305,4072.429931640625
2022-07-29,159.31195068359375,272.2136535644531,18.13382339477539,297.1499938964844,105.17501068115234,30.693038940429688,40.73509216308594,84.75250244140625,41.92675018310547,35.943660736083984,4130.2900390625
2022-08-01,158.3316192626953,269.5664978027344,18.411376953125,297.27667236328125,104.12653350830078,30.602256774902344,40.815731048583984,82.61030578613281,42.08232879638672,35.99812698364258,4118.6298828125
2022-08-02,156.86111450195312,266.4734191894531,18.496238708496094,300.586669921875,102.50370025634766,29.994022369384766,40.07377624511719,82.25181579589844,42.12678146362305,35.2822151184082,4091.18994140625
2022-08-03,162.86070251464844,273.8909912109375,18.862651824951172,307.39666748046875,103.57952117919922,30.538707733154297,40.21086883544922,79.58499908447266,41.434608459472656,35.27442932128906,4155.169921875
2022-08-04,162.5469970703125,275.03515625,19.18413543701172,308.6333312988281,102.43987274169922,30.32083511352539,40.21086883544922,76.23615264892578,39.86930847167969,34.57408905029297,4151.93994140625
2022-08-05,162.32122802734375,274.3176574707031,18.958494186401367,288.1700134277344,105.53970336914062,30.829206466674805,39.73505783081055,77.33787536621094,40.18998336791992,34.978736877441406,4145.18994140625
2022-08-08,161.85000610351562,271.80633544921875,17.764415740966797,290.42333984375,104.2541732788086,30.402544021606445,39.97698974609375,77.77505493164062,40.517024993896484,34.6596794128418,4140.06005859375
2022-08-09,161.8990936279297,273.72613525390625,17.058557510375977,283.3333435058594,105.19324493408203,30.792890548706055,40.1463623046875,79.20901489257812,40.91708755493164,34.768619537353516,4122.47021484375
2022-08-10,166.1399688720703,280.3778991699219,18.067928314208984,294.3566589355469,107.9375,31.836872100830078,40.2834587097168,79.96097564697266,41.00279998779297,34.89312744140625,4210.240234375
2022-08-11,165.4037322998047,278.3028564453125,17.913177490234375,286.6300048828125,109.53299713134766,32.59943771362305,38.94470977783203,82.27407836914062,41.398231506347656,34.846431732177734,4207.27001953125
2022-08-12,168.94760131835938,283.0443115234375,18.6789493560791,300.0299987792969,111.34728240966797,32.9534797668457,40.41249465942383,82.98918914794922,42.1635627746582,35.134368896484375,4280.14990234375
2022-08-15,170.0176239013672,284.5569763183594,19.001426696777344,309.32000732421875,111.64816284179688,32.908084869384766,40.122169494628906,81.50598907470703,42.28474807739258,35.45341873168945,4297.14013671875
2022-08-16,169.86053466796875,283.8199768066406,18.84867286682129,306.5633239746094,112.71485900878906,33.26213455200195,40.21086883544922,80.74671173095703,44.44362258911133,35.640174865722656,4305.2001953125
2022-08-17,171.3526611328125,283.0718688964844,18.3055477142334,303.9966735839844,111.76668548583984,33.05333709716797,39.73505783081055,81.4000244140625,44.491458892822266,35.2822151184082,4274.0400390625
2022-08-18,170.96002197265625,281.95440673828125,18.742847442626953,302.8699951171875,110.90055847167969,32.935325622558594,39.17859649658203,83.32466888427734,44.34795379638672,34.38732147216797,4283.740234375
2022-08-19,168.37815856933594,278.0482177734375,17.820329666137695,296.6666564941406,108.15631866455078,32.209075927734375,39.638282775878906,83.05982208251953,43.69423294067383,34.56629943847656,4228.47998046875
2022-08-22,164.5005645751953,269.88604736328125,17.006637573242188,289.913330078125,106.36935424804688,31.519140243530273,39.436668395996094,82.9980239868164,42.91295623779297,34.37174987792969,4137.990234375
2022-08-23,164.166748046875,268.6131591796875,17.153400421142578,296.4533386230469,105.32087707519531,31.23772621154785,38.71889114379883,86.52066040039062,42.731178283691406,33.8270378112793,4128.72998046875
2022-08-24,164.4613037109375,267.9815368652344,17.1943359375,297.0966796875,105.57616424560547,31.33757972717285,38.25114822387695,87.03269958496094,43.04051971435547,33.88928985595703,4140.77001953125
2022-08-25,166.9154815673828,270.9549255371094,17.88422966003418,296.07000732421875,108.0833740234375,31.900428771972656,38.63018798828125,87.48296356201172,43.327510833740234,34.03715133666992,4199.1201171875
2022-08-26,160.62290954589844,260.49957275390625,16.233884811401367,288.0899963378906,104.54592895507812,30.89275550842285,37.75919723510742,86.4058837890625,41.96585464477539,33.655845642089844,4057.659912109375
2022-08-29,158.4239501953125,257.7205505371094,15.775618553161621,284.82000732421875,104.2906494140625,30.774744033813477,37.28336715698242,88.39231872558594,42.3740234375,33.71809387207031,4030.610107421875
2022-08-30,155.99917602539062,255.5244903564453,15.443155288696289,277.70001220703125,104.30889892578125,30.94722557067871,36.976905822753906,85.02859497070312,42.24647903442383,33.095558166503906,3986.159912109375
2022-08-31,154.34014892578125,254.0669708251953,15.069754600524902,275.6099853515625,103.68892669677734,30.511476516723633,36.476890563964844,84.39293670654297,42.268798828125,32.5352783203125,3955.0
2022-09-01,155.0666046142578,253.0272216796875,13.914610862731934,277.1600036621094,104.40005493164062,30.584579467773438,37.60596466064453,82.87442779541016,42.88425827026367,32.5352783203125,3966.85009765625
2022-09-02,152.95596313476562,248.8101348876953,13.625076293945312,270.2099914550781,103.67069244384766,30.54802894592285,36.85594940185547,84.39293670654297,42.412296295166016,32.1384162902832,3924.260009765625
2022-09-06,151.6994171142578,246.07969665527344,13.443371772766113,274.4200134277344,103.69804382324219,30.209924697875977,36.904327392578125,83.82791900634766,42.20183181762695,31.982778549194336,3908.18994140625
2022-09-07,153.1031951904297,250.78271484375,13.696038246154785,283.70001220703125,105.66734313964844,30.675952911376953,37.20272445678711,83.11278533935547,43.28605270385742,31.967220306396484,3979.8701171875
2022-09-08,151.63070678710938,251.2004852294922,13.97167682647705,289.260009765625,108.12895965576172,31.662851333618164,37.968875885009766,83.7926025390625,43.50608825683594,32.15397644042969,4006.179931640625
2022-09-09,154.4873809814453,256.9722900390625,14.368158340454102,299.67999267578125,108.64865112304688,31.927852630615234,38.58180236816406,85.19635009765625,43.636837005615234,32.86989212036133,4067.360107421875
2022-09-12,160.43638610839844,259.100341796875,14.486002922058105,304.4200134277344,109.93415832519531,32.229408264160156,38.517276763916016,86.17632293701172,44.02906799316406,33.274532318115234,4110.41015625
2022-09-13,151.02207946777344,244.8553924560547,13.113802909851074,292.1300048828125,106.11406707763672,31.068883895874023,37.2511100769043,84.16340637207031,43.12023162841797,32.488590240478516,3932.68994140625
2022-09-14,152.46511840820312,245.07884216308594,13.110807418823242,302.6099853515625,105.867919921875,30.950101852416992,37.21885681152344,86.22929382324219,43.02456283569336,32.12284469604492,3946.010009765625
2022-09-15,149.5789794921875,238.43255615234375,12.912068367004395,303.75,107.4634017944336,31.5349178314209,37.04949188232422,83.72196960449219,42.562171936035156,31.928298950195312,3901.35009765625
2022-09-16,147.93955993652344,237.81065368652344,13.180715560913086,303.3500061035156,106.7431640625,31.17853546142578,37.12207794189453,82.29173278808594,42.47288513183594,32.0994987487793,3873.330078125
2022-09-19,151.65032958984375,237.59686279296875,13.36447525024414,309.07000732421875,107.727783203125,31.699399948120117,36.6462516784668,82.28290557861328,42.83642578125,32.09172058105469,3899.889892578125
2022-09-20,154.0260009765625,235.58547973632812,13.158743858337402,308.7300109863281,105.60352325439453,31.224227905273438,36.105918884277344,81.61192321777344,42.58768081665039,31.585905075073242,3855.929931640625
2022-09-21,150.90426635742188,232.18458557128906,13.243633270263672,300.79998779296875,102.55839538574219,30.292171478271484,35.420413970947266,80.29645538330078,42.97673034667969,30.722139358520508,3789.929931640625
2022-09-22,149.9422149658203,234.1571044921875,12.544548034667969,288.5899963378906,101.39139556884766,29.698200225830078,35.944618225097656,79.96097564697266,42.53667449951172,31.072322845458984,3757.989990234375
2022-09-23,147.6745147705078,231.18373107910156,12.49960994720459,275.3299865722656,99.50415802001953,28.994579315185547,35.549461364746094,75.70558166503906,41.47475814819336,30.753265380859375,3693.22998046875
2022-09-26,148.00828552246094,230.72706604003906,12.21198558807373,276.010009765625,97.36164855957031,28.354930877685547,35.347835540771484,74.14290618896484,41.87337112426758,30.294143676757812,3655.0400390625
2022-09-27,148.98013305664062,229.71652221679688,12.396743774414062,282.94000244140625,96.504638671875,27.934585571289062,35.557518005371094,75.69673919677734,41.75857162475586,30.263017654418945,3647.2900390625
2022-09-28,147.09532165527344,234.2445831298828,12.719321250915527,287.80999755859375,98.45570373535156,28.391477584838867,35.83171844482422,78.45127868652344,42.44736862182617,30.6521053314209,3719.0400390625
2022-09-29,139.87013244628906,230.775634765625,12.203996658325195,268.2099914550781,96.78727722167969,28.016826629638672,35.61396408081055,78.2923583984375,42.17313003540039,30.068483352661133,3640.469970703125
2022-09-30,135.66851806640625,226.30587768554688,12.123101234436035,265.25,95.27383422851562,27.59648323059082,35.2913818359375,77.08283233642578,41.35995864868164,29.547103881835938,3585.6201171875
2022-10-03,139.84066772460938,233.92393493652344,12.495613098144531,242.39999389648438,98.21865844726562,28.409753799438477,35.597835540771484,81.15283966064453,42.262413024902344,30.473125457763672,3678.429931640625
2022-10-04,143.42384338378906,241.8334503173828,13.149755477905273,249.44000244140625,102.81366729736328,29.588544845581055,35.85591125488281,84.11041259765625,42.81090545654297,30.97893524169922,3790.929931640625
2022-10-05,143.71829223632812,242.14434814453125,13.191702842712402,240.80999755859375,101.54425811767578,29.168201446533203,35.58171081542969,87.50945281982422,42.38677978515625,30.659893035888672,3783.280029296875
2022-10-06,142.76608276367188,239.8026123046875,13.11280632019043,238.1300048828125,99.47455596923828,28.74785804748535,34.75103759765625,90.10506439208984,41.99135208129883,29.942203521728516,3744.52001953125
2022-10-07,137.52391052246094,227.60791015625,12.060185432434082,223.07000732421875,97.4876480102539,28.09906578063965,34.13005065917969,89.19573211669922,40.99642562866211,29.158823013305664,3639.659912109375
2022-10-10,137.8478546142578,222.75921630859375,11.654715538024902,222.9600067138672,96.57698822021484,28.016826629638672,33.67036819458008,87.26223754882812,41.23877716064453,28.976823806762695,3612.389892578125
2022-10-11,136.43421936035156,219.02793884277344,11.57082748413086,216.5,93.78977966308594,27.20355224609375,33.807464599609375,86.52066040039062,42.307064056396484,28.438753128051758,3588.840087890625
2022-10-12,135.80596923828125,219.35830688476562,11.484939575195312,217.24000549316406,95.30755615234375,27.28579330444336,33.89617156982422,86.90028381347656,41.8287239074707,28.23302459716797,3577.030029296875
2022-10-13,140.3708038330078,227.60791015625,11.9443359375,221.72000122070312,100.60600280761719,28.958030700683594,34.66232681274414,89.93731689453125,42.18268966674805,28.802743911743164,3669.909912109375
2022-10-14,135.84523010253906,222.08872985839844,11.212295532226562,204.99000549316406,102.28015899658203,28.9671688079834,34.5655517578125,87.57125854492188,41.59274673461914,28.78692054748535,3583.070068359375
2022-10-17,139.80142211914062,230.80479431152344,11.872431755065918,219.35000610351562,106.57594299316406,30.721643447875977,35.20266342163086,88.83377075195312,41.89250946044922,29.419946670532227,3677.949951171875
2022-10-18,141.1168975830078,231.74732971191406,11.95132827758789,220.19000244140625,109.31715393066406,31.873023986816406,35.557518005371094,88.99267578125,42.77582550048828,29.332904815673828,3719.97998046875
2022-10-19,141.224853515625,229.7845001220703,12.03521728515625,222.0399932861328,107.17385864257812,30.995779037475586,34.76716613769531,91.63243865966797,42.65464782714844,28.937259674072266,3695.159912109375
2022-10-20,140.76345825195312,229.46383666992188,12.178030967712402,207.27999877929688,106.82431030273438,30.79474639892578,34.60587692260742,91.75603485107422,42.7598876953125,29.277515411376953,3665.780029296875
2022-10-21,144.5724334716797,235.26483154296875,12.449674606323242,214.44000244140625,112.43550872802734,31.93699073791504,36.2510871887207,93.4599609375,43.62406921386719,27.97189712524414,3752.75
2022-10-24,146.7124786376953,240.24960327148438,12.582499504089355,211.25,112.57347869873047,32.04663848876953,36.726905822753906,94.11326599121094,44.45637512207031,28.462493896484375,3797.340087890625
2022-10-25,149.54953002929688,243.56304931640625,13.243633270263672,222.4199981689453,112.86783599853516,32.33905792236328,36.76722717285156,93.47761535644531,44.66683578491211,28.82648468017578,3859.110107421875
2022-10-26,146.6143035888672,224.77061462402344,12.879109382629395,224.63999938964844,114.16485595703125,32.62233352661133,37.14627456665039,94.59001922607422,45.008060455322266,28.82648468017578,3830.60009765625
2022-10-27,142.1476287841797,220.3300018310547,13.158743858337402,225.08999633789062,114.61558532714844,32.777679443359375,36.888206481933594,94.95199584960938,44.87731170654297,28.628664016723633,3807.300048828125
2022-10-28,152.8872833251953,229.1917724609375,13.815882682800293,228.52000427246094,115.97700500488281,33.060951232910156,38.25114822387695,97.73301696777344,45.44493103027344,29.80767250061035,3901.06005859375
2022-10-31,150.53121948242188,225.5576934814453,13.479323387145996,227.5399932861328,115.79302215576172,32.933021545410156,37.54144287109375,97.83014678955078,45.38753128051758,29.57028579711914,3871.97998046875
2022-11-01,147.89048767089844,221.7097930908203,13.525263786315918,227.82000732421875,117.88111877441406,33.0792236328125,38.71889114379883,98.80127716064453,45.18344497680664,29.57028579711914,3856.10009765625
2022-11-02,142.37339782714844,213.86830139160156,13.20168685913086,214.97999572753906,116.79566955566406,32.97870635986328,37.9608154296875,96.77070617675781,44.88368606567383,29.83932876586914,3759.68994140625
2022-11-03,136.33607482910156,208.18392944335938,13.403423309326172,215.30999755859375,117.00724792480469,32.79594802856445,37.87947082519531,98.08616638183594,44.87413024902344,29.39620590209961,3719.889892578125
2022-11-04,136.07058715820312,215.12176513671875,14.137459754943848,207.47000122070312,120.20838165283203,33.618370056152344,38.40817642211914,99.1544418334961,44.95384216308594,29.46742057800293,3770.550048828125
2022-11-07,136.6015625,221.41827392578125,14.282270431518555,197.0800018310547,120.84308624267578,33.819393157958984,38.30243682861328,100.3286361694336,45.42580032348633,29.4278621673584,3806.800048828125
2022-11-08,137.17189025878906,222.38995361328125,14.582876205444336,191.3000030517578,120.91668701171875,33.9107780456543,38.51390838623047,100.64646911621094,45.53422546386719,29.965925216674805,3828.110107421875
2022-11-09,132.61920166015625,218.15342712402344,13.75795841217041,177.58999633789062,119.3437271118164,33.371639251708984,38.00148010253906,96.14386749267578,44.47551727294922,29.768110275268555,3748.570068359375
2022-11-10,144.41888427734375,236.1004638671875,15.72937297821045,190.72000122070312,124.25579071044922,34.84284210205078,38.53832244873047,97.55643463134766,45.39710235595703,30.480266571044922,3956.3701171875
2022-11-11,147.20167541503906,240.11354064941406,16.305618286132812,195.97000122070312,124.45819854736328,35.09870529174805,38.71725845336914,100.6023178100586,45.46725082397461,30.306184768676758,3992.929931640625
2022-11-14,145.8053436279297,234.71095275878906,16.27366065979004,190.9499969482422,123.17955780029297,34.50474166870117,40.05121994018555,100.8960189819336,44.131107330322266,30.31409454345703,3957.25
2022-11-15,147.53599548339844,235.11904907226562,16.64417266845703,194.4199981689453,122.28730010986328,34.44990921020508,39.506248474121094,101.57239532470703,47.017066955566406,29.83141326904297,3991.72998046875
2022-11-16,146.30686950683594,235.54782104492188,15.889163970947266,186.9199981689453,122.45287322998047,34.13922882080078,39.083290100097656,100.48663330078125,47.355079650878906,29.973844528198242,3958.7900390625
2022-11-17,148.20465087890625,235.49911499023438,15.65647029876709,183.1699981689453,121.91932678222656,33.96560287475586,39.311038970947266,100.62010192871094,47.195640563964844,30.195409774780273,3946.56005859375
2022-11-18,148.76512145996094,235.0508575439453,15.388819694519043,180.19000244140625,123.11518096923828,33.98387908935547,39.229705810546875,99.7479476928711,47.906768798828125,30.504005432128906,3965.340087890625
2022-11-21,145.53985595703125,235.85964965820312,15.296940803527832,167.8699951171875,122.38848114013672,34.09353256225586,39.189029693603516,98.76007843017578,48.20014190673828,30.559398651123047,3949.93994140625
2022-11-22,147.6736602783203,238.763427734375,16.01699447631836,169.91000366210938,124.21898651123047,34.258018493652344,39.921077728271484,101.61688995361328,48.37234115600586,31.018335342407227,4003.580078125
2022-11-23,148.54881286621094,241.24822998046875,16.49736213684082,183.1999969482422,125.54363250732422,34.36767578125,39.73400115966797,101.10960388183594,48.60512924194336,30.796783447265625,4027.260009765625
2022-11-25,145.63819885253906,241.16049194335938,16.248689651489258,182.86000061035156,125.7828140258789,34.44990921020508,40.02682113647461,100.75359344482422,48.812408447265625,30.87590789794922,4026.1201171875
2022-11-28,141.81314086914062,235.57704162597656,15.806273460388184,182.9199981689453,123.58431243896484,33.68232727050781,40.31962585449219,97.72771453857422,48.95271682739258,30.258710861206055,3963.93994140625
2022-11-29,138.8140411376953,234.18359375,15.618517875671387,180.8300018310547,125.61720275878906,33.81025314331055,40.254573822021484,98.37740325927734,48.78052520751953,30.33783531188965,3957.6298828125
2022-11-30,145.55953979492188,248.6148681640625,16.905160903930664,194.6999969482422,127.10739135742188,34.586978912353516,40.77513885498047,99.08936309814453,48.60512924194336,30.844255447387695,4080.110107421875
2022-12-01,145.83486938476562,248.17636108398438,17.116939544677734,194.6999969482422,125.3228530883789,33.59431838989258,41.54785919189453,98.60877990722656,48.90807342529297,30.32992172241211,4076.570068359375
2022-12-02,145.34320068359375,248.4979248046875,16.858211517333984,194.86000061035156,124.32939147949219,33.16232681274414,41.40958023071289,97.7722396850586,48.86024856567383,30.21122169494629,4071.699951171875
2022-12-05,144.18292236328125,243.8011932373047,16.59248924255371,182.4499969482422,120.84308624267578,31.68252944946289,41.26316833496094,95.09339904785156,48.35958480834961,29.332904815673828,3998.840087890625
2022-12-06,140.52499389648438,238.8511199951172,15.970149040222168,179.82000732421875,121.04547882080078,30.331388473510742,40.43350601196289,92.45018768310547,47.79833984375,29.190471649169922,3941.260009765625
2022-12-07,138.58787536621094,238.1202850341797,16.103012084960938,174.0399932861328,120.96269226074219,30.092424392700195,40.8646125793457,92.2455062866211,47.54960632324219,29.41202735900879,3933.919921875
2022-12-08,140.2693328857422,241.07278442382812,17.150903701782227,173.44000244140625,122.23211669921875,29.816679000854492,42.117218017578125,92.93077087402344,47.62322998046875,29.356639862060547,3963.510009765625
2022-12-09,139.78753662109375,239.1434326171875,16.983078002929688,179.0500030517578,121.5698013305664,29.761531829833984,42.068424224853516,92.14759826660156,46.512516021728516,29.594032287597656,3934.3798828125
2022-12-12,142.07862854003906,246.05210876464844,17.51651382446289,167.82000732421875,123.45551300048828,30.08322525024414,42.42631149291992,94.41702270507812,47.37995910644531,30.029232025146484,3990.56005859375
2022-12-13,143.0422821044922,250.349365234375,18.052949905395508,160.9499969482422,123.33595275878906,30.10161018371582,43.1664924621582,95.44940185546875,47.21030807495117,29.958023071289062,4019.64990234375
2022-12-14,140.81997680664062,250.64166259765625,17.65536880493164,156.8000030517578,122.71963500976562,29.66961669921875,44.31336975097656,94.74630737304688,46.94783401489258,29.633594512939453,3995.320068359375
2022-12-15,134.2220001220703,242.64163208007812,16.93412971496582,157.6699981689453,119.67488861083984,29.20085906982422,43.6057243347168,93.83853149414062,46.52851867675781,29.886804580688477,3895.75
2022-12-16,132.2651824951172,238.43214416503906,16.553531646728516,150.22999572753906,118.92976379394531,29.13652229309082,41.808135986328125,93.17996215820312,45.69307327270508,29.372468948364258,3852.360107421875
2022-12-19,130.160888671875,234.30055236816406,16.236867904663086,149.8699951171875,119.6380844116211,29.467411041259766,41.775596618652344,93.5982437133789,45.709083557128906,29.301250457763672,3817.659912109375
2022-12-20,130.0920867919922,235.61602783203125,16.06804847717285,137.8000030517578,120.21759796142578,29.586896896362305,41.743064880371094,94.9510269165039,46.10919952392578,29.269601821899414,3821.6201171875
2022-12-21,133.18948364257812,238.17872619628906,16.48360824584961,137.57000732421875,121.5698013305664,30.03727149963379,42.01962661743164,96.17027282714844,46.47089767456055,29.894716262817383,3878.43994140625
2022-12-22,130.02322387695312,232.0983428955078,15.322831153869629,125.3499984741211,120.19001770019531,29.770723342895508,42.00334167480469,94.2301254272461,45.92674255371094,30.31409454345703,3822.389892578125
2022-12-23,129.65940856933594,232.62454223632812,15.189970016479492,123.1500015258789,120.76031494140625,29.844253540039062,42.15789031982422,96.72206115722656,46.019561767578125,30.39322280883789,3844.820068359375
2022-12-27,127.85993194580078,230.89979553222656,14.10611629486084,109.0999984741211,121.18345642089844,29.899402618408203,41.58852005004883,98.06591033935547,46.032371520996094,31.057905197143555,3829.25
2022-12-28,123.93651580810547,228.53195190429688,14.021204948425293,112.70999908447266,121.84576416015625,30.1199951171875,41.320106506347656,96.4550552368164,45.22574996948242,30.70973777770996,3783.219970703125
2022-12-29,127.44692993164062,234.84620666503906,14.587604522705078,121.81999969482422,122.54486083984375,30.460067749023438,41.75120544433594,97.1848373413086,45.50101852416992,31.065814971923828,3849.280029296875
2022-12-30,127.76160430908203,233.68666076660156,14.59859561920166,123.18000030517578,123.35433959960938,30.44169044494629,41.67799377441406,98.16380310058594,45.38578796386719,31.17660140991211,3839.5
2023-01-03,122.98270416259766,233.45278930664062,14.299908638000488,108.0999984741211,124.29261779785156,30.80014991760254,41.69425964355469,94.79081726074219,45.96515655517578,31.74632453918457,3824.139892578125
2023-01-04,124.25119018554688,223.24082946777344,14.733450889587402,113.63999938964844,125.4516372680664,31.37920570373535,40.77513885498047,95.06671142578125,46.01637268066406,32.54552459716797,3852.969970703125
2023-01-05,122.93354034423828,216.62449645996094,14.24996280670166,110.33999633789062,125.42383575439453,31.31486701965332,40.3928337097168,97.19374084472656,45.85953140258789,32.996551513671875,3808.10009765625
2023-01-06,127.45679473876953,219.1774444580078,14.84333610534668,113.05999755859375,127.82392883300781,31.627368927001953,41.41770935058594,98.36849975585938,46.98303985595703,33.38426971435547,3895.080078125
2023-01-09,127.97789764404297,221.31146240234375,15.611526489257812,119.7699966430664,127.29568481445312,31.149423599243164,39.35983657836914,96.53514862060547,46.397281646728516,33.25006103515625,3892.090087890625
2023-01-10,128.5482635498047,222.99720764160156,15.892230033874512,118.8499984741211,128.4355010986328,31.36081886291504,38.733524322509766,97.9769287109375,46.36846923828125,33.71621322631836,3919.25
2023-01-11,131.26220703125,229.740234375,15.984131813049316,123.22000122070312,129.38995361328125,31.599796295166016,38.59524917602539,99.11607360839844,46.77497863769531,33.09735107421875,3969.610107421875
2023-01-12,131.18353271484375,232.41018676757812,16.493593215942383,123.55999755859375,129.26022338867188,31.68252944946289,38.806739807128906,100.76252746582031,46.35246276855469,33.60369873046875,3983.169921875
2023-01-13,132.510986328125,233.11175537109375,16.881187438964844,122.4000015258789,132.5220489501953,32.38105773925781,38.92060470581055,100.7002182006836,46.506107330322266,33.64387893676758,3999.090087890625
2023-01-17,133.6713104248047,234.20310974121094,17.68334197998047,131.49000549316406,130.47415161132812,31.72848129272461,37.48090744018555,100.50443267822266,46.224430084228516,32.832122802734375,3990.969970703125
2023-01-18,132.95350646972656,229.77920532226562,17.358680725097656,128.77999877929688,126.55436706542969,30.993173599243164,36.602455139160156,98.439697265625,45.081703186035156,32.12484359741211,3928.860107421875
2023-01-19,133.01251220703125,225.99847412109375,16.74732780456543,127.16999816894531,124.86785125732422,30.542797088623047,36.56991958618164,99.07157135009766,44.438316345214844,32.19718551635742,3898.85009765625
2023-01-20,135.569091796875,234.07643127441406,17.8201961517334,133.4199981689453,125.17362213134766,31.11265754699707,36.69192886352539,100.87821197509766,44.985679626464844,32.14895248413086,3972.610107421875
2023-01-23,138.7550048828125,236.37606811523438,19.172767639160156,143.75,127.20303344726562,31.544647216796875,36.586185455322266,100.35314178466797,45.65786361694336,31.851579666137695,4019.81005859375
2023-01-24,140.15130615234375,235.84986877441406,19.244688034057617,143.88999938964844,128.2965087890625,31.774431228637695,36.36656951904297,101.28759765625,45.77950668334961,32.48652267456055,4016.949951171875
2023-01-25,139.4925079345703,234.4564666748047,19.302631378173828,144.42999267578125,128.9173583984375,32.050174713134766,36.659393310546875,100.75359344482422,45.56182861328125,32.414188385009766,4016.219970703125
2023-01-26,141.55746459960938,241.657470703125,19.7811279296875,160.27000427246094,129.71426391601562,32.48216247558594,36.32284164428711,104.80298614501953,45.52022171020508,32.365962982177734,4060.429931640625
2023-01-27,143.4945831298828,241.81336975097656,20.34352684020996,177.89999389648438,130.02935791015625,32.583274841308594,35.945255279541016,102.88954162597656,45.8691291809082,32.66333770751953,4070.56005859375
2023-01-30,140.61346435546875,236.5027618408203,19.141799926757812,166.66000366210938,128.92662048339844,32.445404052734375,35.74824523925781,101.06510162353516,45.50101852416992,32.99286651611328,4017.77001953125
2023-01-31,141.88192749023438,241.47232055664062,19.51640510559082,173.22000122070312,129.69577026367188,32.61084747314453,36.248966217041016,103.24553680419922,46.05158996582031,33.410797119140625,4076.60009765625
2023-02-01,143.00289916992188,246.2859649658203,20.920923233032227,181.41000366210938,129.35287475585938,33.0152587890625,36.0930061340332,102.11528778076172,46.30764389038086,33.50724792480469,4119.2099609375
2023-02-02,148.30299377441406,257.8328857421875,21.68611717224121,188.27000427246094,128.75057983398438,33.20828628540039,36.39672088623047,98.92027282714844,45.9715576171875,33.61977005004883,4179.759765625
2023-02-03,151.92156982421875,251.74278259277344,21.077756881713867,189.97999572753906,130.742919921875,33.48402404785156,36.16687774658203,99.60555267333984,45.36018753051758,33.36257553100586,4136.47998046875
2023-02-06,149.19778442382812,250.20314025878906,21.066774368286133,194.75999450683594,131.51202392578125,33.428871154785156,35.920616149902344,99.43646240234375,45.030487060546875,33.1777229309082,4111.080078125
2023-02-07,152.06903076171875,260.71722412109375,22.149625778198242,196.80999755859375,133.1151580810547,33.79652404785156,35.78107833862305,102.27547454833984,45.12650680541992,32.590999603271484,4164.0
2023-02-08,149.3845977783203,259.9084777832031,22.181594848632812,201.2899932861328,132.17922973632812,33.54835891723633,36.1012077331543,101.385498046875,44.88323974609375,32.56688690185547,4117.85986328125
2023-02-09,148.35214233398438,256.8779602050781,22.313451766967773,207.32000732421875,130.1220245361328,32.831451416015625,35.575862884521484,101.7681884765625,45.29936218261719,31.99625015258789,4081.5
2023-02-10,148.71652221679688,256.3713073730469,21.242584228515625,196.88999938964844,130.6965789794922,32.702762603759766,36.01912307739258,106.0578384399414,46.003562927246094,32.15699005126953,4090.4599609375
2023-02-13,151.51339721679688,264.3810729980469,21.765029907226562,194.63999938964844,132.11434936523438,32.7671012878418,36.10942077636719,105.64532470703125,46.70455551147461,32.40614700317383,4137.2900390625
2023-02-14,150.87327575683594,265.2093811035156,22.94678497314453,209.25,132.69815063476562,32.739524841308594,35.88779067993164,104.40769958496094,46.570133209228516,32.414188385009766,4136.1298828125
2023-02-15,152.97088623046875,263.0895080566406,22.74000358581543,214.24000549316406,133.254150390625,32.68437576293945,35.5594482421875,104.09379577636719,46.91583251953125,32.454368591308594,4147.60009765625
2023-02-16,151.3755340576172,256.08538818359375,21.978809356689453,202.0399932861328,131.4193572998047,32.42702102661133,35.2557258605957,103.78888702392578,46.17961883544922,32.02035903930664,4090.409912109375
2023-02-17,150.233154296875,252.0900115966797,21.36545181274414,208.30999755859375,131.80857849121094,32.491355895996094,35.46915054321289,99.79804992675781,46.87421417236328,32.325767517089844,4079.090087890625
2023-02-21,146.22496032714844,246.82469177246094,20.63322639465332,197.3699951171875,129.38995361328125,31.72848129272461,35.05052185058594,99.69937896728516,47.15909957885742,31.5059757232666,3997.340087890625
2023-02-22,146.64842224121094,245.6915283203125,20.73212242126465,200.86000061035156,128.3984375,31.517074584960938,34.787841796875,98.40797424316406,46.17001724243164,31.57027244567871,3991.050048828125
2023-02-23,147.1309814453125,248.8760986328125,23.63905143737793,202.07000732421875,129.42703247070312,31.489492416381836,34.722164154052734,99.31377410888672,45.481815338134766,30.96748161315918,4012.320068359375
2023-02-24,144.4818115234375,243.45452880859375,23.261455535888672,196.8800048828125,130.5946044921875,31.443544387817383,34.27070617675781,99.32273864746094,45.60344696044922,31.136260986328125,3970.0400390625
2023-02-27,145.67344665527344,244.3727569580078,23.476224899291992,207.6300048828125,131.7344207763672,31.443544387817383,33.47447204589844,99.14337158203125,45.27375793457031,31.24878692626953,3982.239990234375
2023-02-28,145.1712188720703,243.64990234375,23.191526412963867,205.7100067138672,132.837158203125,31.52626609802246,33.30209732055664,98.56939697265625,45.49462127685547,31.192522048950195,3970.14990234375
2023-03-01,143.10308837890625,240.57275390625,22.674074172973633,202.77000427246094,132.09580993652344,31.37920570373535,32.98196029663086,99.44828033447266,44.86083221435547,30.782623291015625,3951.389892578125
2023-03-02,143.69398498535156,245.30078125,23.2894229888916,190.89999389648438,130.72434997558594,30.98141860961914,33.34313201904297,99.9056625366211,44.972869873046875,30.871030807495117,3981.35009765625
2023-03-03,148.7362060546875,249.3840789794922,23.864816665649414,197.7899932861328,133.1243896484375,31.601221084594727,33.778194427490234,101.17017364501953,45.027286529541016,30.750471115112305,4045.639892578125
2023-03-06,151.4936981201172,250.92752075195312,23.5291690826416,193.80999755859375,132.3460235595703,31.536474227905273,33.745361328125,102.0669937133789,45.020877838134766,30.66206932067871,4048.419921875
2023-03-07,149.297607421875,248.2704620361328,23.267406463623047,187.7100067138672,128.45399475097656,30.528114318847656,33.11329650878906,100.09400177001953,44.572757720947266,30.469175338745117,3986.3701171875
2023-03-08,150.5482635498047,247.8308563232422,24.159610748291016,182.0,127.69417572021484,30.12108039855957,32.93270492553711,98.63218688964844,44.20465087890625,30.163761138916016,3992.010009765625
2023-03-09,148.3029022216797,246.48281860351562,23.415271759033203,172.9199981689453,120.78125,28.252384185791016,32.39094161987305,97.86988830566406,43.906959533691406,29.376110076904297,3918.320068359375
2023-03-10,146.24464416503906,242.839111328125,22.944686889648438,173.44000244140625,123.84850311279297,28.00261116027832,32.33348083496094,96.6591796875,43.84294891357422,29.480588912963867,3861.590087890625
2023-03-13,148.18470764160156,248.0458221435547,22.9456844329834,174.47999572753906,121.62452697753906,26.37444305419922,32.71928787231445,95.547119140625,43.970985412597656,29.368074417114258,3855.760009765625
2023-03-14,150.27252197265625,254.7568359375,24.041717529296875,183.25999450683594,124.74735260009766,26.605716705322266,32.75212478637695,95.9058609008789,44.20465087890625,29.641338348388672,3919.2900390625
2023-03-15,150.66647338867188,259.29925537109375,24.20656967163086,180.4499969482422,118.8537826538086,26.35594367980957,33.064048767089844,91.1347885131836,44.69758605957031,29.786008834838867,3891.929931640625
2023-03-16,153.48301696777344,269.8103942871094,25.518409729003906,184.1300048828125,121.16118621826172,26.799985885620117,33.13792037963867,90.60564422607422,44.44367599487305,29.40022087097168,3960.280029296875
2023-03-17,152.6459197998047,272.9656066894531,25.702247619628906,180.1300048828125,116.58348083496094,25.736129760742188,32.91628646850586,89.53843688964844,44.80364990234375,29.569007873535156,3916.639892578125
2023-03-20,155.0094757080078,265.9322509765625,25.877090454101562,183.25,117.81593322753906,25.67137336730957,33.49909591674805,91.87911987304688,45.285762786865234,30.083389282226562,3951.570068359375
2023-03-21,156.86090087890625,267.4462890625,26.175830841064453,197.5800018310547,120.97586822509766,26.44845199584961,33.3759765625,95.99552917480469,45.13148880004883,30.332542419433594,4002.8701171875
2023-03-22,155.4329376220703,265.99078369140625,26.44458770751953,191.14999389648438,117.85299682617188,25.569608688354492,32.84241485595703,93.79833221435547,44.84222412109375,29.986936569213867,3936.969970703125
2023-03-23,156.51625061035156,271.236572265625,27.16695213317871,192.22000122070312,117.53794860839844,24.949800491333008,32.98196029663086,92.74008178710938,45.20540237426758,30.035160064697266,3948.719970703125
2023-03-24,157.81619262695312,274.0792541503906,26.75531768798828,190.41000366210938,115.74947357177734,25.107067108154297,33.15433883666992,92.84769439697266,45.57501983642578,30.268239974975586,3970.989990234375
2023-03-27,155.87612915039062,269.9861755371094,26.50753402709961,191.80999755859375,119.06693267822266,26.35594367980957,33.014793395996094,94.88347625732422,46.33674240112305,30.58169937133789,3977.530029296875
2023-03-28,155.2556915283203,268.86279296875,26.38664436340332,189.19000244140625,119.42832946777344,26.01365852355957,32.82599639892578,96.06729125976562,46.15676498413086,30.541513442993164,3971.27001953125
2023-03-29,158.3283233642578,274.0206604003906,26.96013069152832,193.8800048828125,119.66927337646484,26.522459030151367,33.03942108154297,97.71743774414062,46.35603332519531,30.927295684814453,4027.81005859375
2023-03-30,159.89414978027344,277.4787292480469,27.358781814575195,195.27999877929688,119.30785369873047,26.1801700592041,33.146121978759766,98.19273376464844,46.81885528564453,31.071964263916016,4050.830078125
2023-03-31,162.39556884765625,281.63043212890625,27.75243377685547,207.4600067138672,120.75346374511719,26.457698822021484,33.49089431762695,98.34521484375,47.390953063964844,31.256818771362305,4109.31005859375
2023-04-03,163.64630126953125,280.5852355957031,27.940269470214844,194.77000427246094,120.61444854736328,26.44845199584961,33.94235610961914,104.14762115478516,47.789493560791016,31.522052764892578,4124.509765625
2023-04-04,163.11451721191406,280.536376953125,27.42871856689453,192.5800018310547,119.00205993652344,25.884140014648438,33.57297897338867,103.15214538574219,47.32023620605469,31.867656707763672,4100.60009765625
2023-04-05,161.27288818359375,277.76202392578125,26.857221603393555,185.52000427246094,119.17951202392578,25.569608688354492,34.10652542114258,104.91886901855469,48.10446548461914,32.23736572265625,4090.3798828125
2023-04-06,162.1592254638672,284.8540954589844,27.013086318969727,185.05999755859375,119.04875946044922,25.75463104248047,34.06549835205078,103.17906188964844,48.4676513671875,32.256160736083984,4105.02001953125
2023-04-10,159.5691375732422,282.69525146484375,27.55460548400879,184.50999450683594,119.4410171508789,25.847143173217773,34.25429153442383,102.72166442871094,48.37444305419922,32.14994430541992,4109.10986328125
2023-04-11,158.35781860351562,276.2869567871094,27.144968032836914,186.7899932861328,120.0293960571289,26.559465408325195,34.303531646728516,103.4480972290039,48.23302459716797,32.23164367675781,4108.93994140625
2023-04-12,157.66847229003906,276.93170166015625,26.471567153930664,180.5399932861328,120.01071166992188,26.346689224243164,33.95878219604492,103.34046936035156,47.99839401245117,32.02738571166992,4091.949951171875
2023-04-13,163.04556274414062,283.13482666015625,26.43958854675293,185.89999389648438,120.46834564208984,26.420698165893555,34.040863037109375,103.82476806640625,48.04661560058594,32.125431060791016,4146.22021484375
2023-04-14,162.7008819580078,279.5204772949219,26.73433494567871,185.0,129.5648651123047,27.30879020690918,33.81102752685547,104.07587432861328,47.72199249267578,32.043731689453125,4137.64013671875
2023-04-17,162.72056579589844,282.1188659667969,26.978118896484375,187.0399932861328,130.59219360351562,28.09511947631836,33.80281448364258,102.86516571044922,48.056251525878906,32.23981475830078,4151.31982421875
2023-04-18,163.9417266845703,281.6988525390625,27.642528533935547,184.30999755859375,132.05845642089844,28.270889282226562,33.285675048828125,104.8740463256836,48.162322998046875,31.814966201782227,4154.8701171875
2023-04-19,165.08412170410156,281.7769470214844,27.906295776367188,180.58999633789062,131.89036560058594,27.808338165283203,33.031211853027344,104.5422134399414,48.213748931884766,31.53717041015625,4154.52001953125
2023-04-20,164.1189727783203,279.4911193847656,27.080028533935547,162.99000549316406,131.5074462890625,27.660327911376953,32.7110710144043,103.70816802978516,48.52228546142578,30.385168075561523,4129.7900390625
2023-04-21,162.5137481689453,279.1492004394531,27.095012664794922,165.0800018310547,131.2552947998047,27.632572174072266,33.006591796875,104.04000854492188,48.76655960083008,30.491382598876953,4133.52001953125
2023-04-24,162.8190155029297,275.2514953613281,27.01807975769043,162.5500030517578,131.4327392578125,27.53081512451172,32.76032638549805,106.00403594970703,49.097599029541016,30.31163787841797,4137.0400390625
2023-04-25,161.28274536132812,269.0484313964844,26.217790603637695,160.6699981689453,128.57489013671875,26.679725646972656,32.28423309326172,104.49736785888672,48.71513366699219,30.475040435791016,4071.6298828125
2023-04-26,161.27288818359375,288.536865234375,26.932157516479492,153.75,126.29608917236328,26.3096866607666,31.709640502929688,103.53778076171875,48.50300216674805,30.164573669433594,4055.989990234375
2023-04-27,165.8522491455078,297.77801513671875,27.201919555664062,160.19000244140625,127.9958724975586,26.725976943969727,31.7999324798584,104.775390625,48.65407180786133,31.692413330078125,4135.35009765625
2023-04-28,167.10296630859375,300.15179443359375,27.724458694458008,164.30999755859375,129.1072540283203,27.086767196655273,31.923049926757812,106.12957763671875,48.52228546142578,31.725088119506836,4169.47998046875
2023-05-01,167.0143585205078,298.4910888671875,28.884431838989258,161.8300018310547,131.87167358398438,26.864748001098633,32.18572998046875,102.8382568359375,48.7215576171875,31.62704849243164,4167.8701171875
2023-05-02,165.9803009033203,298.3446044921875,28.18505096435547,160.30999755859375,129.74232482910156,26.050661087036133,32.06260299682617,98.73979949951172,48.58978271484375,30.777339935302734,4119.580078125
2023-05-03,164.9068603515625,297.35797119140625,27.777414321899414,160.61000061035156,126.99654388427734,25.77313232421875,31.5618896484375,96.793701171875,48.4098014831543,31.030622482299805,4090.75
2023-05-04,163.27206420898438,298.3446044921875,27.537622451782227,161.1999969482422,125.25943756103516,24.968297958374023,31.38129425048828,95.09871673583984,48.5452995300293,30.515893936157227,4061.219970703125
2023-05-05,170.93389892578125,303.4633483886719,28.654634475708008,170.05999755859375,127.70635986328125,25.63436508178711,31.594717025756836,97.46631622314453,48.9647102355957,30.90806770324707,4136.25
2023-05-08,170.86492919921875,301.5096435546875,29.125215530395508,171.7899932861328,128.01454162597656,25.615869522094727,31.742469787597656,97.8519515991211,49.271202087402344,30.90806770324707,4138.1201171875
2023-05-09,169.1612548828125,299.8978576660156,28.545730590820312,169.14999389648438,127.39813232421875,25.588111877441406,31.58650779724121,97.87884521484375,49.35508346557617,30.69563865661621,4119.169921875
2023-05-10,170.92405700683594,305.0849609375,28.859451293945312,168.5399932861328,127.4635238647461,25.273578643798828,31.438751220703125,96.62329864501953,49.21636199951172,30.744657516479492,4137.64013671875
2023-05-11,171.1111602783203,302.9358215332031,28.552722930908203,172.0800018310547,127.06190490722656,25.338335037231445,31.181535720825195,94.87451171875,49.40024948120117,30.720149993896484,4130.6201171875
2023-05-12,170.18414306640625,301.8222351074219,28.31493377685547,167.97999572753906,125.24076080322266,25.060810089111328,30.990694046020508,94.86554718017578,49.38412857055664,30.711978912353516,4124.080078125
2023-05-15,169.69105529785156,302.3009033203125,28.927391052246094,166.35000610351562,126.29608917236328,25.578861236572266,30.833044052124023,95.04646301269531,49.00019454956055,30.042016983032227,4136.27978515625
2023-05-16,169.69105529785156,304.5282287597656,29.187164306640625,166.52000427246094,125.44623565673828,25.310585021972656,30.708581924438477,92.73973083496094,48.322696685791016,29.453758239746094,4109.89990234375
2023-05-17,170.302490234375,307.4063415527344,30.151308059692383,173.86000061035156,129.30340576171875,26.429948806762695,30.492847442626953,94.8203125,48.24203872680664,29.559967041015625,4158.77001953125
2023-05-18,172.62985229492188,311.83148193359375,31.649980545043945,176.88999938964844,130.2840118408203,26.33743667602539,30.268821716308594,95.67967224121094,48.86792755126953,29.519126892089844,4198.0498046875
2023-05-19,172.73834228515625,311.65533447265625,31.23634910583496,180.13999938964844,129.98512268066406,26.00440788269043,30.509443283081055,96.12294006347656,48.36463165283203,29.453758239746094,4191.97998046875
2023-05-22,171.79161071777344,314.4356384277344,31.148426055908203,188.8699951171875,128.91114807128906,26.217178344726562,32.15232467651367,94.95600128173828,47.93876266479492,29.380229949951172,4192.6298828125
2023-05-23,169.1881103515625,308.6399230957031,30.660860061645508,185.77000427246094,127.5662612915039,26.439199447631836,32.89079284667969,96.24958038330078,47.84843826293945,29.60900115966797,4145.580078125
2023-05-24,169.46421813964844,307.259521484375,30.5109920501709,182.89999389648438,126.39883422851562,25.995153427124023,32.05276107788086,97.3260498046875,47.629051208496094,29.306692123413086,4115.240234375
2023-05-25,170.59835815429688,319.0760803222656,37.946407318115234,184.47000122070312,126.70703125,26.059913635253906,31.38896369934082,95.58016967773438,47.15478515625,28.448822021484375,4151.27978515625
2023-05-26,173.0045928955078,325.8997497558594,38.91155242919922,193.1699981689453,127.89311981201172,26.189424514770508,31.1981258392334,94.95600128173828,47.23867416381836,28.595884323120117,4205.4501953125
2023-05-30,174.84877014160156,324.2550964355469,40.07551956176758,201.16000366210938,128.37876892089844,26.143169403076172,30.708581924438477,94.11471557617188,47.122528076171875,28.51418113708496,4205.52001953125
2023-05-31,174.79945373535156,321.4942626953125,37.800533294677734,203.92999267578125,126.7444076538086,25.708375930786133,31.54662322998047,92.43216705322266,47.383853912353516,29.110612869262695,4179.830078125
2023-06-01,177.60020446777344,325.5962829589844,39.73482894897461,207.52000427246094,128.4908447265625,25.904197692871094,31.54662322998047,93.49959564208984,47.55807113647461,29.184141159057617,4221.02001953125
2023-06-02,178.4482879638672,328.3570861816406,39.29221725463867,213.97000122070312,131.18994140625,26.77139663696289,31.828731536865234,95.67064666748047,48.01296615600586,28.252737045288086,4282.3701171875
2023-06-05,177.0972137451172,328.8857421875,39.136348724365234,217.61000061035156,129.9010772705078,26.612878799438477,32.06935501098633,95.2454833984375,48.32914352416992,28.15468406677246,4273.7900390625
2023-06-06,176.73236083984375,326.67315673828125,38.61981201171875,221.30999755859375,130.1345672607422,27.25628662109375,31.837026596069336,96.0234375,48.322696685791016,28.35077667236328,4283.85009765625
2023-06-07,175.36158752441406,316.5894775390625,37.44572067260742,224.57000732421875,131.39535522460938,27.489404678344727,32.26848220825195,98.17638397216797,48.39366912841797,28.80830955505371,4267.52001953125
2023-06-08,178.07354736328125,318.4300231933594,38.47991943359375,234.86000061035156,131.4327392578125,27.25628662109375,32.43442916870117,97.86881256103516,49.09376525878906,28.947206497192383,4293.93017578125
2023-06-09,178.45816040039062,319.9278869628906,38.73971939086914,244.39999389648438,131.6942596435547,27.293590545654297,32.33486557006836,97.14514923095703,49.39057159423828,28.97988510131836,4298.85986328125
2023-06-12,181.2490234375,324.8816223144531,39.4511604309082,249.8300018310547,131.68492126464844,27.163036346435547,33.10652542114258,96.26766204833984,49.71642303466797,29.09427261352539,4338.93017578125
2023-06-13,180.77565002441406,327.2704162597656,40.989959716796875,258.7099914550781,132.6375274658203,27.414810180664062,33.42182540893555,96.2857666015625,50.10358428955078,28.988054275512695,4369.009765625
2023-06-14,181.40682983398438,330.25634765625,42.963417053222656,256.7900085449219,132.1425323486328,27.153715133666992,32.65846633911133,95.12787628173828,50.61009979248047,29.19231605529785,4372.58984375
2023-06-15,183.43833923339844,340.7904052734375,42.619686126708984,255.89999389648438,133.63682556152344,27.386837005615234,32.9820671081543,95.78824615478516,50.88755798339844,29.772397994995117,4425.83984375
2023-06-16,182.36343383789062,335.1415710449219,42.65864562988281,260.5400085449219,133.79562377929688,27.21898651123047,33.239280700683594,95.1007308959961,50.17778778076172,29.788738250732422,4409.58984375
2023-06-20,182.45213317871094,330.9513854980469,43.773780822753906,274.45001220703125,133.1138153076172,26.92059898376465,32.641868591308594,92.92064666748047,49.735782623291016,29.25766944885254,4388.7099609375
2023-06-21,181.4166717529297,326.55572509765625,43.011375427246094,259.4599914550781,132.91769409179688,26.640853881835938,32.27678680419922,93.96094512939453,49.83257293701172,29.274009704589844,4365.68994140625
2023-06-22,184.4146270751953,332.5765686035156,42.99139404296875,264.6099853515625,130.35873413085938,26.07204246520996,32.1357307434082,93.4453125,50.24876403808594,29.290355682373047,4381.89013671875
2023-06-23,184.0990753173828,327.98504638671875,42.17603302001953,256.6000061035156,129.67694091796875,25.876216888427734,31.77894401550293,92.63117218017578,50.15519332885742,29.01256561279297,4348.330078125
2023-06-26,182.70858764648438,321.6998596191406,40.60026931762695,241.0500030517578,129.99449157714844,26.19326400756836,30.609010696411133,94.34086608886719,50.02292251586914,29.502782821655273,4328.81982421875
2023-06-27,185.4600067138672,327.5445251464844,41.843292236328125,250.2100067138672,130.00384521484375,26.333133697509766,30.219039916992188,94.5760726928711,49.842247009277344,29.862276077270508,4378.41015625
2023-06-28,186.63352966308594,328.797607421875,41.08488464355469,256.239990234375,129.43411254882812,26.174612045288086,30.11117172241211,95.34498596191406,50.11325454711914,30.082874298095703,4376.85986328125
2023-06-29,186.96884155273438,328.0144348144531,40.79011535644531,257.5,133.95437622070312,26.724775314331055,29.97011375427246,96.52096557617188,49.77450180053711,30.22176742553711,4396.43994140625
2023-06-30,191.2882843017578,333.38916015625,42.26895523071289,261.7699890136719,135.8315887451172,26.75274658203125,30.434768676757812,97.01848602294922,50.71010971069336,30.385168075561523,4450.3798828125
2023-07-03,189.79920959472656,330.8926696777344,42.37986755371094,279.82000732421875,136.92428588867188,27.228313446044922,30.409879684448242,97.20845794677734,51.039188385009766,30.458702087402344,4455.58984375
2023-07-05,188.68478393554688,331.04931640625,42.28395080566406,282.4800109863281,136.01214599609375,27.116413116455078,30.252227783203125,96.71092987060547,51.01015853881836,30.62209701538086,4446.81982421875
2023-07-06,189.1581573486328,334.103759765625,42.07011413574219,276.5400085449219,134.66746520996094,26.370437622070312,29.56354522705078,93.10155487060547,50.68752670288086,30.33615493774414,4411.58984375
2023-07-07,188.04376220703125,330.13885498046875,42.46979904174805,274.42999267578125,135.7300262451172,26.603553771972656,29.48056983947754,93.31867980957031,49.51962661743164,29.85628318786621,4398.9501953125
2023-07-10,186.00241088867188,324.8619689941406,42.147056579589844,269.6099853515625,136.4917449951172,26.724775314331055,29.60502815246582,94.70271301269531,49.96807098388672,29.224227905273438,4409.52978515625
2023-07-11,185.47972106933594,325.4886474609375,42.371883392333984,269.7900085449219,138.62631225585938,27.060468673706055,29.887147903442383,95.860595703125,49.89387130737305,29.09947967529297,4439.259765625
2023-07-12,187.14637756347656,330.1192321777344,43.867706298828125,271.989990234375,139.3127899169922,27.37750816345215,29.86224937438965,96.33099365234375,50.01969528198242,28.99136734008789,4472.16015625
2023-07-13,187.9056854248047,335.4645690917969,45.941097259521484,277.8999938964844,139.9898223876953,27.66657829284668,29.92033576965332,94.5670166015625,49.726104736328125,28.80840301513672,4510.0400390625
2023-07-14,188.05361938476562,337.99041748046875,45.43348693847656,281.3800048828125,140.8361358642578,27.144390106201172,30.136064529418945,91.3104476928711,49.8970947265625,28.284460067749023,4505.419921875
2023-07-17,191.30799865722656,338.47015380859375,46.42470932006836,290.3800048828125,144.23081970214844,27.414810180664062,29.754384994506836,91.70848083496094,49.958396911621094,26.163753509521484,4522.7900390625
2023-07-18,191.0515899658203,351.94122314453125,47.45690155029297,293.3399963378906,144.4940948486328,28.627029418945312,30.06968879699707,91.29236602783203,49.868064880371094,26.837387084960938,4554.97998046875
2023-07-19,192.40267944335938,347.623779296875,47.04022979736328,291.260009765625,145.0489044189453,29.400983810424805,30.235628128051758,91.92559814453125,49.88420104980469,28.251195907592773,4565.72021484375
2023-07-20,190.45993041992188,339.5862121582031,45.48444747924805,262.8999938964844,146.83555603027344,29.55017852783203,30.509443283081055,93.5448226928711,50.8068962097168,27.97675132751465,4534.8701171875
2023-07-21,189.28636169433594,336.55126953125,44.274391174316406,260.0199890136719,145.7071533203125,29.820598602294922,31.03218650817871,93.97901916503906,51.09403991699219,28.176349639892578,4536.33984375
2023-07-24,190.08514404296875,337.8631286621094,44.577152252197266,269.05999755859375,148.5751953125,30.445354461669922,31.12344741821289,95.45352172851562,51.394073486328125,28.25951385498047,4554.64013671875
2023-07-25,190.94314575195312,343.60992431640625,45.6433219909668,265.2799987792969,147.4656219482422,29.9791202545166,30.75006866455078,95.59825897216797,51.35213088989258,28.475740432739258,4567.4599609375
2023-07-26,191.81094360351562,330.6772766113281,45.416500091552734,264.3500061035156,148.34954833984375,30.221559524536133,30.87452507019043,95.06454467773438,51.53602600097656,28.558908462524414,4566.75
2023-07-27,190.54864501953125,323.77532958984375,45.8641471862793,255.7100067138672,146.7133331298828,29.792625427246094,30.371135711669922,95.36307525634766,51.348907470703125,27.901901245117188,4537.41015625
2023-07-28,193.12258911132812,331.2646789550781,46.71348190307617,266.44000244140625,147.55023193359375,29.74599838256836,30.26207160949707,94.22325897216797,51.59087371826172,28.301095962524414,4582.22998046875
2023-07-31,193.7340087890625,328.86614990234375,46.6925048828125,267.42999267578125,148.53762817382812,29.839242935180664,30.253686904907227,97.00943756103516,51.57474136352539,28.342681884765625,4588.9599609375
2023-08-01,192.90562438964844,329.27734375,46.470672607421875,261.07000732421875,147.80413818359375,29.484905242919922,29.876140594482422,96.44859313964844,51.33278274536133,27.802101135253906,4576.72998046875
2023-08-02,189.91751098632812,320.6229248046875,44.23442077636719,254.11000061035156,146.13026428222656,29.083940505981445,29.658002853393555,95.2454833984375,51.368263244628906,27.71062469482422,4513.39013671875
2023-08-03,188.52699279785156,319.8006286621094,44.480224609375,259.32000732421875,147.0236358642578,29.289087295532227,29.36436653137207,96.9009017944336,51.38117218017578,27.494394302368164,4501.89013671875
2023-08-04,179.47390747070312,320.8970947265625,44.64509963989258,253.86000061035156,146.7133331298828,29.18651008605957,29.381145477294922,97.1722640991211,51.08435821533203,27.128467559814453,4478.02978515625
2023-08-07,176.3773651123047,323.1781311035156,45.38152313232422,251.4499969482422,147.4091796875,29.727346420288086,29.93486785888672,96.9732666015625,51.77799987792969,27.053617477416992,4518.43994140625
2023-08-08,177.31419372558594,319.2033996582031,44.62910842895508,249.6999969482422,146.5816650390625,29.158536911010742,29.901308059692383,97.45268249511719,51.82962417602539,27.086883544921875,4499.3798828125
2023-08-09,175.72645568847656,315.463623046875,42.520751953125,242.19000244140625,144.6163330078125,28.77622413635254,30.069107055664062,99.10811614990234,51.91350555419922,27.20331573486328,4467.7099609375
2023-08-10,175.50950622558594,316.14892578125,42.35489273071289,245.33999633789062,144.40005493164062,28.8508243560791,29.968427658081055,99.61470794677734,51.887603759765625,27.461130142211914,4468.830078125
2023-08-11,175.5687255859375,314.269287109375,40.823089599609375,242.64999389648438,145.23699951171875,29.177188873291016,30.23690414428711,101.16156768798828,52.19194412231445,27.743892669677734,4464.0498046875
2023-08-14,177.21788024902344,317.235595703125,43.71882247924805,239.75999450683594,145.53790283203125,28.84149742126465,30.26207160949707,101.24298095703125,51.80342102050781,27.910221099853516,4489.72021484375
2023-08-15,175.2329864501953,315.1013488769531,43.905677795410156,232.9600067138672,141.83291625976562,27.918346405029297,29.691564559936523,98.64374542236328,51.537925720214844,27.660724639892578,4437.85986328125
2023-08-16,174.36399841308594,314.3361511230469,43.45203399658203,225.60000610351562,141.23109436035156,27.31223487854004,29.767072677612305,96.98385620117188,51.56382751464844,27.669042587280273,4404.330078125
2023-08-17,171.8261260986328,310.8827819824219,43.310142517089844,219.22000122070312,139.76414489746094,27.30291175842285,30.631223678588867,98.86260986328125,50.40796661376953,27.494394302368164,4370.35986328125
2023-08-18,172.30999755859375,310.4903869628906,43.265174865722656,215.49000549316406,140.08387756347656,27.144390106201172,30.757070541381836,100.35832214355469,51.13321304321289,27.594194412231445,4369.7099609375
2023-08-21,173.6431121826172,315.7881774902344,46.93031692504883,231.27999877929688,140.56344604492188,27.181686401367188,31.05071449279785,99.14533996582031,50.997230529785156,27.44449806213379,4399.77001953125
2023-08-22,175.01573181152344,316.3572082519531,45.632328033447266,233.19000244140625,137.6483612060547,26.519630432128906,30.908090591430664,98.58900451660156,50.83534240722656,27.610828399658203,4387.5498046875
2023-08-23,178.8571319580078,320.81121826171875,47.079200744628906,236.86000061035156,138.57928466796875,26.528955459594727,30.757070541381836,97.72259521484375,51.188255310058594,27.602506637573242,4436.009765625
2023-08-24,174.17636108398438,313.9143371582031,47.126155853271484,230.0399932861328,138.44764709472656,26.687475204467773,30.337583541870117,96.99298095703125,50.79648971557617,27.76052474975586,4376.31005859375
2023-08-25,176.37850952148438,316.8673400878906,45.98206329345703,238.58999633789062,138.2783966064453,26.575580596923828,30.52216148376465,98.72581481933594,51.09760284423828,27.735570907592773,4405.7099609375
2023-08-28,177.93875122070312,317.5736999511719,46.79841613769531,238.82000732421875,138.75796508789062,26.818021774291992,30.379528045654297,99.55572509765625,51.38899230957031,27.901901245117188,4433.31005859375
2023-08-29,181.8196563720703,322.194580078125,48.74589157104492,257.17999267578125,139.88638305664062,27.20033836364746,30.329191207885742,100.14854431152344,51.819602966308594,28.849985122680664,4497.6298828125
2023-08-30,185.3055419921875,322.5673522949219,49.22551727294922,256.8999938964844,139.32215881347656,27.079118728637695,30.119447708129883,101.12442016601562,52.19194412231445,28.80840301513672,4514.8701171875
2023-08-31,185.52281188964844,321.556884765625,49.31644821166992,258.0799865722656,137.6013641357422,26.956886291503906,29.683176040649414,101.40713500976562,52.648468017578125,29.09116554260254,4507.66015625
2023-09-01,187.0929412841797,322.4398193359375,48.471107482910156,245.00999450683594,138.06210327148438,27.248361587524414,30.018768310546875,103.5321273803711,52.31174087524414,28.99136734008789,4515.77001953125
2023-09-05,187.32994079589844,327.2372131347656,48.51007843017578,256.489990234375,136.5387420654297,26.938077926635742,29.683176040649414,103.54125213623047,51.89083480834961,28.52564239501953,4496.830078125
2023-09-06,180.62481689453125,326.5799865722656,47.028114318847656,251.9199981689453,136.31307983398438,26.693613052368164,28.835803985595703,104.43502807617188,52.279361724853516,28.425844192504883,4465.47998046875
2023-09-07,175.3416290283203,323.66619873046875,46.20869064331055,251.49000549316406,135.1470184326172,26.44915199279785,28.76029396057129,103.92430114746094,52.92690658569336,28.11813735961914,4451.14013671875
2023-09-08,175.95387268066406,327.9436340332031,45.540157318115234,248.5,135.25047302246094,26.665407180786133,28.73512840270996,105.4382553100586,53.0240364074707,27.818737030029297,4457.490234375
2023-09-11,177.119140625,331.544189453125,45.14643478393555,273.5799865722656,135.8428955078125,26.778236389160156,28.475040435791016,104.1158447265625,53.208587646484375,28.226247787475586,4487.4599609375
2023-09-12,174.0973663330078,325.490966796875,44.83863830566406,267.4800109863281,137.61074829101562,27.23895835876465,28.65123176574707,107.15283966064453,53.26687240600586,28.309415817260742,4461.89990234375
2023-09-13,172.0334930419922,329.69976806640625,45.453216552734375,271.29998779296875,137.6765594482422,27.15433692932129,28.592498779296875,106.19522857666016,53.27981948852539,28.15971565246582,4467.43994140625
2023-09-14,173.5443572998047,332.289794921875,45.54915237426758,276.0400085449219,140.34713745117188,27.455215454101562,28.65123176574707,108.09220886230469,53.50321960449219,28.309415817260742,4505.10009765625
2023-09-15,172.82347106933594,323.97027587890625,43.86932373046875,274.3900146484375,139.93338012695312,27.116727828979492,28.5841121673584,106.43234252929688,53.30572509765625,28.10149574279785,4450.31982421875
2023-09-18,175.7465057373047,322.8322448730469,43.93528366088867,265.2799987792969,140.22488403320312,27.041507720947266,28.223344802856445,107.2896499633789,52.910709381103516,27.885265350341797,4453.52978515625
2023-09-19,176.83274841308594,322.4300231933594,43.48958969116211,266.5,140.04623413085938,26.938077926635742,28.516992568969727,107.00692749023438,52.89776611328125,27.777158737182617,4443.9501953125
2023-09-20,173.2974853515625,314.69915771484375,42.2094841003418,262.5899963378906,139.45382690429688,26.844057083129883,28.20656394958496,106.15875244140625,53.069358825683594,27.9434871673584,4402.2001953125
2023-09-21,171.7569580078125,313.482666015625,40.988338470458984,255.6999969482422,138.36300659179688,26.373929977416992,27.560550689697266,104.66303253173828,52.4250602722168,27.685672760009766,4330.0
2023-09-22,172.60623168945312,311.0102844238281,41.5809211730957,244.8800048828125,137.03713989257812,25.98843002319336,27.426313400268555,104.82720184326172,52.56428527832031,27.67735481262207,4320.06005859375
2023-09-25,173.8800811767578,311.5303039550781,42.1924934387207,246.99000549316406,137.71417236328125,25.95081901550293,27.669618606567383,106.00370788574219,52.797401428222656,27.577560424804688,4337.43994140625
2023-09-26,169.8115692138672,306.2324523925781,41.8817138671875,244.1199951171875,136.2848358154297,25.5465145111084,27.183008193969727,106.16788482666016,52.612857818603516,27.436176300048828,4273.52978515625
2023-09-27,168.3007049560547,306.8702087402344,42.43832015991211,240.5,137.0841827392578,25.640541076660156,26.93131446838379,109.6244125366211,52.36030960083008,26.945505142211914,4274.509765625
2023-09-28,168.55746459960938,307.70416259765625,43.05888748168945,246.3800048828125,138.7861785888672,25.913209915161133,26.92292594909668,108.95863342285156,52.625797271728516,27.070247650146484,4299.7001953125
2023-09-29,169.0709686279297,309.7742004394531,43.46860122680664,250.22000122070312,136.3694610595703,25.74396514892578,27.829025268554688,107.23490905761719,51.780757904052734,26.953821182250977,4288.0498046875
2023-10-02,171.5792236328125,315.7096862792969,44.75070571899414,251.60000610351562,135.19403076171875,25.104598999023438,28.475040435791016,105.45648193359375,51.8358039855957,26.41324806213379,4288.39013671875
2023-10-03,170.24610900878906,307.4588317871094,43.48659133911133,246.52999877929688,134.19723510742188,24.361804962158203,28.441486358642578,105.6388931274414,51.5087890625,26.596210479736328,4229.4501953125
2023-10-04,171.4903564453125,312.9234313964844,44.01022720336914,261.1600036621094,134.7991180419922,24.390010833740234,27.94648551940918,101.68986511230469,52.127197265625,26.230287551879883,4263.75
2023-10-05,172.72471618652344,313.3158264160156,44.65677261352539,260.04998779296875,135.36746215820312,24.502838134765625,28.080720901489258,99.40070343017578,51.505550384521484,26.46314811706543,4258.18994140625
2023-10-06,175.27252197265625,321.0663757324219,45.73001480102539,260.5299987792969,137.45152282714844,24.512243270874023,27.795469284057617,97.74083709716797,50.641075134277344,26.204078674316406,4308.5
2023-10-09,176.75376892089844,323.5779113769531,45.241363525390625,259.6700134277344,137.1388702392578,24.737899780273438,27.85419273376465,101.160888671875,50.4565315246582,26.713722229003906,4335.66015625
2023-10-10,176.16127014160156,322.1749267578125,45.76599884033203,263.6199951171875,137.9724884033203,25.396072387695312,27.829025268554688,100.73223876953125,51.026371002197266,26.977035522460938,4358.240234375
2023-10-11,177.5536346435547,326.1286926269531,46.77329635620117,262.989990234375,138.44615173339844,25.405475616455078,27.778690338134766,97.12065124511719,51.23033905029297,26.72221565246582,4376.9501953125
2023-10-12,178.45228576660156,324.89251708984375,46.91219711303711,258.8699951171875,138.12408447265625,25.292646408081055,27.619277954101562,97.1024169921875,51.46345901489258,26.255041122436523,4349.60986328125
2023-10-13,176.6155242919922,321.5274658203125,45.429229736328125,251.1199951171875,140.19863891601562,25.161012649536133,26.9397029876709,100.20328521728516,51.74838638305664,26.05118751525879,4327.77978515625
2023-10-16,176.4871368408203,326.34454345703125,46.06278991699219,253.9199981689453,140.05654907226562,25.377269744873047,27.91292381286621,100.27625274658203,52.19518280029297,26.543840408325195,4373.6298828125
2023-10-17,174.93673706054688,325.7754821777344,43.90729522705078,254.85000610351562,139.75341796875,25.969623565673828,27.476654052734375,101.58953857421875,52.2631721496582,26.764686584472656,4373.2001953125
2023-10-18,173.6431121826172,323.86236572265625,42.16651153564453,242.67999267578125,138.21881103515625,25.67814826965332,26.352415084838867,103.01228332519531,52.302032470703125,26.373958587646484,4314.60009765625
2023-10-19,173.26785278320312,325.0494689941406,42.07158279418945,220.11000061035156,137.63148498535156,25.34906005859375,26.167842864990234,103.07613372802734,52.0527229309082,26.824142456054688,4278.0
2023-10-20,170.72007751464844,320.4875183105469,41.35807418823242,211.99000549316406,135.41481018066406,24.737899780273438,25.71479034423828,101.30682373046875,51.401947021484375,26.815649032592773,4224.16015625
2023-10-23,170.83860778808594,323.08734130859375,42.944969177246094,212.0800018310547,133.567626953125,24.042118072509766,25.874197006225586,99.82022857666016,52.13043212890625,26.662755966186523,4217.0400390625
2023-10-24,171.27310180664062,324.27447509765625,43.63248825073242,216.52000427246094,133.72866821289062,23.948091506958008,25.530216217041016,98.85350036621094,52.85567855834961,29.134521484375,4247.68017578125
2023-10-25,168.9623260498047,334.2225341796875,41.74980545043945,212.4199981689453,132.99923706054688,24.023313522338867,25.781909942626953,99.03588104248047,52.697025299072266,28.616378784179688,4186.77001953125
2023-10-26,164.804931640625,321.68438720703125,40.297821044921875,205.75999450683594,133.34027099609375,24.55925750732422,26.142671585083008,98.13300323486328,52.376495361328125,29.278921127319336,4137.22998046875
2023-10-27,166.1183319091797,323.56805419921875,40.47169494628906,207.3000030517578,128.53753662109375,23.666019439697266,25.26174545288086,96.26335906982422,52.18222427368164,28.404027938842773,4117.3701171875
2023-10-30,168.1624298095703,330.9261474609375,41.13223648071289,197.36000061035156,130.1763458251953,24.154949188232422,25.63089370727539,96.5643310546875,52.78120803833008,29.406326293945312,4166.81982421875
2023-10-31,168.63644409179688,331.7109680175781,40.75149917602539,200.83999633789062,131.72987365722656,24.7661075592041,25.6392879486084,96.53695678710938,52.90747833251953,29.83953094482422,4193.7998046875
2023-11-01,171.79649353027344,339.52032470703125,42.295433044433594,205.66000366210938,131.6162109375,24.82252311706543,25.59733772277832,96.34544372558594,53.38018798828125,30.068866729736328,4237.85986328125
2023-11-02,175.35150146484375,341.72772216796875,43.47559356689453,218.50999450683594,133.96548461914062,25.969623565673828,25.588943481445312,99.5101547241211,53.590641021728516,30.493568420410156,4317.77978515625
2023-11-03,174.4429931640625,346.1229248046875,44.97355270385742,219.9600067138672,135.46218872070312,26.72182273864746,26.2265682220459,98.29715728759766,53.312191009521484,30.595500946044922,4358.33984375
2023-11-06,176.9907684326172,349.7823486328125,45.71903610229492,219.27000427246094,136.48529052734375,26.6372013092041,26.159452438354492,96.55521392822266,53.383419036865234,30.272722244262695,4365.97998046875
2023-11-07,179.54843139648438,353.7066955566406,45.922889709472656,222.17999267578125,136.41893005371094,26.477359771728516,26.21817970275879,95.04126739501953,53.63272476196289,30.527544021606445,4378.3798828125
2023-11-08,180.60504150390625,356.32611083984375,46.54145812988281,222.11000061035156,137.09153747558594,26.22348976135254,25.857418060302734,93.87387084960938,53.195640563964844,30.383142471313477,4382.77978515625
2023-11-09,180.1310272216797,353.8636474609375,46.91719436645508,209.97999572753906,136.6842041015625,25.88500213623047,25.236705780029297,93.90123748779297,53.072601318359375,30.255725860595703,4347.35009765625
2023-11-10,184.3136749267578,362.6736755371094,48.30122756958008,214.64999389648438,138.7113800048828,26.026039123535156,25.06664276123047,94.6217269897461,53.80756378173828,30.332176208496094,4415.240234375
2023-11-13,182.73158264160156,359.740234375,48.58602523803711,223.7100067138672,138.09567260742188,26.04484748840332,24.64150047302246,95.6158218383789,54.289981842041016,30.42561149597168,4411.5498046875
2023-11-14,185.34205627441406,363.2623291015625,49.62130355834961,237.41000366210938,140.61546325683594,27.474016189575195,24.87958335876465,95.98397064208984,54.28026580810547,30.47657012939453,4495.7001953125
2023-11-15,185.90565490722656,363.4097900390625,48.85383987426758,242.83999633789062,141.846923828125,27.85011863708496,25.67035484313965,95.40415954589844,54.96990966796875,30.578495025634766,4502.8798828125
2023-11-16,187.58665466308594,369.79974365234375,49.4454231262207,233.58999633789062,143.46676635742188,27.774900436401367,25.313230514526367,94.29972076416016,50.52128601074219,30.731399536132812,4508.240234375
2023-11-17,187.56687927246094,363.58673095703125,49.26355743408203,234.3000030517578,144.76455688476562,28.188608169555664,25.44077491760254,96.60061645507812,50.297882080078125,30.77386474609375,4514.02001953125
2023-11-20,189.30715942382812,371.0482482910156,50.37377166748047,235.60000610351562,145.20980834960938,28.21681785583496,25.49178695678711,96.17725372314453,50.28169631958008,31.198570251464844,4547.3798828125
2023-11-21,188.50621032714844,366.7522277832031,49.909095764160156,241.1999969482422,144.9066619873047,27.88772964477539,25.763885498046875,96.14044952392578,50.463008880615234,31.64025115966797,4538.18994140625
2023-11-22,189.16871643066406,371.4512023925781,48.68195724487305,234.2100067138672,145.24769592285156,27.859521865844727,25.780893325805664,95.72628021240234,50.07771682739258,31.725200653076172,4556.6201171875
2023-11-24,187.84371948242188,371.038330078125,47.74261474609375,235.4499969482422,145.4466094970703,27.95354461669922,25.933942794799805,96.2416763305664,50.52775955200195,31.776161193847656,4559.33984375
2023-11-27,187.66574096679688,372.1983947753906,48.208290100097656,236.0800018310547,145.11508178710938,27.793704986572266,25.627840042114258,95.68024444580078,50.75763702392578,31.725200653076172,4550.43017578125
2023-11-28,188.26889038085938,376.2191162109375,47.78758239746094,246.72000122070312,145.4466094970703,27.7655029296875,25.245210647583008,95.62504577636719,51.363094329833984,31.827125549316406,4554.89013671875
2023-11-29,187.2504425048828,372.4343566894531,48.106361389160156,244.13999938964844,146.18548583984375,28.498889923095703,25.576824188232422,94.18927764892578,50.53424072265625,32.073455810546875,4550.580078125
2023-11-30,187.82394409179688,372.49334716796875,46.73731994628906,240.0800018310547,147.8527374267578,28.89694595336914,25.908435821533203,94.55742645263672,50.40796661376953,32.5576171875,4567.7998046875
2023-12-01,189.09950256347656,368.1678161621094,46.732322692871094,238.8300018310547,148.57264709472656,29.342388153076172,24.58197784423828,94.78752136230469,49.97087097167969,32.76996612548828,4594.6298828125
2023-12-04,187.3097381591797,362.88873291015625,45.47819900512695,235.5800018310547,149.66204833984375,29.209705352783203,24.896589279174805,94.27210998535156,49.95793533325195,32.31128692626953,4569.77978515625
2023-12-05,191.25511169433594,366.2115173339844,46.53755569458008,238.72000122070312,149.6431121826172,28.98224449157715,24.735029220581055,92.44061279296875,50.4209098815918,32.63405990600586,4567.18017578125
2023-12-06,190.16741943359375,362.55450439453125,45.47520065307617,239.3699951171875,148.0706024169922,28.934858322143555,24.479944229125977,91.21653747558594,49.87374496459961,32.70201110839844,4549.33984375
2023-12-07,192.09559631347656,364.6681213378906,46.567535400390625,242.63999938964844,148.52529907226562,29.058061599731445,24.343896865844727,90.58148956298828,49.54551696777344,32.82942199707031,4585.58984375
2023-12-08,193.51947021484375,367.892578125,47.47698211669922,243.83999633789062,150.1641082763672,29.342388153076172,24.471445083618164,91.62150573730469,49.02556228637695,32.48965835571289,4604.3701171875
2023-12-11,191.01780700683594,365.0121765136719,46.5985221862793,239.74000549316406,150.71356201171875,29.238136291503906,24.352397918701172,91.6859130859375,49.149051666259766,31.997005462646484,4622.43994140625
2023-12-12,192.5306854248047,368.0400085449219,47.62788772583008,237.00999450683594,152.05870056152344,29.133882522583008,24.301380157470703,90.24095153808594,49.188045501708984,31.682727813720703,4643.7001953125
2023-12-13,195.7443084716797,368.0301818847656,48.058624267578125,239.2899932861328,152.57020568847656,30.3659610748291,22.668819427490234,91.04165649414062,50.062225341796875,31.419408798217773,4707.08984375
2023-12-14,195.89260864257812,359.7331237792969,48.32046127319336,251.0500030517578,155.34579467773438,32.16668701171875,22.218162536621094,93.48981475830078,49.45127487182617,32.1668815612793,4719.5498046875
2023-12-15,195.3586883544922,364.45184326171875,48.860130310058594,253.5,156.52040100097656,31.844453811645508,22.643308639526367,92.86397552490234,49.636505126953125,31.74217987060547,4719.18994140625
2023-12-18,193.6974639892578,366.3393249511719,50.04640579223633,252.0800018310547,157.46771240234375,31.68334197998047,23.008935928344727,93.55423736572266,50.361202239990234,31.997005462646484,4740.56005859375
2023-12-19,194.7357177734375,366.9389953613281,49.57368850708008,257.2200012207031,159.57066345214844,31.759157180786133,23.944259643554688,94.78752136230469,50.54319381713867,31.912067413330078,4768.3701171875
2023-12-20,192.6493377685547,364.3436584472656,48.08161163330078,247.13999938964844,157.7708282470703,31.256851196289062,23.493602752685547,93.2044906616211,49.95172882080078,31.682727813720703,4698.35009765625
2023-12-21,192.50100708007812,367.2142639160156,48.96007537841797,254.5,158.67076110839844,31.465351104736328,24.071802139282227,93.62786102294922,50.30596160888672,31.793148040771484,4746.75
2023-12-22,191.43309020996094,368.23663330078125,48.8001708984375,252.5399932861328,158.57603454589844,31.68334197998047,24.14832878112793,93.79351806640625,50.90715789794922,31.84412384033203,4754.6298828125
2023-12-26,190.8892822265625,368.3152770996094,49.2488899230957,256.6099853515625,159.51385498046875,32.09086608886719,24.15683364868164,94.00521087646484,50.82916259765625,31.835620880126953,4774.75
2023-12-27,190.98812866210938,367.7352600097656,49.38680648803711,261.44000244140625,160.47059631347656,32.07191467285156,24.326892852783203,93.56343078613281,51.3068733215332,31.69122314453125,4781.580078125
2023-12-28,191.41331481933594,368.9248046875,49.49174118041992,253.17999267578125,161.3231658935547,32.10982894897461,24.479944229125977,92.21051025390625,51.20612716674805,31.84412384033203,4783.35009765625
2023-12-29,190.3750762939453,369.6719055175781,49.49174118041992,248.47999572753906,161.13369750976562,31.910789489746094,24.479944229125977,92.01725006103516,51.23212814331055,32.022491455078125,4769.830078125
2024-01-02,183.5621795654297,364.5894470214844,48.138572692871094,248.4199981689453,163.0093536376953,32.128780364990234,25.279216766357422,94.20767974853516,51.76509475708008,33.02478790283203,4742.830078125
2024-01-03,182.18775939941406,364.32403564453125,47.53993606567383,238.4499969482422,162.29885864257812,31.778108596801758,25.279216766357422,94.99919891357422,51.76833724975586,33.26261901855469,4704.81005859375
2024-01-04,179.87393188476562,361.7090759277344,47.96868133544922,237.92999267578125,163.37591552734375,32.034000396728516,24.735029220581055,94.17088317871094,51.26788330078125,33.44099044799805,4688.68017578125
2024-01-05,179.15211486816406,361.5223388671875,49.0670051574707,237.49000549316406,164.19558715820312,32.63108444213867,25.058141708374023,94.4561767578125,50.926658630371094,34.145992279052734,4697.240234375
2024-01-08,183.48306274414062,368.3447570800781,52.22107696533203,240.4499969482422,163.95733642578125,32.37519454956055,25.151676177978516,92.88237762451172,51.42711639404297,34.061058044433594,4763.5400390625
2024-01-09,183.06777954101562,369.4261474609375,53.10753631591797,234.9600067138672,162.6610565185547,31.872886657714844,24.99862289428711,91.73192596435547,51.771583557128906,33.71988296508789,4756.5
2024-01-10,184.10604858398438,376.28790283203125,54.316795349121094,233.94000244140625,163.00421142578125,31.844453811645508,24.649999618530273,90.8299789428711,52.415035247802734,33.75444030761719,4783.4501953125
2024-01-11,183.5127716064453,378.116455078125,54.78850173950195,227.22000122070312,162.3179473876953,31.417964935302734,24.14832878112793,90.81157684326172,52.35654830932617,32.735233306884766,4780.240234375
2024-01-12,183.83908081054688,381.8913879394531,54.67658233642578,218.88999938964844,161.12652587890625,31.086246490478516,24.403417587280273,91.9896240234375,52.42478942871094,33.305294036865234,4783.830078125
2024-01-16,181.57469177246094,383.6609802246094,56.347557067871094,219.91000366210938,160.11622619628906,30.441781997680664,24.080305099487305,89.90962982177734,52.59052658081055,33.935813903808594,4765.97998046875
2024-01-17,180.63531494140625,382.87451171875,56.01876449584961,215.5500030517578,159.2583770751953,30.138500213623047,23.935754776000977,89.25617218017578,52.343544006347656,33.573055267333984,4739.2099609375
2024-01-18,186.5187225341797,387.1999816894531,57.072113037109375,211.8800048828125,159.57296752929688,30.072154998779297,23.884735107421875,89.09050750732422,53.04874038696289,33.633506774902344,4780.93994140625
2024-01-19,189.41592407226562,391.9186706542969,59.45466232299805,212.19000244140625,162.3274688720703,30.536556243896484,24.046293258666992,89.22855377197266,52.76926040649414,33.970367431640625,4839.81005859375
2024-01-22,191.7198486328125,389.7952880859375,59.61756134033203,208.8000030517578,162.13685607910156,30.84930992126465,24.071802139282227,89.10890197753906,52.77251052856445,34.18629837036133,4850.43017578125
2024-01-23,192.99539184570312,392.144775390625,59.83642578125,209.13999938964844,161.06935119628906,31.057817459106445,24.173839569091797,90.11210632324219,52.90574645996094,36.47517013549805,4864.60009765625
2024-01-24,192.32302856445312,395.7427978515625,61.32451248168945,207.8300018310547,162.50856018066406,31.256851196289062,24.088808059692383,91.66751098632812,52.15830612182617,35.654632568359375,4868.5498046875
2024-01-25,191.9967041015625,398.0137023925781,61.57936096191406,182.6300048828125,164.83419799804688,31.645423889160156,23.709047317504883,93.99600219726562,52.91874694824219,36.527000427246094,4894.16015625
2024-01-26,190.2662811279297,397.089599609375,60.993717193603516,183.25,164.20513916015625,31.68334197998047,23.709047317504883,94.79671478271484,53.383460998535156,36.622005462646484,4890.97021484375
2024-01-29,189.5840301513672,402.78155517578125,62.426841735839844,190.92999267578125,164.63401794433594,31.853940963745117,23.717679977416992,94.9163589477539,53.633689880371094,36.3197021484375,4927.93017578125
2024-01-30,185.935302734375,401.6706848144531,62.73564910888672,191.58999633789062,168.0081329345703,32.9722785949707,23.32065773010254,96.49937438964844,53.81241989135742,36.68246841430664,4924.97021484375
2024-01-31,182.3360595703125,390.84716796875,61.48941421508789,187.2899932861328,166.18763732910156,32.233028411865234,23.3724422454834,94.62184143066406,53.70193099975586,36.57881546020508,4845.64990234375
2024-02-01,184.76852416992188,396.942138671875,62.98849868774414,188.86000061035156,165.58717346191406,31.797067642211914,23.553693771362305,94.23529815673828,54.696353912353516,36.699737548828125,4906.18994140625
2024-02-02,183.7698516845703,404.2561950683594,66.11958312988281,187.91000366210938,166.540283203125,31.72124671936035,23.242982864379883,93.8487548828125,55.10581970214844,36.38880157470703,4958.60986328125
2024-02-05,185.579345703125,398.7804870605469,69.28964233398438,181.05999755859375,166.32107543945312,31.266324996948242,22.932268142700195,93.46220397949219,54.810096740722656,35.74100875854492,4942.81005859375
2024-02-06,187.18121337890625,398.6231994628906,68.18132019042969,185.10000610351562,166.8929443359375,31.313716888427734,23.734943389892578,94.10645294189453,55.18381881713867,35.4991569519043,4954.22998046875
2024-02-07,187.29000854492188,407.0382080078125,70.0561752319336,187.5800018310547,167.20748901367188,31.446395874023438,23.786724090576172,94.07884216308594,55.04407501220703,34.911827087402344,4995.06005859375
2024-02-08,186.21218872070312,407.0971984863281,69.59846496582031,189.55999755859375,166.6070098876953,31.389530181884766,23.795358657836914,95.68946075439453,55.040828704833984,34.4713249206543,4997.91015625
2024-02-09,186.9745330810547,413.4281311035156,72.08895111083984,193.57000732421875,166.8071746826172,31.342145919799805,23.786724090576172,93.66468811035156,55.01157760620117,34.30722427368164,5026.60986328125
2024-02-12,185.29139709472656,408.22772216796875,72.20387268066406,188.1300048828125,167.55059814453125,31.86341094970703,23.873037338256836,94.95317840576172,55.34305191040039,34.63543701171875,5021.83984375
2024-02-13,183.2023468017578,399.4391174316406,72.08394622802734,184.02000427246094,166.09231567382812,31.038864135742188,23.277502059936523,94.13573455810547,54.96609115600586,34.661346435546875,4953.169921875
2024-02-14,182.3212127685547,403.29986572265625,73.85486602783203,188.7100067138672,167.7793731689453,31.39900779724121,23.398338317871094,93.67127227783203,54.79059600830078,34.678627014160156,5000.6201171875
2024-02-15,182.0341033935547,400.4141845703125,72.61360931396484,200.4499969482422,171.4394073486328,32.289894104003906,23.743572235107422,96.3558349609375,55.014827728271484,35.058658599853516,5029.72998046875
2024-02-16,180.49948120117188,397.9519348144531,72.56864166259766,199.9499969482422,170.6387481689453,32.30885314941406,23.838512420654297,96.3558349609375,55.362548828125,34.9722900390625,5005.56982421875
2024-02-20,179.75694274902344,396.7011413574219,69.40957641601562,193.75999450683594,171.30592346191406,32.18564224243164,23.812620162963867,95.44551086425781,57.14990234375,34.980926513671875,4975.509765625
2024-02-21,180.50938415527344,396.1003723144531,67.4307861328125,194.77000427246094,172.42111206054688,31.93922996520996,23.881668090820312,97.3962173461914,56.44796371459961,35.4991569519043,4981.7998046875
2024-02-22,182.5390167236328,405.4272766113281,78.49002075195312,197.41000366210938,174.48939514160156,31.853940963745117,23.77809715270996,97.31261444091797,57.003662109375,35.17958450317383,5087.02978515625
2024-02-23,180.70742797851562,404.1370544433594,78.76885986328125,191.97000122070312,175.3662872314453,32.14773178100586,23.9593448638916,96.4580078125,57.052406311035156,35.11912536621094,5088.7998046875
2024-02-26,179.36090087890625,401.37933349609375,79.04369354248047,199.39999389648438,174.7657928466797,31.853940963745117,23.458757400512695,96.83885955810547,58.10533142089844,34.28130340576172,5069.52978515625
2024-02-27,180.8163299560547,401.3202819824219,78.65291595458984,199.72999572753906,174.85157775878906,32.48891830444336,23.208459854125977,96.63449096679688,58.095584869384766,34.48860168457031,5078.18017578125
2024-02-28,179.61831665039062,401.5566101074219,77.61555480957031,202.0399932861328,175.73800659179688,32.51735305786133,23.337921142578125,96.90389251708984,58.12482833862305,34.63543701171875,5069.759765625
2024-02-29,178.9550018310547,407.3871765136719,79.06367492675781,201.8800048828125,177.33926391601562,32.94684982299805,22.92363929748535,97.08966827392578,57.14015579223633,34.56633758544922,5096.27001953125
2024-03-01,177.87582397460938,409.21905517578125,82.22872924804688,202.63999938964844,176.6053466796875,32.78459167480469,22.94953155517578,98.31582641601562,57.2863883972168,34.72180938720703,5137.080078125
2024-03-04,173.361083984375,408.6477966308594,85.18492889404297,188.13999938964844,177.93019104003906,33.54814147949219,22.345369338989258,96.94104766845703,57.81285095214844,34.81681823730469,5130.9501953125
2024-03-05,168.4305419921875,396.5632629394531,85.91551971435547,180.74000549316406,179.71255493164062,33.777198791503906,22.509353637695312,98.13005065917969,58.5343017578125,34.85136032104492,5078.64990234375
2024-03-06,167.44046020507812,396.0117492675781,88.64997100830078,176.5399932861328,180.6466064453125,33.80582809448242,23.467384338378906,99.17971801757812,59.051002502441406,34.48860168457031,5104.759765625
2024-03-07,167.32167053222656,402.9551086425781,92.61672973632812,178.64999389648438,179.06442260742188,34.00625991821289,23.122150421142578,99.73705291748047,58.84626388549805,34.14311218261719,5157.35986328125
2024-03-08,169.03448486328125,400.0793151855469,87.47863006591797,175.33999633789062,179.3980255126953,33.977630615234375,23.493274688720703,100.67526245117188,58.61228561401367,34.125831604003906,5123.68994140625
2024-03-11,171.034423828125,398.4049987792969,85.72562408447266,177.77000427246094,179.46473693847656,34.254417419433594,24.485830307006836,101.2697525024414,59.13874435424805,34.661346435546875,5117.93994140625
2024-03-12,171.50965881347656,409.0023193359375,91.86116027832031,177.5399932861328,180.94207763671875,34.321224212646484,24.17511749267578,100.61952209472656,59.86993408203125,34.661346435546875,5175.27001953125
2024-03-13,169.4305419921875,408.82513427734375,90.83673858642578,169.47999572753906,182.409912109375,34.435760498046875,24.356369018554688,101.74349975585938,59.743202209472656,34.77362823486328,5165.31005859375
2024-03-14,171.2819366455078,418.7920837402344,87.89439392089844,162.5,179.1597137451172,34.06352996826172,24.2786865234375,103.54559326171875,59.69232940673828,34.350399017333984,5150.47998046875
2024-03-15,170.90570068359375,410.1251220703125,87.78746032714844,163.57000732421875,181.3805389404297,33.796287536621094,24.114702224731445,103.35979461669922,59.3597297668457,34.10856628417969,5117.08984375
2024-03-18,171.9947967529297,411.0115051269531,88.40512084960938,173.8000030517578,183.62994384765625,34.36894226074219,23.924819946289062,104.31658935546875,59.53580856323242,34.48860168457031,5149.419921875
2024-03-19,174.33135986328125,415.0396728515625,89.34758758544922,171.32000732421875,184.70697021484375,34.388031005859375,23.847143173217773,105.05042266845703,59.545589447021484,34.523155212402344,5178.509765625
2024-03-20,176.89564514160156,418.80194091796875,90.32103729248047,175.66000366210938,187.1278839111328,35.07522201538086,23.907560348510742,104.95753479003906,59.917327880859375,34.652706146240234,5224.6201171875
2024-03-21,169.66812133789062,422.8793640136719,91.3834228515625,172.82000732421875,189.72991943359375,35.80058670043945,23.873037338256836,105.42198944091797,60.11297607421875,35.01547622680664,5241.52978515625
2024-03-22,170.56910705566406,422.2588806152344,94.23580932617188,170.8300018310547,187.40432739257812,35.361549377441406,23.614112854003906,105.42198944091797,59.545589447021484,34.8686408996582,5234.18017578125
2024-03-25,169.15333557128906,416.4678039550781,94.94841766357422,172.6300048828125,185.68869018554688,35.18021011352539,23.67452621459961,106.49951934814453,59.25212097167969,35.300506591796875,5218.18994140625
2024-03-26,168.0246124267578,415.2760314941406,92.5087890625,177.6699981689453,186.55599975585938,35.39973068237305,23.812620162963867,105.7006607055664,59.193424224853516,35.28322219848633,5203.580078125
2024-03-27,171.58885192871094,415.05938720703125,90.1990966796875,179.8300018310547,190.16835021972656,36.08692169189453,23.976606369018555,106.7967758178711,59.39885330200195,35.87919998168945,5248.490234375
2024-03-28,169.77703857421875,414.3601379394531,90.30504608154297,175.7899932861328,190.91183471679688,36.191898345947266,23.950716018676758,107.97650146484375,58.86082077026367,36.24195861816406,5254.35009765625
2024-04-01,168.3414306640625,418.1519470214844,90.3120346069336,175.22000122070312,189.61557006835938,35.81013107299805,23.924819946289062,108.67317199707031,58.694522857666016,36.51836013793945,5243.77001953125
2024-04-02,167.1632537841797,415.0692138671875,89.40153503417969,166.6300048828125,189.539306640625,35.60015869140625,23.77809715270996,110.80038452148438,57.872798919677734,36.742923736572266,5205.81005859375
2024-04-03,167.9652099609375,414.09417724609375,88.91383361816406,168.3800048828125,189.00558471679688,35.7337760925293,23.493274688720703,110.81896209716797,58.136924743652344,37.002044677734375,5211.490234375
2024-04-04,167.14344787597656,411.5630187988281,85.8565444946289,171.11000061035156,187.56753540039062,35.23747634887695,23.001317977905273,111.20909881591797,58.20540237426758,36.66518783569336,5147.2099609375
2024-04-05,167.8959197998047,419.0874938964844,87.95836639404297,164.89999389648438,189.2931671142578,35.41881561279297,23.00994873046875,112.74180603027344,58.54779052734375,36.380157470703125,5204.33984375
2024-04-08,166.7771453857422,418.1716003417969,87.08384704589844,172.97999572753906,190.28062438964844,35.79104232788086,22.940898895263672,111.9801025390625,58.47930908203125,36.04330825805664,5202.39013671875
2024-04-09,167.98501586914062,419.8360900878906,85.30585479736328,176.8800048828125,189.00555419921875,36.010562896728516,23.1135196685791,112.56531524658203,58.48908996582031,35.845821380615234,5209.91015625
2024-04-10,166.11378479003906,416.8617248535156,86.98990631103516,171.75999450683594,187.3949737548828,34.97977828979492,22.71649742126465,113.51278686523438,59.301025390625,35.5649528503418,5160.64013671875
2024-04-11,173.3016815185547,421.46112060546875,90.56489562988281,174.60000610351562,187.35659790039062,34.69344711303711,22.733760833740234,113.13194274902344,58.782562255859375,35.24897766113281,5199.06005859375
2024-04-12,174.7967071533203,415.5222473144531,88.13626861572266,171.0500030517578,175.23878479003906,34.158966064453125,22.319477081298828,111.8128890991211,58.83147430419922,34.8627815246582,5123.41015625
2024-04-15,170.9750213623047,407.3871765136719,85.95249938964844,161.47999572753906,175.33465576171875,34.31167984008789,22.36263084411621,111.17193603515625,58.62604904174805,35.20509338378906,5061.81982421875
2024-04-16,167.69790649414062,408.3128967285156,87.36569213867188,157.11000061035156,173.33099365234375,33.09956359863281,22.172752380371094,110.2523193359375,58.53800582885742,34.906673431396484,5051.41015625
2024-04-17,166.3315887451172,405.6143493652344,83.98760223388672,155.4499969482422,172.6407470703125,33.624488830566406,21.93971824645996,110.19658660888672,58.35213851928711,34.91545104980469,5022.2099609375
2024-04-18,165.38111877441406,398.15875244140625,84.62323760986328,149.92999267578125,173.7624053955078,34.13988494873047,21.91382598876953,110.09440612792969,57.970619201660156,35.22264862060547,5011.1201171875
2024-04-19,163.36138916015625,393.0866394042969,76.15702056884766,147.0500030517578,178.1244354248047,35.28520202636719,22.440311431884766,111.35771942138672,58.234745025634766,35.53861999511719,4967.22998046875
2024-04-22,164.19305419921875,394.8988342285156,79.47315979003906,142.0500030517578,181.58529663085938,36.010562896728516,22.664710998535156,111.9893798828125,58.83147430419922,33.87974548339844,5010.60009765625
2024-04-23,165.24253845214844,401.4089050292969,82.37651062011719,144.67999267578125,184.2025146484375,36.62139129638672,22.71649742126465,112.42597961425781,57.8043212890625,34.84523010253906,5070.5498046875
2024-04-24,167.3414764404297,402.8763732910156,79.63206481933594,162.1300048828125,185.10369873046875,36.57366943359375,22.6733455657959,112.44454956054688,58.56734848022461,34.660911560058594,5071.6298828125
2024-04-25,168.2028350830078,393.00787353515625,82.58540344238281,170.17999267578125,185.3817138671875,36.18235778808594,21.801626205444336,112.70465087890625,58.89994812011719,34.42393112182617,5048.419921875
2024-04-26,167.61871337890625,400.17779541015625,87.68553161621094,168.2899932861328,185.49676513671875,36.10600662231445,21.922452926635742,109.57421875,58.85103988647461,34.827674865722656,5099.9599609375
2024-04-29,171.7769775390625,396.1692810058594,87.70751190185547,194.0500030517578,185.29542541503906,35.838768005371094,22.129596710205078,111.13477325439453,58.92930221557617,35.18754196166992,5116.169921875
2024-04-30,168.6384735107422,383.4446105957031,86.35327911376953,183.27999877929688,183.8190460205078,35.3233757019043,22.112335205078125,109.86217498779297,58.05866622924805,34.660911560058594,5035.68994140625
2024-05-01,167.61871337890625,388.9698181152344,82.99415588378906,179.99000549316406,183.93409729003906,35.266109466552734,23.458757400512695,107.78142547607422,57.56953811645508,34.4063835144043,5018.39013671875
2024-05-02,171.3116455078125,391.8259582519531,85.76860046386719,180.00999450683594,183.7423553466797,35.199302673339844,23.907560348510742,107.97650146484375,58.41082763671875,34.16938781738281,5064.2001953125
2024-05-03,181.5588836669922,400.5126647949219,88.73892211914062,181.19000244140625,182.63986206054688,35.55243682861328,24.00250244140625,107.75355529785156,58.5184440612793,34.134281158447266,5127.7900390625
2024-05-06,179.90545654296875,407.28863525390625,92.08802032470703,184.75999450683594,184.06832885742188,35.972389221191406,24.304582595825195,108.45023345947266,58.56734848022461,34.520477294921875,5180.740234375
2024-05-07,180.5885772705078,403.152099609375,90.5029296875,177.80999755859375,183.82862854003906,36.11554718017578,23.96797752380371,107.91146850585938,59.301025390625,34.50291442871094,5187.7001953125
2024-05-08,180.9252166748047,404.3340148925781,90.36100006103516,174.72000122070312,187.56753540039062,35.99147033691406,24.399520874023438,107.89289093017578,58.98799133300781,34.65213394165039,5187.669921875
2024-05-09,182.73707580566406,406.0870666503906,88.69694519042969,171.97000122070312,189.34109497070312,36.535499572753906,24.68863868713379,110.02008819580078,59.32959747314453,34.92422103881836,5214.080078125
2024-05-10,181.4779510498047,408.4704895019531,89.82730102539062,168.47000122070312,190.55865478515625,36.697750091552734,24.539697647094727,109.57421875,59.368865966796875,35.459632873535156,5222.68017578125
2024-05-13,184.6802215576172,407.4659118652344,90.3480224609375,171.88999938964844,190.52029418945312,36.468685150146484,24.916423797607422,109.52777862548828,59.30015563964844,35.58251190185547,5221.419921875
2024-05-14,185.82034301757812,410.2629699707031,91.30448150634766,177.5500030517578,193.18544006347656,36.73593521118164,24.863853454589844,110.19266510009766,58.760257720947266,35.53861999511719,5246.68017578125
2024-05-15,188.09068298339844,417.4360046386719,94.57662200927734,173.99000549316406,193.76065063476562,37.13678741455078,25.24934196472168,111.04483795166016,58.730812072753906,35.53861999511719,5308.14990234375
2024-05-16,188.20962524414062,415.3738708496094,94.3057861328125,174.83999633789062,194.1057891845703,37.432655334472656,25.33695411682129,110.37994384765625,62.834014892578125,35.327972412109375,5297.10009765625
2024-05-17,188.2393798828125,414.6043395996094,92.42684173583984,177.4600067138672,196.32992553710938,37.49946975708008,25.091644287109375,112.03746032714844,63.46226119995117,35.16121292114258,5303.27001953125
2024-05-20,189.39932250976562,419.6658935546875,94.72655487060547,174.9499969482422,187.50042724609375,37.05088806152344,24.99527359008789,111.12910461425781,63.000892639160156,35.2138671875,5308.1298828125
2024-05-21,190.69810485839844,423.3164978027344,95.33219909667969,186.60000610351562,191.27764892578125,37.84307098388672,25.021554946899414,110.36121368408203,63.95307159423828,34.7750129699707,5321.41015625
2024-05-22,189.26051330566406,424.7767639160156,94.89643859863281,180.11000061035156,190.11766052246094,37.94804763793945,25.93270492553711,108.1418228149414,64.05123138427734,34.92422103881836,5307.009765625
2024-05-23,185.27505493164062,421.3037109375,103.74047088623047,173.74000549316406,188.78506469726562,37.38493728637695,25.135448455810547,106.29700469970703,63.64875411987305,34.60824203491211,5267.83984375
2024-05-24,188.34844970703125,424.4215393066406,106.40895080566406,179.24000549316406,192.41848754882812,37.890785217285156,25.301908493041992,106.21271514892578,64.17884063720703,34.880340576171875,5304.72021484375
2024-05-28,188.35836791992188,424.5794982910156,113.83675384521484,176.75,191.25845336914062,37.528099060058594,24.79376792907715,107.56121826171875,63.845088958740234,34.54680633544922,5306.0400390625
2024-05-29,188.65576171875,423.4447937011719,114.7602310180664,176.19000244140625,189.9259033203125,36.9554443359375,24.37323570251465,106.40937042236328,63.727298736572266,34.318603515625,5266.9501953125
2024-05-30,189.64718627929688,409.13818359375,110.43768310546875,178.7899932861328,191.0955047607422,36.869544982910156,24.706159591674805,106.74650573730469,63.697845458984375,35.398189544677734,5235.47998046875
2024-05-31,190.59893798828125,409.59210205078125,109.5711669921875,178.0800018310547,194.25918579101562,38.16756820678711,25.109167098999023,109.8087158203125,64.55187225341797,36.11791229248047,5277.509765625
2024-06-03,192.3636474609375,408.0035400390625,114.93513488769531,176.2899932861328,193.4826202392578,38.06258010864258,25.67863655090332,107.1772689819336,64.61077117919922,35.96870422363281,5283.39990234375
2024-06-04,192.68092346191406,410.51953125,116.37133026123047,174.77000427246094,190.9325408935547,37.871700286865234,25.836334228515625,105.5103759765625,65.37642669677734,36.477779388427734,5291.33984375
2024-06-05,194.18785095214844,418.3536376953125,122.3709487915039,175.0,189.1110076904297,38.13893508911133,25.888898849487305,105.93179321289062,65.85742950439453,36.293453216552734,5354.02978515625
2024-06-06,192.80978393554688,418.8568115234375,120.92975616455078,177.94000244140625,188.77548217773438,37.890785217285156,25.23181915283203,106.72777557373047,65.91632843017578,36.275901794433594,5352.9599609375
2024-06-07,195.1990966796875,418.1957702636719,120.81981658935547,177.47999572753906,191.6898956298828,38.19805908203125,25.03907585144043,105.58529663085938,64.6696548461914,35.93359375,5346.990234375
2024-06-10,191.4614715576172,422.162109375,121.72130584716797,173.7899932861328,191.36395263671875,38.092430114746094,24.592262268066406,105.89433288574219,65.72981262207031,35.468406677246094,5360.7900390625
2024-06-11,205.3709716796875,426.9079284667969,120.85173797607422,170.66000366210938,186.33082580566406,37.31464767456055,24.557220458984375,105.04216003417969,65.50404357910156,35.47718811035156,5375.31982421875
2024-06-12,211.24014282226562,435.1761474609375,125.13966369628906,177.2899932861328,183.6177520751953,37.842769622802734,24.233060836791992,103.88095092773438,65.09175872802734,34.906673431396484,5421.02978515625
2024-06-13,212.4001007080078,435.689208984375,129.5475311279297,182.47000122070312,185.65977478027344,37.69873809814453,24.22429847717285,103.04750061035156,65.4745864868164,34.91545104980469,5433.740234375
2024-06-14,210.66514587402344,436.6660461425781,131.81643676757812,178.00999450683594,185.77476501464844,37.679534912109375,24.11916732788086,102.1766128540039,65.7887191772461,34.81889343261719,5431.60009765625
2024-06-17,214.80921936035156,442.3886413574219,130.9168701171875,187.44000244140625,186.9252166748047,37.93879318237305,23.63730812072754,101.4742660522461,66.18136596679688,34.634578704833984,5473.22998046875
2024-06-18,212.4496612548828,440.38568115234375,135.5146484375,184.86000061035156,188.86175537109375,38.39971160888672,24.014034271240234,102.429443359375,66.3580551147461,35.17876052856445,5487.02978515625
2024-06-20,207.87925720214844,439.7542724609375,130.7169647216797,181.57000732421875,190.46275329589844,38.39971160888672,24.303150177001953,104.63948822021484,66.76053619384766,35.31919479370117,5473.169921875
2024-06-21,205.70806884765625,443.77984619140625,126.50899505615234,183.00999450683594,188.190673828125,37.91959762573242,24.303150177001953,103.72175598144531,66.6623764038086,35.31919479370117,5464.6201171875
2024-06-24,206.35247802734375,441.6980285644531,118.05306243896484,182.5800018310547,190.66409301757812,38.42851638793945,24.84633445739746,106.80268859863281,67.6341781616211,36.13546371459961,5447.8701171875
2024-06-25,207.27450561523438,444.9342346191406,126.02923583984375,187.35000610351562,189.88754272460938,37.813968658447266,24.522174835205078,107.10236358642578,66.18136596679688,36.05647659301758,5469.2998046875
2024-06-26,211.4185791015625,446.12811279296875,126.33907318115234,196.3699951171875,189.2739715576172,37.44907760620117,24.02280044555664,107.13980865478516,67.03538513183594,36.00381088256836,5477.89990234375
2024-06-27,212.26129150390625,446.80889892578125,123.93024444580078,197.4199981689453,190.94212341308594,37.68914031982422,24.355714797973633,107.59868621826172,66.63290405273438,35.828269958496094,5482.8701171875
2024-06-28,208.81117248535156,440.9875793457031,123.48046112060547,197.8800048828125,193.9044647216797,38.18845748901367,24.51341438293457,107.8047103881836,66.4660415649414,36.1969108581543,5460.47998046875
2024-07-01,214.8885498046875,450.6371154785156,124.24009704589844,209.86000061035156,196.96267700195312,38.418907165527344,24.72368049621582,107.65486907958984,66.24026489257812,36.63576126098633,5475.08984375
2024-07-02,218.3782958984375,453.1531066894531,122.61087799072266,231.25999450683594,200.2030487060547,39.30233383178711,24.38199806213379,106.92443084716797,66.8194351196289,36.07402420043945,5509.009765625
2024-07-03,219.64732360839844,454.6231994628906,128.21817016601562,246.38999938964844,200.06881713867188,39.273521423339844,24.268104553222656,107.46757507324219,66.98629760742188,36.09158706665039,5537.02001953125
2024-07-05,224.3961639404297,461.3226013183594,125.76935577392578,251.52000427246094,197.41783142089844,38.803009033203125,24.57474136352539,106.16590881347656,68.75323486328125,36.223243713378906,5567.18994140625
2024-07-08,225.86346435546875,460.020263671875,128.13819885253906,252.94000244140625,197.78414916992188,39.00465393066406,24.46961212158203,105.051513671875,68.39984130859375,36.45144271850586,5572.85009765625
2024-07-09,226.71607971191406,453.40960693359375,131.3166961669922,262.3299865722656,200.15560913085938,39.7728385925293,24.285625457763672,103.89031982421875,68.6158218383789,36.24956512451172,5576.97998046875
2024-07-10,230.97915649414062,460.0301208496094,134.84500122070312,263.260009765625,200.31947326660156,40.08011245727539,24.83757209777832,104.80803680419922,69.11643981933594,36.646549224853516,5633.91015625
2024-07-11,225.61563110351562,448.6341857910156,127.3386001586914,241.02999877929688,199.98207092285156,40.14733123779297,25.109167098999023,106.05352783203125,68.51764678955078,36.842803955078125,5584.5400390625
2024-07-12,228.5601043701172,447.4995422363281,129.177734375,248.22999572753906,197.5624237060547,39.93608093261719,25.33695411682129,106.0722427368164,67.96793365478516,36.95877456665039,5615.35009765625
2024-07-15,232.38693237304688,447.904052734375,128.3780975341797,252.63999938964844,202.4884796142578,40.224151611328125,25.494651794433594,107.88897705078125,68.33112335205078,36.387840270996094,5631.22021484375
2024-07-16,232.80335998535156,443.5232849121094,126.29911041259766,256.55999755859375,205.92994689941406,42.37507247924805,25.845094680786133,108.6662368774414,68.70413970947266,36.976619720458984,5667.2001953125
2024-07-17,226.9143829345703,437.60333251953125,117.9331283569336,248.5,209.06297302246094,42.23103332519531,26.309432983398438,110.16455841064453,69.72505187988281,37.4940185546875,5588.27001953125
2024-07-18,222.25473022460938,434.495361328125,121.03163146972656,249.22999572753906,202.42098999023438,41.29961395263672,26.02907371520996,111.2508544921875,69.5188980102539,37.52970504760742,5544.58984375
2024-07-19,222.3836212158203,431.2788391113281,117.8731689453125,239.1999969482422,202.22817993164062,41.193992614746094,26.25686264038086,108.69432067871094,69.45018768310547,37.128265380859375,5505.0
2024-07-22,222.03663635253906,437.03106689453125,123.48046112060547,251.50999450683594,202.710205078125,40.61784362792969,25.93270492553711,107.94515228271484,69.08698272705078,34.87131118774414,5564.41015625
2024-07-23,223.0775909423828,438.9156188964844,122.53091430664062,246.3800048828125,202.75839233398438,40.723472595214844,25.845094680786133,106.20335388183594,69.3520278930664,34.69289779663086,5555.740234375
2024-07-24,216.66314697265625,423.17840576171875,114.1949462890625,215.99000549316406,201.08102416992188,40.51222229003906,26.2656192779541,107.7016830444336,69.30294036865234,35.38872146606445,5427.1298828125
2024-07-25,215.62217712402344,412.8183898925781,112.22589874267578,220.25,201.15814208984375,40.02250289916992,26.440845489501953,109.96791076660156,68.73359680175781,35.63849639892578,5399.22021484375
2024-07-26,216.08816528320312,419.5968017578125,113.00550842285156,219.8000030517578,204.59963989257812,40.01289749145508,27.338199615478516,109.874267578125,68.49800109863281,35.76339340209961,5459.10009765625
2024-07-29,216.36573791503906,421.03729248046875,111.53621673583984,232.10000610351562,203.2596893310547,39.45595932006836,27.293773651123047,108.72242736816406,68.34095001220703,35.70986557006836,5463.5400390625
2024-07-30,216.92092895507812,417.27813720703125,103.68000793457031,222.6199951171875,207.4434356689453,39.63840866088867,27.889049530029297,110.66088104248047,67.9188461303711,35.71879196166992,5436.43994140625
2024-07-31,220.17276000976562,412.7691345214844,116.9636001586914,232.07000732421875,205.1394805908203,38.70698165893555,27.13385009765625,111.05419158935547,67.37895202636719,36.1469841003418,5522.2998046875
2024-08-01,216.48472595214844,411.545654296875,109.15736389160156,216.86000061035156,200.47373962402344,37.92919158935547,27.23158073425293,109.5184097290039,68.50782775878906,36.44136428833008,5446.68017578125
2024-08-02,217.9718475341797,403.0406494140625,107.21829986572266,207.6699981689453,191.97120666503906,36.085548400878906,27.036121368408203,109.4528579711914,67.20225524902344,36.54841995239258,5346.56005859375
2024-08-05,207.47279357910156,389.87860107421875,100.40158081054688,198.8800048828125,187.8838653564453,35.19253158569336,26.423076629638672,107.47693634033203,66.34825134277344,35.50468444824219,5186.330078125
2024-08-06,205.45030212402344,394.27911376953125,104.19976043701172,200.63999938964844,193.12802124023438,35.451786041259766,26.049917221069336,106.90570068359375,66.49549102783203,35.915042877197266,5240.02978515625
2024-08-07,208.01808166503906,393.1148986816406,98.8623275756836,191.75999450683594,193.18585205078125,35.81668472290039,25.632339477539062,108.32911682128906,65.68074035644531,35.93288040161133,5199.5
2024-08-08,211.47808837890625,397.31805419921875,104.91941833496094,198.83999633789062,196.71409606933594,36.69049072265625,25.55237579345703,110.398681640625,66.41695404052734,36.1469841003418,5319.31005859375
2024-08-09,214.3829345703125,400.6036071777344,104.69951629638672,200.0,198.39146423339844,36.75770568847656,25.365798950195312,111.29768371582031,66.70162963867188,36.3521614074707,5344.16015625
2024-08-12,215.9114532470703,401.3830871582031,108.96746063232422,197.49000549316406,198.7674560546875,36.6520881652832,25.27695083618164,111.43814086914062,67.43783569335938,36.15589904785156,5344.39013671875
2024-08-13,219.6236572265625,408.48699951171875,116.08402252197266,207.8300018310547,200.4544219970703,36.93054962158203,25.632339477539062,110.37059020996094,66.8783187866211,36.37892150878906,5434.43017578125
2024-08-14,220.07028198242188,411.2989807128906,118.02310943603516,201.3800048828125,202.67164611816406,37.26663589477539,25.658992767333984,111.39131164550781,67.3985824584961,36.4859733581543,5455.2099609375
2024-08-15,223.04798889160156,416.162109375,122.80078887939453,214.13999938964844,203.9344940185547,37.47788619995117,25.507953643798828,112.08042907714844,71.83554077148438,35.71879196166992,5543.22021484375
2024-08-16,224.36807250976562,413.6317138671875,124.51996612548828,216.1199951171875,206.26736450195312,37.77555847167969,25.143680572509766,111.55179595947266,72.30609893798828,36.22727584838867,5554.25
2024-08-19,224.2092742919922,416.65631103515625,129.93736267089844,222.72000122070312,207.694091796875,38.092430114746094,25.587913513183594,111.89163970947266,72.5718994140625,36.34324264526367,5608.25
2024-08-20,224.82464599609375,419.8885192871094,127.18867492675781,221.10000610351562,206.79754638671875,37.15140914916992,25.676761627197266,108.1628646850586,73.37911987304688,36.44136428833008,5597.1201171875
2024-08-21,224.7154541015625,419.2361755371094,128.4380645751953,223.27000427246094,206.87466430664062,37.20901870727539,25.79226303100586,107.47373962402344,74.0682144165039,36.619781494140625,5620.85009765625
2024-08-22,222.85939025878906,410.7454528808594,123.68035888671875,210.66000366210938,208.8316192626953,37.679534912109375,25.570146560668945,108.30445861816406,74.4029312133789,36.459205627441406,5570.64013671875
2024-08-23,225.15219116210938,411.97113037109375,129.30763244628906,220.32000732421875,210.45114135742188,38.18845748901367,25.676761627197266,109.8053970336914,74.52105712890625,36.762516021728516,5634.60986328125
2024-08-26,225.48965454101562,408.709228515625,126.39905548095703,213.2100067138672,211.28016662597656,38.332489013671875,25.69453239440918,112.15595245361328,74.84591674804688,37.01229476928711,5616.83984375
2024-08-27,226.33335876464844,409.0552673339844,128.23817443847656,209.2100067138672,212.25379943847656,38.092430114746094,25.60568618774414,111.0892333984375,74.9443588256836,36.976619720458984,5625.7998046875
2024-08-28,224.8048095703125,405.85272216796875,125.54946899414062,205.75,213.3238525390625,38.36130142211914,25.54349136352539,109.99420928955078,74.8951416015625,37.01229476928711,5592.18017578125
2024-08-29,228.0802459716797,408.3435363769531,117.5333251953125,206.27999877929688,214.21075439453125,38.572547912597656,25.516836166381836,111.51403045654297,75.2298355102539,36.79820251464844,5591.9599609375
2024-08-30,227.29611206054688,412.3171081542969,119.31246948242188,214.11000061035156,216.70750427246094,39.129486083984375,25.77449607849121,111.33468627929688,76.02722930908203,37.27100372314453,5648.39990234375
2024-09-03,221.11248779296875,404.70611572265625,107.94795227050781,210.60000610351562,212.36949157714844,39.08147430419922,25.143680572509766,109.00301361083984,75.96817016601562,38.29689025878906,5528.93017578125
2024-09-04,219.20677185058594,404.17236328125,106.15882110595703,219.41000366210938,211.43438720703125,38.88942337036133,25.223642349243164,107.67198181152344,76.03707885742188,37.003379821777344,5520.06982421875
2024-09-05,220.72537231445312,403.6682434082031,107.15834045410156,230.1699981689453,209.79562377929688,38.543739318847656,25.330259323120117,106.83183288574219,75.76143646240234,36.85173034667969,5503.41015625
2024-09-06,219.177001953125,397.0556335449219,102.78044128417969,210.72999572753906,204.8117218017578,37.46126937866211,25.37468147277832,106.33151245117188,75.44641876220703,36.70899200439453,5408.419921875
2024-09-09,219.2663116455078,401.0291442871094,106.41868591308594,216.27000427246094,209.005126953125,38.147483825683594,26.1298828125,108.56877136230469,76.13551330566406,38.11846923828125,5471.0498046875
2024-09-10,218.47227478027344,409.4111022949219,108.04788970947266,226.1699981689453,198.1601104736328,37.963844299316406,26.423076629638672,104.61344146728516,77.58263397216797,38.939186096191406,5495.52001953125
2024-09-11,221.00331115722656,418.1488952636719,116.8536605834961,228.1300048828125,199.77000427246094,37.69322967529297,26.35199737548828,103.57504272460938,77.6121597290039,39.072994232177734,5554.1298828125
2024-09-12,221.11248779296875,422.0630798339844,119.0927734375,229.80999755859375,199.16268920898438,37.48059844970703,25.90776252746582,105.00048065185547,78.41937255859375,39.126522064208984,5595.759765625
2024-09-13,220.844482421875,425.611572265625,119.05277252197266,230.2899932861328,196.9647674560547,37.354957580566406,26.005495071411133,104.92496490478516,79.3447494506836,39.63500213623047,5626.02001953125
2024-09-16,214.71046447753906,426.3529052734375,116.73369598388672,226.77999877929688,200.37733459472656,37.78988265991211,26.716270446777344,106.3975830078125,79.30535888671875,40.14348602294922,5633.08984375
2024-09-17,215.17697143554688,430.1188659667969,115.54417419433594,227.8699951171875,201.71726989746094,38.22480010986328,26.50303840637207,107.78526306152344,77.37589263916016,39.32278060913086,5634.580078125
2024-09-18,219.0479736328125,425.8290100097656,113.32505798339844,227.1999969482422,200.0592041015625,38.29245376586914,26.431961059570312,108.1628646850586,77.79918670654297,39.14436340332031,5618.259765625
2024-09-19,227.1670684814453,433.617919921875,117.8232650756836,243.9199981689453,202.90301513671875,39.500572204589844,26.35199737548828,109.50333404541016,76.82461547851562,39.1978874206543,5713.64013671875
2024-09-20,226.5020751953125,430.2374572753906,115.95401763916016,238.25,203.4910430908203,38.920677185058594,26.138765335083008,108.81421661376953,77.82872009277344,39.54580307006836,5702.5498046875
2024-09-23,224.78492736816406,428.497802734375,116.21391296386719,250.0,203.82843017578125,38.534080505371094,26.041032791137695,110.78716278076172,79.07894897460938,39.48334884643555,5718.56982421875
2024-09-24,225.67823791503906,424.2080078125,120.82208251953125,254.27000427246094,203.97305297851562,38.128150939941406,26.2098445892334,110.49453735351562,79.41365814208984,39.84019088745117,5732.93017578125
2024-09-25,224.6856689453125,427.114013671875,123.4610366821289,257.0199890136719,202.62344360351562,37.93485641479492,25.70341682434082,108.34221649169922,80.13229370117188,39.74205780029297,5722.259765625
2024-09-26,225.82713317871094,426.3232421875,123.99082946777344,254.22000122070312,202.22817993164062,38.19580841064453,25.738956451416016,106.48255157470703,78.67533874511719,39.804500579833984,5745.3701171875
2024-09-27,226.09510803222656,423.0712890625,121.35187530517578,260.4599914550781,202.9222869873047,38.079830169677734,25.84556770324707,109.33341217041016,78.53752136230469,40.04536056518555,5738.169921875
2024-09-30,231.266357421875,425.324951171875,121.39186096191406,261.6300048828125,203.26930236816406,38.35044479370117,25.71230125427246,110.6550064086914,79.49241638183594,40.063201904296875,5762.47998046875
2024-10-01,224.52688598632812,415.8260192871094,116.95361328125,258.0199890136719,199.58680725097656,37.905860900878906,25.472412109375,113.21322631835938,80.00430297851562,40.33082580566406,5708.75
2024-10-02,225.09263610839844,412.3072204589844,118.80288696289062,249.02000427246094,199.8278350830078,37.91551971435547,25.419103622436523,114.71417236328125,79.17739868164062,40.18809509277344,5709.5400390625
2024-10-03,223.9908905029297,411.7240295410156,122.80130004882812,240.66000366210938,197.84197998046875,37.93485641479492,25.179218292236328,115.71481323242188,79.17739868164062,39.715293884277344,5699.93994140625
2024-10-04,225.11251831054688,411.24957275390625,124.87047576904297,250.0800018310547,204.86412048339844,38.76603698730469,25.3924503326416,117.83879852294922,79.67945861816406,39.411983489990234,5751.06982421875
2024-10-07,220.04049682617188,404.8049621582031,127.66937255859375,240.8300018310547,204.5828399658203,38.621063232421875,25.94330406188965,118.34855651855469,77.86811065673828,39.108680725097656,5695.93994140625
2024-10-08,224.0901336669922,409.9151916503906,132.83731079101562,244.5,204.4082794189453,38.59206771850586,25.9255313873291,115.20504760742188,78.4686050415039,39.26033401489258,5751.1298828125
2024-10-09,227.8320770263672,412.6333923339844,132.59742736816406,241.0500030517578,206.9979248046875,38.84335708618164,26.822885513305664,115.25225830078125,79.14786529541016,39.349544525146484,5792.0400390625
2024-10-10,227.3358154296875,411.0321044921875,134.75656127929688,238.77000427246094,206.43536376953125,38.63072967529297,26.06768798828125,116.24344635009766,78.37017822265625,38.912845611572266,5780.0498046875
2024-10-11,225.85691833496094,411.5065612792969,134.74656677246094,217.8000030517578,215.60101318359375,40.54439163208008,25.90776252746582,116.68712615966797,78.85253143310547,38.95814895629883,5815.02978515625
2024-10-14,229.57901000976562,414.2939758300781,138.01527404785156,219.16000366210938,214.8153839111328,40.5057258605957,25.836687088012695,117.13080596923828,79.03958129882812,39.130287170410156,5859.85009765625
2024-10-15,232.11004638671875,413.8985595703125,131.54783630371094,219.57000732421875,215.697998046875,40.72801971435547,26.15653419494629,113.60970306396484,80.37840270996094,39.62858963012695,5815.259765625
2024-10-16,230.05545043945312,411.3088684082031,135.6662139892578,221.3300018310547,216.910400390625,41.36589813232422,26.360883712768555,113.90235137939453,79.955078125,39.78261184692383,5842.47021484375
2024-10-17,230.42266845703125,411.9019470214844,136.87571716308594,220.88999938964844,217.6669158935547,41.172607421875,26.005495071411133,113.60970306396484,79.63021850585938,39.728248596191406,5841.47021484375
2024-10-18,233.25148010253906,413.3253173828125,137.94529724121094,220.6999969482422,218.58831787109375,40.90198516845703,25.961069107055664,113.28874969482422,80.04368591308594,39.85509490966797,5864.669921875
2024-10-21,234.72047424316406,413.93817138671875,143.6530303955078,218.85000610351562,216.2896270751953,40.360748291015625,25.70341682434082,113.35482788085938,79.55147552490234,39.592350006103516,5853.97998046875
2024-10-22,234.10508728027344,422.56719970703125,143.53309631347656,217.97000122070312,217.37594604492188,40.88265609741211,25.623455047607422,113.94009399414062,80.74262237548828,37.599143981933594,5851.2001953125
2024-10-23,229.0430145263672,419.6908264160156,139.50466918945312,213.64999389648438,216.6873016357422,40.92131423950195,25.641223907470703,113.53417205810547,81.9731674194336,38.83130645751953,5797.419921875
2024-10-24,228.8544464111328,419.8193359375,140.35433959960938,260.4800109863281,218.21005249023438,41.22093200683594,25.445758819580078,112.89227294921875,81.74674224853516,37.92530059814453,5809.85986328125
2024-10-25,229.68821716308594,423.1997985839844,141.48388671875,269.19000244140625,215.62042236328125,40.48639678955078,25.27695083618164,112.79786682128906,81.2249984741211,37.49042510986328,5808.1201171875
2024-10-28,231.66336059570312,421.6578369140625,140.46429443359375,262.510009765625,218.71441650390625,41.191932678222656,25.641223907470703,112.24091339111328,81.46125793457031,37.70785903930664,5823.52001953125
2024-10-29,231.93136596679688,426.95587158203125,141.19400024414062,259.5199890136719,216.1926727294922,41.104949951171875,25.28583335876465,110.71163940429688,80.4276123046875,37.445125579833984,5832.919921875
2024-10-30,228.38792419433594,427.5291442871094,139.28475952148438,257.54998779296875,217.6572265625,40.89232635498047,25.339143753051758,110.15469360351562,80.12244415283203,37.39982604980469,5813.669921875
2024-10-31,224.22911071777344,401.65185546875,132.70738220214844,249.85000610351562,215.2421417236328,40.418739318847656,25.143680572509766,110.23963928222656,80.67371368408203,38.169921875,5705.4501953125
2024-11-01,221.25143432617188,405.6253662109375,135.34632873535156,248.97999572753906,216.2314453125,40.360748291015625,24.95709991455078,108.51213073730469,80.90999603271484,37.4723014831543,5728.7998046875
2024-11-04,220.35813903808594,403.7373962402344,135.99606323242188,242.83999633789062,213.1665496826172,39.94516372680664,24.66390609741211,111.96715545654297,81.16593170166016,37.200504302978516,5712.68994140625
2024-11-05,221.7873992919922,406.7027587890625,139.8545379638672,251.44000244140625,214.82508850097656,40.47673034667969,24.868253707885742,112.29755401611328,82.37678527832031,37.3817024230957,5782.759765625
2024-11-06,221.0628662109375,415.3219299316406,145.55227661132812,288.5299987792969,239.62564086914062,43.888450622558594,24.30851936340332,114.22329711914062,82.14051818847656,37.291099548339844,5929.0400390625
2024-11-07,225.7874298095703,420.51123046875,148.8209991455078,296.9100036621094,229.26702880859375,43.2698974609375,24.397363662719727,114.36489868164062,82.54412841796875,36.756561279296875,5973.10009765625
2024-11-08,225.51914978027344,417.6546936035156,147.5714569091797,321.2200012207031,229.84896850585938,43.61783218383789,24.108638763427734,114.32714080810547,83.50886535644531,36.67502212524414,5995.5400390625
2024-11-11,222.8064727783203,413.17706298828125,145.20240783691406,350.0,232.0894775390625,44.5359992980957,23.675548553466797,113.72298431396484,82.89852142333984,36.63877868652344,6001.35009765625
2024-11-12,222.8064727783203,418.13897705078125,148.23118591308594,328.489990234375,232.35134887695312,44.32337188720703,23.63043785095215,113.60970306396484,83.66636657714844,36.6025390625,5983.990234375
2024-11-13,223.69082641601562,420.2839050292969,146.21200561523438,330.239990234375,233.9031982421875,44.33303451538086,24.108638763427734,114.66698455810547,84.1684341430664,37.27298355102539,5985.3798828125
2024-11-14,226.77114868164062,421.9543762207031,146.70181274414062,311.17999267578125,234.59182739257812,44.36203384399414,23.477052688598633,114.74312591552734,83.15447998046875,37.028358459472656,5949.169921875
2024-11-15,223.57159423828125,410.20184326171875,141.9237060546875,320.7200012207031,237.92831420898438,45.183555603027344,22.37628173828125,113.55343627929688,82.93790435791016,37.735050201416016,5870.6201171875
2024-11-18,226.57241821289062,410.95306396484375,140.09442138671875,338.739990234375,237.65675354003906,45.15455627441406,22.430418014526367,114.50518035888672,82.77055358886719,38.278648376464844,5893.6201171875
2024-11-19,226.8307647705078,412.9595642089844,146.95172119140625,346.0,235.77513122558594,44.854942321777344,22.646963119506836,112.9062271118164,85.25130462646484,37.98871994018555,5916.97998046875
2024-11-20,227.5461883544922,410.68609619140625,145.83216857910156,342.0299987792969,233.5346221923828,44.51667404174805,22.502601623535156,114.51469421386719,85.822265625,38.25146484375,5917.10986328125
2024-11-21,227.06924438476562,408.9132995605469,146.6118621826172,339.6400146484375,237.39483642578125,44.90326690673828,22.674028396606445,116.0470199584961,87.01342010498047,38.50514221191406,5948.7099609375
2024-11-22,228.41065979003906,413.00372314453125,141.89373779296875,352.55999755859375,241.07081604003906,45.425174713134766,23.143211364746094,115.91376495361328,89.031494140625,39.09404754638672,5969.33984375
2024-11-25,231.3916473388672,414.776611328125,135.96609497070312,338.5899963378906,242.7584686279297,45.90842056274414,23.612390518188477,114.18158721923828,88.10613250732422,39.846031188964844,5987.3701171875
2024-11-26,233.56771850585938,423.8883972167969,136.86572265625,338.2300109863281,242.44808959960938,46.15004348754883,23.251483917236328,112.27809143066406,89.88795471191406,40.199371337890625,6021.6298828125
2024-11-27,233.4385528564453,418.9363098144531,135.2863311767578,332.8900146484375,242.27349853515625,46.16937255859375,23.305618286132812,111.98303985595703,90.4490737915039,40.208431243896484,5998.740234375
2024-11-29,235.82333374023438,419.40185546875,138.19520568847656,345.1600036621094,242.2056121826172,45.918087005615234,23.648481369018555,112.26856994628906,91.05941009521484,40.17219543457031,6032.3798828125
2024-12-02,238.06895446777344,426.8497619628906,138.57504272460938,357.0899963378906,238.84002685546875,45.463836669921875,23.296598434448242,112.16387939453125,91.19722747802734,39.728248596191406,6047.14990234375
2024-12-03,241.1095428466797,427.06768798828125,140.20440673828125,351.4200134277344,237.45306396484375,45.25120162963867,23.062007904052734,111.99256134033203,92.0536880493164,39.71013259887695,6049.8798828125
2024-12-04,241.46725463867188,433.22802734375,145.0824737548828,357.92999267578125,236.07577514648438,44.8162841796875,22.764257431030273,108.76612854003906,92.97903442382812,38.52326965332031,6086.490234375
2024-12-05,241.49705505371094,438.37823486328125,145.01248168945312,369.489990234375,238.09320068359375,45.425174713134766,23.188323974609375,109.24198913574219,93.8158187866211,38.550445556640625,6075.10986328125
2024-12-06,241.29832458496094,439.3191223144531,142.3933563232422,389.2200012207031,239.91664123535156,45.43489456176758,23.21539306640625,108.09038543701172,94.2095718383789,38.387367248535156,6090.27001953125
2024-12-09,245.18350219726562,441.7456359863281,138.7645263671875,389.7900085449219,236.4734649658203,44.61852264404297,23.549232482910156,107.45270538330078,92.36870574951172,38.37830352783203,6052.85009765625
2024-12-10,246.19703674316406,439.0813903808594,135.0257568359375,400.989990234375,235.5520477294922,44.4630241394043,23.071029663085938,107.23379516601562,93.07749938964844,38.32394790649414,6034.91015625
2024-12-11,244.92518615722656,444.6871643066406,139.2643585205078,424.7699890136719,236.20187377929688,44.78374099731445,22.764257431030273,106.51998901367188,93.4811019897461,38.043087005615234,6084.18994140625
2024-12-12,246.38583374023438,445.2516784667969,137.29501342773438,418.1000061035156,234.26205444335938,44.78374099731445,22.89057731628418,106.4248046875,92.62464904785156,38.12462615966797,6051.25
2024-12-13,246.5547332763672,442.983642578125,134.20602416992188,436.2300109863281,232.71990966796875,44.385276794433594,23.08005142211914,105.49209594726562,92.98773193359375,38.305824279785156,6051.08984375
2024-12-16,249.44627380371094,447.26226806640625,131.9567413330078,463.0199890136719,232.3707275390625,44.19090270996094,22.782304763793945,103.2364501953125,93.59942626953125,37.03742980957031,6074.080078125
2024-12-17,251.87078857421875,450.104736328125,130.3472900390625,479.8599853515625,231.18746948242188,43.78271484375,23.846981048583984,102.79864501953125,94.14205932617188,36.94681930541992,6050.60986328125
2024-12-18,246.47525024414062,433.1983337402344,128.86778259277344,440.1300048828125,223.4378662109375,42.27631378173828,23.359758377075195,101.28535461425781,92.29710388183594,36.45758056640625,5872.16015625
2024-12-19,248.20419311523438,432.841796875,130.6371612548828,436.1700134277344,225.949951171875,42.159690856933594,23.251483917236328,100.41926574707031,92.14912414550781,36.21295928955078,5867.080078125
2024-12-20,252.8743896484375,432.4159240722656,134.65586853027344,421.05999755859375,230.4503173828125,42.92746353149414,23.78382110595703,100.76189422607422,91.00464630126953,36.176719665527344,5930.85009765625
2024-12-23,253.64942932128906,431.0788879394531,139.62425231933594,430.6000061035156,231.216552734375,42.65534591674805,24.0996150970459,101.171142578125,89.13996887207031,36.18577194213867,5974.06982421875
2024-12-24,256.5608215332031,435.1197509765625,140.174072265625,462.2799987792969,235.01858520507812,43.131568908691406,24.126684188842773,101.26631927490234,91.43875885009766,36.058937072753906,6040.0400390625
2024-12-26,257.37554931640625,433.9114074707031,139.88417053222656,454.1300048828125,235.82362365722656,43.296783447265625,23.964275360107422,101.35198211669922,91.54728698730469,36.20389938354492,6037.58984375
2024-12-27,253.96737670898438,426.404052734375,136.96511840820312,431.6600036621094,233.91287231445312,43.09268569946289,24.018413543701172,101.34247589111328,90.43241882324219,36.16765213012695,5970.83984375
2024-12-30,250.59890747070312,420.7586975097656,137.4449462890625,417.4100036621094,232.11856079101562,42.67478561401367,23.837961196899414,100.6572036743164,89.35700988769531,35.87773513793945,5906.93994140625
2024-12-31,248.83021545410156,417.4606018066406,134.2460174560547,403.8399963378906,232.49684143066406,42.71365737915039,23.937210083007812,102.37986755371094,89.13996887207031,36.2310791015625,5881.6298828125
